Name, SSN,Credit Card Number
Francoise Rautenstrauch,489-36-8350,4929-3813-3266-4295
Kendra Loud,514-14-8905,5370-4638-8881-3020
Lourdes Bauswell,690-05-5315,4916-4811-5814-8111
Hannah Edmison,421-37-1396,4916-4034-9269-8783
Tom Loeza,458-02-6124,5299-1561-5689-1938
Queenie Kramarczyk,612-20-6832,5293-8502-0071-3058
Hui Portaro,300-62-3266,5548-0246-6336-5664
Josefa Opitz,660-03-8360,4539-5385-7425-5825
Lea Steinhaus,213-46-8915,4916-9766-5240-6147
Paola Vielma,449-48-3135,4556-0072-1294-7415
Hortencia Bresser,559-81-1301,4532-4220-6922-9909
Leanna Tijerina,322-84-2281,4916-6734-7572-5015
Danilo Pride,646-44-9061,5218-0144-2703-9266
Huey Marcille,465-73-5022,5399-0706-4128-0178
Apolonia Warne,044-34-6954,5144-8691-2776-1108
Chandra Lagos,477-36-0282,5527-1247-5046-7780
Crissy Pacholec,421-90-3440,4539-0031-3703-0728
Gianna Branin,524-02-7657,5180-3807-3679-8221
Valentin Billa,205-52-0027,5413-4428-0145-0036
Ilona Dudash,587-03-2682,4532-9929-3036-9308
Willard Lablanc,687-05-8365,5495-8602-4508-6804
Lauryn Randol,751-01-2327,5325-3256-9519-6624
Laurena Begin,624-84-9181,4532-0065-1968-5602
Elise Michelle,514-30-2668,5325-3256-9519-6624
Corrie Kardell,451-80-3526,4716-6984-4983-6160
Kimberely Rabuse,404-12-2154,4539-8219-0484-7598
Tish Violett,505-88-5714,5325-3256-9519-6624
Hollis Stanfield,461-97-5660,4532-1753-6071-1112
Andree Christmann,172-32-1176,5270-4267-6450-5516
Lyla Fucillo,151-32-2558,5252-5971-4219-4116
Felton Yafuso,489-36-8351,4929-3813-3266-4296
Dell Polino,514-14-8906,5370-4638-8881-3021
Nohemi Leko,690-05-5316,4916-4811-5814-8112
Tambra Lembke,421-37-1397,4916-4034-9269-8784
Vicki Maikoksoong,458-02-6125,5299-1561-5689-1939
Renato Airhart,612-20-6833,5293-8502-0071-3059
Lenita Darbro,300-62-3267,5548-0246-6336-5665
Barney Hagen,660-03-8361,4539-5385-7425-5826
Matthew Armacost,213-46-8916,4916-9766-5240-6148
Belen Nelton,449-48-3136,4929-3813-3266-4296
Iesha Wardle,559-81-1302,5370-4638-8881-3021
Francesco Sarchet,322-84-2282,4916-4811-5814-8112
Paulene Rhule,646-44-9062,4916-4034-9269-8784
Carole Hughlett,465-73-5023,5299-1561-5689-1939
Miss Dunning,044-34-6955,5293-8502-0071-3059
Elfrieda Hinsch,477-36-0283,5548-0246-6336-5665
Edelmira Calzado,421-90-3441,4539-5385-7425-5826
Jaime Wasurick,524-02-7658,4916-9766-5240-6148
Lera Hua,205-52-0028,4556-0072-1294-7416
Jame Mastro,587-03-2683,4532-4220-6922-9910
Jillian Hailstone,687-05-8366,4916-6734-7572-5016
Louis Zarling,751-01-2328,5218-0144-2703-9267
Emmett Mcshaw,624-84-9182,5399-0706-4128-0179
Tammy Sams,514-30-2669,5144-8691-2776-1109
Willis Wylie,451-80-3527,5527-1247-5046-7781
Maxima Brzozowski,404-12-2155,4539-0031-3703-0729
Boris Latif,505-88-5715,5180-3807-3679-8222
Salina Knavel,461-97-5661,5413-4428-0145-0037
Justa Dini,172-32-1177,4532-9929-3036-9309
Amalia Wolfgang,151-32-2559,5495-8602-4508-6805
Felix Tutterrow,489-36-8352,5325-3256-9519-6625
Eura Mcglocklin,514-14-8907,4532-0065-1968-5603
Lang Heuring,690-05-5317,5325-3256-9519-6625
Agustin Lakatos,421-37-1398,4716-6984-4983-6161
Jaime Lowrance,458-02-6126,4539-8219-0484-7599
Carman Gudiel,612-20-6834,5325-3256-9519-6625
Argelia Hofbauer,300-62-3268,4532-1753-6071-1113
Mammie Cisney,660-03-8362,5270-4267-6450-5517
Rashad Menino,213-46-8917,5252-5971-4219-4117
Janna Bastain,449-48-3137,4929-3813-3266-4297
Callie Neikirk,559-81-1303,5370-4638-8881-3022
Coral Helmcamp,322-84-2283,4916-4811-5814-8113
Xenia Mushero,646-44-9063,4916-4034-9269-8785
Adelle Nitcher,465-73-5024,5299-1561-5689-1940
Hildegarde Wehrwein,044-34-6956,5293-8502-0071-3060
Phuong Sugai,477-36-0284,5548-0246-6336-5666
Leontine Lafoy,421-90-3442,4539-5385-7425-5827
Darell Mcalarney,524-02-7659,4916-9766-5240-6149
Madonna Landman,205-52-0029,4929-3813-3266-4297
Chuck Berggren,587-03-2684,5370-4638-8881-3022
Gregg Epperheimer,687-05-8367,4916-4811-5814-8113
Yan Bubrig,751-01-2329,4916-4034-9269-8785
Stephanie Garlett,624-84-9183,5299-1561-5689-1940
Alberto Stenquist,514-30-2670,5293-8502-0071-3060
Wayne Shivers,451-80-3528,5548-0246-6336-5666
Kristal Bothe,404-12-2156,4539-5385-7425-5827
Florencia Stadel,505-88-5716,4916-9766-5240-6149
Darrin Tumolillo,461-97-5662,4556-0072-1294-7417
Freeman Rudig,172-32-1178,4532-4220-6922-9911
Lazaro Mollison,151-32-2560,4916-6734-7572-5017
Ellsworth Rieg,489-36-8353,5218-0144-2703-9268
Brinda Mrkvicka,514-14-8908,5399-0706-4128-0180
Florinda Mackedanz,690-05-5318,5144-8691-2776-1110
Nadine Swartzbeck,421-37-1399,5527-1247-5046-7782
Arlette Torchio,458-02-6127,4539-0031-3703-0730
Adolph Krivanec,612-20-6835,5180-3807-3679-8223
Georgiana Colbath,300-62-3269,5413-4428-0145-0038
Rana Lehn,660-03-8363,4532-9929-3036-9310
Chi Morgan,213-46-8918,5495-8602-4508-6806
Starr Prothro,449-48-3138,5325-3256-9519-6626
Glennis Roseum,559-81-1304,4532-0065-1968-5604
Thea Petermeier,322-84-2284,5325-3256-9519-6626
Rosalind Persechino,646-44-9064,4716-6984-4983-6162
Shenika Tapian,465-73-5025,4539-8219-0484-7600
Veta Vandeberg,044-34-6957,5325-3256-9519-6626
Herschel Geneseo,477-36-0285,4532-1753-6071-1114
Dianne Tomasic,421-90-3443,5270-4267-6450-5518
Micah Gerten,524-02-7660,5252-5971-4219-4118
Kaycee Alaibilla,205-52-0030,4929-3813-3266-4298
Tesha Brang,587-03-2685,5370-4638-8881-3023
Marya Chhour,687-05-8368,4916-4811-5814-8114
Ronnie Kettelle,751-01-2330,4916-4034-9269-8786
Mabel Fower,624-84-9184,5299-1561-5689-1941
Harley Works,514-30-2671,5293-8502-0071-3061
Joye Nedman,451-80-3529,5548-0246-6336-5667
Luisa Harnish,404-12-2157,4539-5385-7425-5828
Stacey Lortz,505-88-5717,4916-9766-5240-6150
Reyes Mesmer,461-97-5663,4929-3813-3266-4298
Avery Demus,172-32-1179,5370-4638-8881-3023
Colby Scotts,151-32-2561,4916-4811-5814-8114
Afton Wrinkle,489-36-8354,4916-4034-9269-8786
India Sifford,514-14-8909,5299-1561-5689-1941
Brunilda Coin,690-05-5319,5293-8502-0071-3061
Jenifer Emanuel,421-37-1400,5548-0246-6336-5667
Makeda Nosis,458-02-6128,4539-5385-7425-5828
Vivan Oppy,612-20-6836,4916-9766-5240-6150
Eric Gazzola,300-62-3270,4556-0072-1294-7418
Thersa Davirro,660-03-8364,4532-4220-6922-9912
Mindy Presnal,213-46-8919,4916-6734-7572-5018
Luis Metzner,449-48-3139,5218-0144-2703-9269
Dawne Mcloud,559-81-1305,5399-0706-4128-0181
Karrie Kinikini,322-84-2285,5144-8691-2776-1111
Mozelle Hermon,646-44-9065,5527-1247-5046-7783
Mila Hair,465-73-5026,4539-0031-3703-0731
Gilma Jefferys,044-34-6958,5180-3807-3679-8224
Armanda Mcduffie,477-36-0286,5413-4428-0145-0039
Vonda Normandeau,421-90-3444,4532-9929-3036-9311
Truman Mondale,524-02-7661,5495-8602-4508-6807
Elvis Tenuta,205-52-0031,5325-3256-9519-6627
Loise Dedaj,587-03-2686,4532-0065-1968-5605
Jannette Pedder,687-05-8369,5325-3256-9519-6627
Margo Rand,751-01-2331,4716-6984-4983-6163
Dahlia Benett,624-84-9185,4539-8219-0484-7601
Dominga Mckeon,514-30-2672,5325-3256-9519-6627
Hollis Keomuangtai,451-80-3530,4532-1753-6071-1115
Carry Ziller,404-12-2158,5270-4267-6450-5519
Bong Fears,505-88-5718,5252-5971-4219-4119
Yolande Staiano,461-97-5664,4929-3813-3266-4299
Lottie Hegdahl,172-32-1180,5370-4638-8881-3024
Jose Kylish,151-32-2562,4916-4811-5814-8115
Tuyet Abramovitz,489-36-8355,4916-4034-9269-8787
Pearline Provenzano,514-14-8910,5299-1561-5689-1942
Robt Hankison,690-05-5320,5293-8502-0071-3062
Shawnee Kesten,421-37-1401,5548-0246-6336-5668
Lacresha Quinones,458-02-6129,4539-5385-7425-5829
Basilia Vinroe,612-20-6837,4916-9766-5240-6151
Aleisha Areizaga,300-62-3271,4929-3813-3266-4299
Frank Tryninewski,660-03-8365,5370-4638-8881-3024
Ria Steinhorst,213-46-8920,4916-4811-5814-8115
Carla Kallenberger,449-48-3140,4916-4034-9269-8787
Lashanda Skahan,559-81-1306,5299-1561-5689-1942
Jarod Catalina,322-84-2286,5293-8502-0071-3062
Leoma Rabago,646-44-9066,5548-0246-6336-5668
Yasuko Greeves,465-73-5027,4539-5385-7425-5829
Jimmie Snelling,044-34-6959,4916-9766-5240-6151
Titus Dugre,477-36-0287,4556-0072-1294-7419
Joanne Teoh,421-90-3445,4532-4220-6922-9913
Suzi Groom,524-02-7662,4916-6734-7572-5019
Denny Amazan,205-52-0032,5218-0144-2703-9270
Willie Coughlan,587-03-2687,5399-0706-4128-0182
Margurite Brake,687-05-8370,5144-8691-2776-1112
Arlen Romack,751-01-2332,5527-1247-5046-7784
Shaniqua Corna,624-84-9186,4539-0031-3703-0732
William Boccard,514-30-2673,5180-3807-3679-8225
Silva Riviere,451-80-3531,5413-4428-0145-0040
Gearldine Haberle,404-12-2159,4532-9929-3036-9312
Azalee Aja,505-88-5719,5495-8602-4508-6808
Kimbery Plikerd,461-97-5665,5325-3256-9519-6628
Ricarda Kratt,172-32-1181,4532-0065-1968-5606
Macy Massay,151-32-2563,5325-3256-9519-6628
Carol Normington,489-36-8356,4716-6984-4983-6164
Blythe Czaplinski,514-14-8911,4539-8219-0484-7602
Tanesha Tesseneer,690-05-5321,5325-3256-9519-6628
Yaeko Orndoff,421-37-1402,4532-1753-6071-1116
Broderick Lorenz,458-02-6130,5270-4267-6450-5520
Twila Shadle,612-20-6838,5252-5971-4219-4120
Sarina Pead,300-62-3272,4929-3813-3266-4300
Candra Peets,660-03-8366,5370-4638-8881-3025
Von Aprigliano,213-46-8921,4916-4811-5814-8116
Natalya Verso,449-48-3141,4916-4034-9269-8788
Stanton Rigazio,559-81-1307,5299-1561-5689-1943
Dona Larner,322-84-2287,5293-8502-0071-3063
Cortney Choice,646-44-9067,5548-0246-6336-5669
Ira Betterton,465-73-5028,4539-5385-7425-5830
Vanna Pickle,044-34-6960,4916-9766-5240-6152
Bo Sabota,477-36-0288,4929-3813-3266-4300
Nathalie Corners,421-90-3446,5370-4638-8881-3025
Rodney Lockamy,524-02-7663,4916-4811-5814-8116
Elena Hairr,205-52-0033,4916-4034-9269-8788
Blossom Kraatz,587-03-2688,5299-1561-5689-1943
Loreen Griepentrog,687-05-8371,5293-8502-0071-3063
Tayna Keirnan,751-01-2333,5548-0246-6336-5669
Nieves Planty,624-84-9187,4539-5385-7425-5830
Glenn Robinault,514-30-2674,4916-9766-5240-6152
Julianna Racer,451-80-3532,4556-0072-1294-7420
Ashton Nitchals,404-12-2160,4532-4220-6922-9914
Shaun Scovil,505-88-5720,4916-6734-7572-5020
Maybelle Bewley,461-97-5666,5218-0144-2703-9271
Camellia Pylant,172-32-1182,5399-0706-4128-0183
Roy Nybo,151-32-2564,5144-8691-2776-1113
Albert Sonier,489-36-8357,5527-1247-5046-7785
Hayley Taghon,514-14-8912,4539-0031-3703-0733
Miriam Stakes,690-05-5322,5180-3807-3679-8226
Vallie Nigl,421-37-1403,5413-4428-0145-0041
Sheldon Isachsen,458-02-6131,4532-9929-3036-9313
Nickie Balonek,612-20-6839,5495-8602-4508-6809
Fletcher Caneles,300-62-3273,5325-3256-9519-6629
Rutha Eisert,660-03-8367,4532-0065-1968-5607
Brandon Geigel,213-46-8922,5325-3256-9519-6629
Franchesca Lamme,449-48-3142,4716-6984-4983-6165
Lorriane Naddeo,559-81-1308,4539-8219-0484-7603
Asuncion Berson,322-84-2288,5325-3256-9519-6629
Georgiann Hoerter,646-44-9068,4532-1753-6071-1117
Hershel Bultron,465-73-5029,5270-4267-6450-5521
Chu Collopy,044-34-6961,5252-5971-4219-4121
Bettina Vosmus,477-36-0289,4929-3813-3266-4301
Lynsey Sport,421-90-3447,5370-4638-8881-3026
Phil Kuechler,524-02-7664,4916-4811-5814-8117
Cordelia Nicks,205-52-0034,4916-4034-9269-8789
Georgeanna Marrano,587-03-2689,5299-1561-5689-1944
Rosendo Lanter,687-05-8372,5293-8502-0071-3064
Jerilyn Norcia,751-01-2334,5548-0246-6336-5670
Elfriede Bakeley,624-84-9188,4539-5385-7425-5831
Harris Sheck,514-30-2675,4916-9766-5240-6153
Leonor Beilinson,451-80-3533,4929-3813-3266-4301
Terrilyn Waska,404-12-2161,5370-4638-8881-3026
Maddie Foulds,505-88-5721,4916-4811-5814-8117
Melynda Anstead,461-97-5667,4916-4034-9269-8789
Odette Thigpen,172-32-1183,5299-1561-5689-1944
Steffanie Meinen,151-32-2565,5293-8502-0071-3064
Antonette Stimac,489-36-8358,5548-0246-6336-5670
Thora Daneker,514-14-8913,4539-5385-7425-5831
Nada Massanet,690-05-5323,4916-9766-5240-6153
Ivette Dills,421-37-1404,4556-0072-1294-7421
Devon Delacerda,458-02-6132,4532-4220-6922-9915
Lon Tibbles,612-20-6840,4916-6734-7572-5021
Tennie Santanna,300-62-3274,5218-0144-2703-9272
Fidelia Vilven,660-03-8368,5399-0706-4128-0184
Michal Gunyan,213-46-8923,5144-8691-2776-1114
Enola Yandow,449-48-3143,5527-1247-5046-7786
Meghann Mamudoski,559-81-1309,4539-0031-3703-0734
Latanya Mattia,322-84-2289,5180-3807-3679-8227
Chandra Firlik,646-44-9069,5413-4428-0145-0042
Barney Dewer,465-73-5030,4532-9929-3036-9314
Ocie Chreene,044-34-6962,5495-8602-4508-6810
Precious Dubray,477-36-0290,5325-3256-9519-6630
Sanda Laramie,421-90-3448,4532-0065-1968-5608
Gaynell Benavente,524-02-7665,5325-3256-9519-6630
Bethanie Cutsforth,205-52-0035,4716-6984-4983-6166
Yvette Capiga,587-03-2690,4539-8219-0484-7604
Alana Blackmon,687-05-8373,5325-3256-9519-6630
Lakeesha Beachel,751-01-2335,4532-1753-6071-1118
Ailene Friedman,624-84-9189,5270-4267-6450-5522
Valene Madson,514-30-2676,5252-5971-4219-4122
Floyd Bub,451-80-3534,4929-3813-3266-4302
Josue Hatherly,404-12-2162,5370-4638-8881-3027
Johnathon Wadden,505-88-5722,4916-4811-5814-8118
Kenneth Drizin,461-97-5668,4916-4034-9269-8790
Leila Titzer,172-32-1184,5299-1561-5689-1945
Marquetta Quinlisk,151-32-2566,5293-8502-0071-3065
Annamae Beliles,489-36-8359,5548-0246-6336-5671
An Dosal,514-14-8914,4539-5385-7425-5832
Karina Cortesi,690-05-5324,4916-9766-5240-6154
Otis Luong,421-37-1405,4929-3813-3266-4302
Brendan Kasperek,458-02-6133,5370-4638-8881-3027
Keith Evartt,612-20-6841,4916-4811-5814-8118
Paulina Arand,300-62-3275,4916-4034-9269-8790
Cherelle Welschmeyer,660-03-8369,5299-1561-5689-1945
Percy Neelon,213-46-8924,5293-8502-0071-3065
Margot Storrs,449-48-3144,5548-0246-6336-5671
Paris Bellis,559-81-1310,4539-5385-7425-5832
Sina Masiejczyk,322-84-2290,4916-9766-5240-6154
Kimi Selfe,646-44-9070,4556-0072-1294-7422
Chun Richrdson,465-73-5031,4532-4220-6922-9916
Lelia Thiemann,044-34-6963,4916-6734-7572-5022
Cordell Zinda,477-36-0291,5218-0144-2703-9273
Dorothy Aitken,421-90-3449,5399-0706-4128-0185
Chauncey Mcelreath,524-02-7666,5144-8691-2776-1115
Tenesha Stropko,205-52-0036,5527-1247-5046-7787
Anjelica Lovero,587-03-2691,4539-0031-3703-0735
Olga Adessa,687-05-8374,5180-3807-3679-8228
Monte Tindal,751-01-2336,5413-4428-0145-0043
Pamela Mccoskey,624-84-9190,4532-9929-3036-9315
Toshia Lippoldt,514-30-2677,5495-8602-4508-6811
Polly Sandusky,451-80-3535,5325-3256-9519-6631
Judy Boerboom,404-12-2163,4532-0065-1968-5609
Celestine Pritt,505-88-5723,5325-3256-9519-6631
Murray Fode,461-97-5669,4716-6984-4983-6167
Shoshana Courter,172-32-1185,4539-8219-0484-7605
Glendora Pezley,151-32-2567,5325-3256-9519-6631
Carlene Kana,489-36-8360,4532-1753-6071-1119
Adria Gilliam,514-14-8915,5270-4267-6450-5523
Paola Perkins,690-05-5325,5252-5971-4219-4123
Elina Maury,421-37-1406,4929-3813-3266-4303
Emile Dorio,458-02-6134,5370-4638-8881-3028
Zoila Lannigan,612-20-6842,4916-4811-5814-8119
Yong Yestramski,300-62-3276,4916-4034-9269-8791
Leontine Stalma,660-03-8370,5299-1561-5689-1946
Troy Dicus,213-46-8925,5293-8502-0071-3066
Annamaria Vanhuss,449-48-3145,5548-0246-6336-5672
Dorothea Lowther,559-81-1311,4539-5385-7425-5833
Marion Letran,322-84-2291,4916-9766-5240-6155
Avery Masso,646-44-9071,4929-3813-3266-4303
Trinidad Bredernitz,465-73-5032,5370-4638-8881-3028
Herminia Penso,044-34-6964,4916-4811-5814-8119
Val Bigaud,477-36-0292,4916-4034-9269-8791
Renay Oviedo,421-90-3450,5299-1561-5689-1946
Buck Kotow,524-02-7667,5293-8502-0071-3066
Toi Rollison,205-52-0037,5548-0246-6336-5672
Shanice Pennel,587-03-2692,4539-5385-7425-5833
Oliva Ramerez,687-05-8375,4916-9766-5240-6155
Tamera Crocker,751-01-2337,4556-0072-1294-7423
Melvin Rather,624-84-9191,4532-4220-6922-9917
Essie Fitzke,514-30-2678,4916-6734-7572-5023
Shay Knieper,451-80-3536,5218-0144-2703-9274
Ruby Sensibaugh,404-12-2164,5399-0706-4128-0186
Caren Doscher,505-88-5724,5144-8691-2776-1116
Frank Amend,461-97-5670,5527-1247-5046-7788
Lasandra Frisinger,172-32-1186,4539-0031-3703-0736
Sommer Frere,151-32-2568,5180-3807-3679-8229
Gretchen Mckeon,489-36-8361,5413-4428-0145-0044
Providencia Marien,514-14-8916,4532-9929-3036-9316
Lindsey Arnoldi,690-05-5326,5495-8602-4508-6812
Romana Riesgraf,421-37-1407,5325-3256-9519-6632
Nobuko Logwood,458-02-6135,4532-0065-1968-5610
Shawnna Arredondo,612-20-6843,5325-3256-9519-6632
Doyle Hathcox,300-62-3277,4716-6984-4983-6168
Jacinta Deppen,660-03-8371,4539-8219-0484-7606
Tawanna Kuamoo,213-46-8926,5325-3256-9519-6632
Christa Cloutier,449-48-3146,4532-1753-6071-1120
Noe Kotz,559-81-1312,5270-4267-6450-5524
Ellen Fajen,322-84-2292,5252-5971-4219-4124
Tequila Pelletier,646-44-9072,4929-3813-3266-4304
Tawny Bonventre,465-73-5033,5370-4638-8881-3029
Rosalyn Mcspedon,044-34-6965,4916-4811-5814-8120
Noble Miyata,477-36-0293,4916-4034-9269-8792
Lucille Hubbell,421-90-3451,5299-1561-5689-1947
Azzie Tuazon,524-02-7668,5293-8502-0071-3067
Darci Arau,205-52-0038,5548-0246-6336-5673
King Suman,587-03-2693,4539-5385-7425-5834
Denny Zeanah,687-05-8376,4916-9766-5240-6156
Anissa Frayer,751-01-2338,4929-3813-3266-4304
Rosann Heinricher,624-84-9192,5370-4638-8881-3029
Jeannine Rippy,514-30-2679,4916-4811-5814-8120
Lashaun Casteneda,451-80-3537,4916-4034-9269-8792
Miesha Walen,404-12-2165,5299-1561-5689-1947
Marva Kountz,505-88-5725,5293-8502-0071-3067
Dion Lamastus,461-97-5671,5548-0246-6336-5673
Hassie Sarkin,172-32-1187,4539-5385-7425-5834
Jin Perry,151-32-2569,4916-9766-5240-6156
Demetra Peth,489-36-8362,4556-0072-1294-7424
Irene Benauides,514-14-8917,4532-4220-6922-9918
Colton Pesqueira,690-05-5327,4916-6734-7572-5024
William Cilento,421-37-1408,5218-0144-2703-9275
Shannan Cupit,458-02-6136,5399-0706-4128-0187
Shelba Kast,612-20-6844,5144-8691-2776-1117
Dorcas Diebold,300-62-3278,5527-1247-5046-7789
Rochell Wetherby,660-03-8372,4539-0031-3703-0737
Amber Windell,213-46-8927,5180-3807-3679-8230
Stefanie Prinkey,449-48-3147,5413-4428-0145-0045
Kenia Sharples,559-81-1313,4532-9929-3036-9317
Jacquline Libbey,322-84-2293,5495-8602-4508-6813
Lavina Michelet,646-44-9073,5325-3256-9519-6633
Billi Kazar,465-73-5034,4532-0065-1968-5611
Aron Leuthold,044-34-6966,5325-3256-9519-6633
Annice Tartar,477-36-0294,4716-6984-4983-6169
Hyun Zarazua,421-90-3452,4539-8219-0484-7607
Shala Ogle,524-02-7669,5325-3256-9519-6633
Shasta Canonico,205-52-0039,4532-1753-6071-1121
Wenona Braseth,587-03-2694,5270-4267-6450-5525
Marla Gallati,687-05-8377,5252-5971-4219-4125
Myra Palenik,751-01-2339,4929-3813-3266-4305
Lawanda Jacocks,624-84-9193,5370-4638-8881-3030
Curt Kohlman,514-30-2680,4916-4811-5814-8121
Susy Finstad,451-80-3538,4916-4034-9269-8793
Kathrine Kaper,404-12-2166,5299-1561-5689-1948
Oneida Pospishil,505-88-5726,5293-8502-0071-3068
Allene Perera,461-97-5672,5548-0246-6336-5674
Delbert Houben,172-32-1188,4539-5385-7425-5835
Ashleigh Rimmer,151-32-2570,4916-9766-5240-6157
Nenita Mckenna,489-36-8363,4929-3813-3266-4305
Micah Shear,514-14-8918,5370-4638-8881-3030
Stefany Figueras,690-05-5328,4916-4811-5814-8121
Rene Burnsworth,421-37-1409,4916-4034-9269-8793
Cary Orazine,458-02-6137,5299-1561-5689-1948
Micheal Ocken,612-20-6845,5293-8502-0071-3068
Noemi Ill,300-62-3279,5548-0246-6336-5674
Nydia Ancar,660-03-8373,4539-5385-7425-5835
Hana Meisel,213-46-8928,4916-9766-5240-6157
Noel Marrazzo,449-48-3148,4556-0072-1294-7425
Brice Rowe,559-81-1314,4532-4220-6922-9919
Nguyet Kitchens,322-84-2294,4916-6734-7572-5025
Janae Mair,646-44-9074,5218-0144-2703-9276
Darrel Makley,465-73-5035,5399-0706-4128-0188
Genevieve Milionis,044-34-6967,5144-8691-2776-1118
Giovanna Bacho,477-36-0295,5527-1247-5046-7790
Shelton Spannuth,421-90-3453,4539-0031-3703-0738
Alison Mahlum,524-02-7670,5180-3807-3679-8231
Maynard Zufall,205-52-0040,5413-4428-0145-0046
Timothy Bussert,587-03-2695,4532-9929-3036-9318
Viola Eddens,687-05-8378,5495-8602-4508-6814
Luann Michon,751-01-2340,5325-3256-9519-6634
Mable Goerke,624-84-9194,4532-0065-1968-5612
Sabine Kaea,514-30-2681,5325-3256-9519-6634
Dolores Moltz,451-80-3539,4716-6984-4983-6170
Hannah Suero,404-12-2167,4539-8219-0484-7608
Sonia Blan,505-88-5727,5325-3256-9519-6634
Cletus Stapels,461-97-5673,4532-1753-6071-1122
Asha Zoldak,172-32-1189,5270-4267-6450-5526
Verlene Billow,151-32-2571,5252-5971-4219-4126
Yesenia Giglio,489-36-8364,4929-3813-3266-4306
Tayna Sine,514-14-8919,5370-4638-8881-3031
Verona Jobst,690-05-5329,4916-4811-5814-8122
Denae Eggers,421-37-1410,4916-4034-9269-8794
Rikki Montalgo,458-02-6138,5299-1561-5689-1949
Nan Weekly,612-20-6846,5293-8502-0071-3069
Sherell Despain,300-62-3280,5548-0246-6336-5675
Coral Brennick,660-03-8374,4539-5385-7425-5836
Phyliss Huelse,213-46-8929,4916-9766-5240-6158
Jesse Wida,449-48-3149,4929-3813-3266-4306
Latonia Helander,559-81-1315,5370-4638-8881-3031
Aimee Clozza,322-84-2295,4916-4811-5814-8122
Marcelle Staie,646-44-9075,4916-4034-9269-8794
Ilda Schuring,465-73-5036,5299-1561-5689-1949
Aileen Klukken,044-34-6968,5293-8502-0071-3069
Davida Zeng,477-36-0296,5548-0246-6336-5675
Beata Rubarts,421-90-3454,4539-5385-7425-5836
Angelyn Wieand,524-02-7671,4916-9766-5240-6158
Claudio Hummell,205-52-0041,4556-0072-1294-7426
Krystal Twyman,587-03-2696,4532-4220-6922-9920
Adela Echegoyen,687-05-8379,4916-6734-7572-5026
Ryan Phibbs,751-01-2341,5218-0144-2703-9277
Edmond Buettner,624-84-9195,5399-0706-4128-0189
Catina Emmert,514-30-2682,5144-8691-2776-1119
Milly Pattengale,451-80-3540,5527-1247-5046-7791
Jules Erichsen,404-12-2168,4539-0031-3703-0739
Denna Miklitz,505-88-5728,5180-3807-3679-8232
Willetta Cesa,461-97-5674,5413-4428-0145-0047
Johna Magathan,172-32-1190,4532-9929-3036-9319
Ollie Oliverson,151-32-2572,5495-8602-4508-6815
Sherly Vitrano,489-36-8365,5325-3256-9519-6635
Kindra Dishong,514-14-8920,4532-0065-1968-5613
Vanda Tentler,690-05-5330,5325-3256-9519-6635
Marshall Fitgerald,421-37-1411,4716-6984-4983-6171
Kelvin Hasha,458-02-6139,4539-8219-0484-7609
Darrin Mathiasen,612-20-6847,5325-3256-9519-6635
Susana Mccarley,300-62-3281,4532-1753-6071-1123
Wilson Nickelson,660-03-8375,5270-4267-6450-5527
Malissa Talty,213-46-8930,5252-5971-4219-4127
Tandra Castillanos,449-48-3150,4929-3813-3266-4307
Lorean Sammon,559-81-1316,5370-4638-8881-3032
Desirae Oien,322-84-2296,4916-4811-5814-8123
Delsie Cerao,646-44-9076,4916-4034-9269-8795
Mabel Elmquist,465-73-5037,5299-1561-5689-1950
Marnie Purslow,044-34-6969,5293-8502-0071-3070
Rene Granier,477-36-0297,5548-0246-6336-5676
Trevor Harnist,421-90-3455,4539-5385-7425-5837
Sharmaine Batdorf,524-02-7672,4916-9766-5240-6159
Ricki Traux,205-52-0042,4929-3813-3266-4307
Bernadine Shufelt,587-03-2697,5370-4638-8881-3032
Shad Reider,687-05-8380,4916-4811-5814-8123
Kenneth Degennaro,751-01-2342,4916-4034-9269-8795
Marleen Hennon,624-84-9196,5299-1561-5689-1950
Joaquin Geitner,514-30-2683,5293-8502-0071-3070
Slyvia Stockham,451-80-3541,5548-0246-6336-5676
Kris Bala,404-12-2169,4539-5385-7425-5837
Gussie Diflorio,505-88-5729,4916-9766-5240-6159
Lavelle Lillywhite,461-97-5675,4556-0072-1294-7427
Bev Dermo,172-32-1191,4532-4220-6922-9921
Bette Digiovanni,151-32-2573,4916-6734-7572-5027
Lajuana Mccloud,489-36-8366,5218-0144-2703-9278
Shakira Westervelt,514-14-8921,5399-0706-4128-0190
Matt Nickolich,690-05-5331,5144-8691-2776-1120
Clemencia Momplaisir,421-37-1412,5527-1247-5046-7792
Oliva Ambert,458-02-6140,4539-0031-3703-0740
Ranee Maye,612-20-6848,5180-3807-3679-8233
Ming Eskew,300-62-3282,5413-4428-0145-0048
Annice Peckens,660-03-8376,4532-9929-3036-9320
Effie Frymark,213-46-8931,5495-8602-4508-6816
Maricela Conger,449-48-3151,5325-3256-9519-6636
Esteban Plantenberg,559-81-1317,4532-0065-1968-5614
Doretha Wykle,322-84-2297,5325-3256-9519-6636
Dorsey Neitzke,646-44-9077,4716-6984-4983-6172
Amie Okuniewski,465-73-5038,4539-8219-0484-7610
Bulah Berkoff,044-34-6970,5325-3256-9519-6636
Erin Delbosque,477-36-0298,4532-1753-6071-1124
Kassandra Marushia,421-90-3456,5270-4267-6450-5528
Leslee Matsuno,524-02-7673,5252-5971-4219-4128
Daniel Dobler,205-52-0043,4929-3813-3266-4308
Antonio Unruh,587-03-2698,5370-4638-8881-3033