Contract Identifier,Instrument Identifier,Channel of Origination,Date of Origination,Country of Origination,Asset Class,Loan Purpose,Product Type,Amortisation Type,Original Maturity Date,Current Maturity Date,Loan Currency,Origination Amount,Principal Balance,Accrued Interest Balance (On book),Total Balance,Original Interest Rate,Original Interest Rate Type,Current Interest Rate Type,Current Interest Rate Reference,Early Redemption Penalty,Last Payment Date,Last Payment Amount,Next Principal Scheduled Repayment Amount,Loan Status,Days in Past-Due
A00019346,LP19283,Web,2/16/2015,USA,Resi,Mortage,Loan,Linear,2/8/2045,2/13/2045,USD,200000,190000,1000,191000,0.04,fixed,fixed,,0.03,7/26/2019,555.5555556,555.5555556,,90
A00019347,LP19284,Broker,2/17/2015,USA,CRE,Mortage,Loan,Balloon,2/9/2045,2/14/2045,USD,150000,135000,375,135375,0.035,mixed,fixed,,0.03,7/26/2019,416.6666667,416.6666667,non-performing,92
A00019348,LP19285,Branch,2/18/2015,USA,Resi,Mortage,Loan,Linear,2/10/2045,2/15/2045,USD,100000,98000,270,98270,0.04,variable,fixed,LIBOR,0.03,7/26/2019,277.7777778,277.7777778,non-performing,180
A00019349,LP19286,Branch,2/19/2015,USA,Resi,Mortage,Loan,Linear,2/11/2045,2/16/2045,USD,85000,80750,491.3,81241.3,0.04,fixed,fixed,,0.03,7/26/2019,236.1111111,236.1111111,non-performing,170
A00019350,LP19287,Web,2/20/2015,USA,Resi,Mortage,Loan,Linear,2/12/2045,2/17/2045,USD,200000,190000,1000,191000,0.04,fixed,fixed,,0.03,7/26/2019,555.5555556,555.5555556,non-performing,213
A00019351,LP19288,Broker,2/21/2015,USA,Resi,Mortage,Loan,Linear,2/13/2045,2/18/2045,USD,150000,150030,25.5,150055.5,0.0375,mixed,fixed,,0.03,7/26/2019,416.6666667,416.6666667,,20
A00019352,LP19289,Branch,2/22/2015,USA,Resi,Mortage,Loan,Linear,2/14/2045,2/13/2051,USD,136000,129200,680,129880,0.04,fixed,fixed,,0.03,7/26/2019,377.7777778,377.7777778,,90
A00019353,LP19290,Web,2/23/2015,USA,Resi,Mortage,Loan,Linear,2/15/2045,2/14/2050,USD,132714.2857,119442.8571,663.5714286,120106.4286,0.04,fixed,fixed,,0.03,7/26/2019,368.6507937,368.6507937,non-performing,91
A00019354,LP19291,Broker,2/24/2015,USA,Resi,Mortage,Loan,Linear,2/16/2045,2/15/2050,USD,129428.5714,126840,323.5714286,127163.5714,0.04,fixed,fixed,,0.03,7/26/2019,359.5238095,359.5238095,non-performing,95
A00019355,LP19292,Branch,2/25/2015,USA,Resi,Mortage,Loan,Linear,2/17/2045,2/16/2050,USD,126142.8571,119835.7143,340.5857143,120176.3,0.04,fixed,fixed,,0.03,7/26/2019,350.3968254,350.3968254,non-performing,97
A00019356,LP19293,Branch,2/26/2015,USA,Resi,Mortage,Loan,Linear,2/18/2045,2/17/2050,USD,122857.1429,116714.2857,710.1142857,117424.4,0.04,fixed,fixed,,0.03,7/26/2019,341.2698413,341.2698413,non-performing,93
A00019357,LP19294,Web,2/27/2015,USA,Resi,Mortage,Loan,Linear,2/19/2045,2/18/2050,USD,119571.4286,113592.8571,597.8571429,114190.7143,0.04,fixed,fixed,,0.03,7/26/2019,332.1428571,332.1428571,non-performing,213
A00019358,LP19295,Broker,2/28/2015,USA,Resi,Mortage,Loan,Linear,2/20/2045,2/18/2053,USD,116285.7143,110471.4286,19.76857143,110491.1971,0.0375,mixed,fixed,,0.03,7/23/2019,323.015873,323.015873,,20
A00019359,LP19296,Branch,3/1/2015,USA,Resi,Mortage,Loan,Linear,2/21/2045,2/26/2045,USD,200000,180000,1000,181000,0.04,fixed,fixed,,0.03,7/26/2019,555.5555556,555.5555556,,90
A00019360,LP19297,Web,3/2/2015,USA,Resi,Mortage,Loan,Linear,2/22/2045,2/27/2045,USD,150000,147000,750,147750,0.04,fixed,fixed,,0.03,7/26/2019,250,416.6666667,non-performing,91
A00019361,LP19298,Broker,3/3/2015,USA,Resi,Mortage,Loan,Linear,2/23/2045,2/28/2045,USD,100000,95000,250,95250,0.04,fixed,fixed,,0.03,7/26/2019,277.7777778,277.7777778,non-performing,95
A00019362,LP19299,Branch,3/4/2015,USA,Resi,Mortage,Loan,Linear,2/24/2045,3/1/2045,USD,85000,76500,229.5,76729.5,0.035,mixed,fixed,,0.03,7/26/2019,236.1111111,236.1111111,non-performing,97
A00019363,LP19300,Branch,3/5/2015,USA,CRE,Mortage,Loan,Linear,2/25/2045,3/2/2045,USD,200000,196000,1156,197156,0.04,fixed,fixed,,0.03,7/26/2019,555.5555556,555.5555556,non-performing,93
A00019364,LP19301,Web,3/6/2015,USA,Resi,Mortage,Loan,Linear,2/26/2045,3/3/2045,USD,150000,142500,750,143250,0.04,fixed,fixed,,0.03,7/26/2019,416.6666667,416.6666667,,20
A00019365,LP19302,Broker,3/7/2015,USA,Resi,Mortage,Loan,Linear,2/27/2045,2/26/2051,USD,136000,129200,23.12,129223.12,0.04,fixed,fixed,,0.03,7/26/2019,377.7777778,377.7777778,,90
A00019366,LP19303,Branch,3/8/2015,USA,Resi,Mortage,Loan,Linear,2/28/2045,2/27/2050,USD,132714.2857,132740.8286,22.56142857,132763.39,0.04,fixed,fixed,,0.03,7/26/2019,368.6507937,368.6507937,non-performing,91
A00019367,LP19304,Web,3/9/2015,USA,Resi,Mortage,Loan,Balloon,3/1/2045,2/28/2050,USD,129428.5714,122957.1429,22.00285714,122979.1457,0.04,fixed,fixed,,0.03,7/26/2019,359.5238095,359.5238095,non-performing,95
A00019368,LP19305,Broker,3/10/2015,USA,Resi,Mortage,Loan,Linear,3/2/2045,3/1/2050,USD,126142.8571,113528.5714,21.44428571,113550.0157,0.04,fixed,fixed,,0.03,7/26/2019,350.3968254,350.3968254,non-performing,97
A00019369,LP19306,Branch,3/11/2015,USA,Resi,Mortage,Loan,Linear,3/3/2045,3/2/2050,USD,122857.1429,120400,20.88571429,120420.8857,0.04,fixed,fixed,,0.03,7/26/2019,472.5274725,341.2698413,non-performing,93
A00019370,LP19307,Branch,3/12/2015,USA,Resi,Mortage,Loan,Linear,3/4/2045,3/3/2050,USD,119571.4286,113592.8571,20.32714286,113613.1843,0.04,fixed,fixed,,0.03,7/26/2019,332.1428571,332.1428571,,90
A00019371,LP19308,Web,3/13/2015,USA,Resi,Mortage,Loan,Linear,3/5/2045,3/3/2053,USD,116285.7143,110471.4286,19.76857143,110491.1971,0.04,fixed,fixed,,0.03,7/29/2019,323.015873,323.015873,non-performing,92
A00019372,LP19309,Broker,3/14/2015,USA,Resi,Mortage,Loan,Linear,3/6/2045,3/11/2045,USD,150000,142500,25.5,142525.5,0.04,fixed,fixed,,0.03,7/26/2019,416.6666667,416.6666667,non-performing,180
A00019373,LP19310,Branch,3/15/2015,USA,Resi,Mortage,Loan,Linear,3/7/2045,3/12/2045,USD,100000,95000,500,95500,0.04,fixed,fixed,,0.03,7/26/2019,277.7777778,277.7777778,non-performing,170
A00019374,LP19311,Web,3/16/2015,USA,Resi,Mortage,Loan,Linear,3/8/2045,3/13/2045,USD,85000,76500,212.5,76712.5,0.04,fixed,fixed,,0.03,7/26/2019,236.1111111,236.1111111,non-performing,213
A00019375,LP19312,Broker,3/17/2015,USA,Resi,Mortage,Loan,Linear,3/9/2045,3/14/2045,USD,200000,196000,540,196540,0.05,fixed,fixed,,0.03,7/26/2019,555.5555556,555.5555556,,20
A00019376,LP19313,Branch,3/18/2015,USA,Resi,Mortage,Loan,Linear,3/10/2045,3/15/2045,USD,150000,142500,867,143367,0.04145402299,mixed,fixed,,0.03,7/26/2019,416.6666667,416.6666667,,90
A00019377,LP19314,Branch,3/19/2015,USA,Resi,Mortage,Loan,Linear,3/11/2045,3/16/2045,USD,136000,122400,680,123080,0.04155858361,variable,fixed,LIBOR,0.03,7/26/2019,377.7777778,377.7777778,non-performing,91
A00019378,LP19315,Web,3/20/2015,USA,Resi,Mortage,Loan,Linear,3/12/2045,3/11/2051,USD,156333.3333,153206.6667,26.57666667,153233.2433,0.04166314423,fixed,fixed,,0.03,7/26/2019,434.2592593,434.2592593,non-performing,95
A00019379,LP19316,Broker,3/21/2015,USA,CRE,Mortage,Loan,Linear,3/13/2045,3/12/2050,USD,161904.7619,153809.5238,809.5238095,154619.0476,0.04176770486,fixed,fixed,,0.03,7/26/2019,449.7354497,449.7354497,non-performing,97
A00019380,LP19317,Branch,3/22/2015,USA,Resi,Mortage,Loan,Linear,3/14/2045,3/13/2050,USD,167476.1905,159102.381,837.3809524,159939.7619,0.04187226548,mixed,fixed,,0.03,7/26/2019,465.2116402,465.2116402,non-performing,93
A00019381,LP19318,Web,3/23/2015,USA,Resi,Mortage,Loan,Linear,3/15/2045,3/14/2050,USD,173047.619,173082.2286,432.6190476,173514.8476,0.0419768261,fixed,fixed,,0.03,7/26/2019,480.6878307,480.6878307,non-performing,213
A00019382,LP19319,Broker,3/24/2015,USA,Resi,Mortage,Loan,Linear,3/16/2045,3/15/2050,USD,178619.0476,169688.0952,482.2714286,170170.3667,0.04208138673,fixed,fixed,,0.03,7/26/2019,496.1640212,496.1640212,,20
A00019383,LP19320,Branch,3/25/2015,USA,Resi,Mortage,Loan,Linear,3/17/2045,3/16/2050,USD,184190.4762,165771.4286,1064.620952,166836.0495,0.04218594735,fixed,fixed,,0.03,7/26/2019,511.6402116,511.6402116,,90
A00019384,LP19321,Branch,3/26/2015,USA,Resi,Mortage,Loan,Linear,3/18/2045,3/16/2053,USD,189761.9048,185966.6667,948.8095238,186915.4762,0.04229050797,fixed,fixed,,0.03,7/23/2019,527.1164021,527.1164021,non-performing,91
A00019385,LP19322,Web,3/27/2015,USA,Resi,Mortage,Loan,Linear,3/19/2045,3/24/2045,USD,195333.3333,185566.6667,33.20666667,185599.8733,0.04239506859,fixed,fixed,,0.03,7/26/2019,542.5925926,542.5925926,non-performing,95
A00019386,LP19323,Broker,3/28/2015,USA,Resi,Mortage,Loan,Linear,3/20/2045,3/25/2045,USD,200000,190000,1000,191000,0.04249962922,fixed,fixed,,0.03,7/26/2019,555.5555556,555.5555556,non-performing,97
A00019387,LP19324,Branch,3/29/2015,USA,Resi,Mortage,Loan,Balloon,3/21/2045,3/26/2045,USD,150000,142500,750,143250,0.04260418984,mixed,fixed,,0.03,7/26/2019,416.6666667,416.6666667,non-performing,93
A00019388,LP19325,Web,3/30/2015,USA,Resi,Mortage,Loan,Linear,3/22/2045,3/27/2045,USD,100000,95000,250,95250,0.04270875046,fixed,fixed,,0.03,7/26/2019,277.7777778,277.7777778,,20
A00019389,LP19326,Broker,3/31/2015,USA,Resi,Mortage,Loan,Linear,3/23/2045,3/28/2045,USD,85000,76500,229.5,76729.5,0.04281331109,fixed,fixed,,0.03,7/26/2019,236.1111111,236.1111111,,90
A00019390,LP19327,Branch,4/1/2015,USA,Resi,Mortage,Loan,Linear,3/24/2045,3/29/2045,USD,200000,196000,1156,197156,0.04291787171,fixed,fixed,,0.03,7/26/2019,555.5555556,555.5555556,non-performing,91
A00019391,LP19328,Branch,4/2/2015,USA,Resi,Mortage,Loan,Linear,3/25/2045,3/24/2051,USD,150000,142500,750,143250,0.04302243233,mixed,fixed,,0.03,7/26/2019,416.6666667,416.6666667,non-performing,95
A00019392,LP19329,Web,4/3/2015,USA,Resi,Mortage,Loan,Linear,3/26/2045,3/25/2050,USD,136000,122400,23.12,122423.12,0.04312699296,fixed,fixed,,0.03,7/26/2019,377.7777778,377.7777778,non-performing,97
A00019393,LP19330,Broker,4/4/2015,USA,Resi,Mortage,Loan,Linear,3/27/2045,3/26/2050,USD,132714.2857,130060,22.56142857,130082.5614,0.04323155358,fixed,fixed,,0.03,7/26/2019,368.6507937,368.6507937,non-performing,93
A00019394,LP19331,Branch,4/5/2015,USA,Resi,Mortage,Loan,Linear,3/28/2045,3/27/2050,USD,129428.5714,122957.1429,22.00285714,122979.1457,0.0433361142,fixed,fixed,,0.03,7/26/2019,359.5238095,359.5238095,,20
A00019395,LP19332,Web,4/6/2015,USA,CRE,Mortage,Loan,Linear,3/29/2045,3/28/2050,USD,126142.8571,119835.7143,315.3571429,120151.0714,0.04344067482,fixed,fixed,,0.03,7/26/2019,350.3968254,350.3968254,,90
A00019396,LP19333,Broker,4/7/2015,USA,Resi,Mortage,Loan,Linear,3/30/2045,3/29/2050,USD,122857.1429,122881.7143,331.7142857,123213.4286,0.04354523545,fixed,fixed,,0.03,7/26/2019,341.2698413,341.2698413,non-performing,91
A00019397,LP19334,Branch,4/8/2015,USA,Resi,Mortage,Loan,Linear,3/31/2045,3/29/2053,USD,119571.4286,113592.8571,691.1228571,114283.98,0.04364979607,fixed,fixed,,0.03,7/26/2019,332.1428571,332.1428571,non-performing,95
A00019398,LP19335,Branch,4/9/2015,USA,Resi,Mortage,Loan,Linear,4/1/2045,4/6/2045,USD,116285.7143,104657.1429,581.4285714,105238.5714,0.04375435669,fixed,fixed,,0.03,7/26/2019,323.015873,323.015873,non-performing,97
A00019399,LP19336,Web,4/10/2015,USA,Resi,Mortage,Loan,Linear,4/2/2045,4/7/2045,USD,200000,196000,34,196034,0.04385891732,fixed,fixed,,0.03,7/26/2019,555.5555556,555.5555556,non-performing,93
A00019400,LP19337,Broker,4/11/2015,USA,Resi,Mortage,Loan,Linear,4/3/2045,4/8/2045,USD,150000,142500,750,143250,0.04396347794,fixed,fixed,,0.03,7/26/2019,416.6666667,416.6666667,,20
A00019401,LP19338,Branch,4/12/2015,USA,Resi,Mortage,Loan,Linear,4/4/2045,4/9/2045,USD,100000,95000,500,95500,0.04406803856,fixed,fixed,,0.03,7/26/2019,370.3703704,277.7777778,,90
A00019402,LP19339,Web,4/13/2015,USA,Resi,Mortage,Loan,Linear,4/5/2045,4/10/2045,USD,85000,80750,212.5,80962.5,0.04417259918,fixed,fixed,,0.03,7/26/2019,0,236.1111111,non-performing,91
A00019403,LP19340,Broker,4/14/2015,USA,Resi,Mortage,Loan,Linear,4/6/2045,4/11/2045,USD,200000,190000,540,190540,0.04427715981,fixed,fixed,,0.03,7/26/2019,555.5555556,555.5555556,non-performing,95
A00019404,LP19341,Branch,4/15/2015,USA,Resi,Mortage,Loan,Linear,4/7/2045,4/6/2051,USD,150000,135000,867,135867,0.04438172043,fixed,fixed,,0.03,7/26/2019,416.6666667,416.6666667,non-performing,97
A00019405,LP19342,Branch,4/16/2015,USA,Resi,Mortage,Loan,Linear,4/8/2045,4/7/2050,USD,136000,133280,680,133960,0.04448628105,mixed,fixed,,0.03,7/26/2019,377.7777778,377.7777778,non-performing,93
A00019406,LP19343,Web,4/17/2015,USA,Resi,Mortage,Loan,Linear,4/9/2045,4/8/2050,USD,132714.2857,126078.5714,22.56142857,126101.1329,0.04459084168,variable,fixed,LIBOR,0.03,7/26/2019,368.6507937,368.6507937,,90
A00019407,LP19344,Broker,4/18/2015,USA,Resi,Mortage,Loan,Balloon,4/10/2045,4/9/2050,USD,129428.5714,116485.7143,22.00285714,116507.7171,0.0446954023,fixed,fixed,,0.03,7/26/2019,359.5238095,359.5238095,non-performing,92
A00019408,LP19345,Branch,4/19/2015,USA,Resi,Mortage,Loan,Linear,4/11/2045,4/10/2050,USD,126142.8571,123620,21.44428571,123641.4443,0.04479996292,fixed,fixed,,0.03,7/26/2019,350.3968254,350.3968254,,20
A00019409,LP19346,Web,4/20/2015,USA,Resi,Mortage,Loan,Linear,4/12/2045,4/11/2050,USD,122857.1429,116714.2857,307.1428571,117021.4286,0.04490452354,mixed,fixed,,0.03,7/23/2019,341.2698413,341.2698413,,90
A00019410,LP19347,Broker,4/21/2015,USA,Resi,Mortage,Loan,Linear,4/13/2045,4/11/2053,USD,119571.4286,113592.8571,322.8428571,113915.7,0.04,fixed,fixed,,0.03,7/26/2019,332.1428571,332.1428571,non-performing,91
A00019411,LP19348,Branch,4/22/2015,USA,CRE,Mortage,Loan,Linear,4/14/2045,4/19/2045,USD,116285.7143,116308.9714,672.1314286,116981.1029,0.035,fixed,fixed,,0.03,7/26/2019,323.015873,323.015873,non-performing,95
A00019412,LP19349,Branch,4/23/2015,USA,Resi,Mortage,Loan,Linear,4/15/2045,4/20/2045,USD,150000,142500,750,143250,0.04,fixed,fixed,,0.03,7/26/2019,416.6666667,416.6666667,non-performing,97
A00019413,LP19350,Web,4/24/2015,USA,Resi,Mortage,Loan,Linear,4/16/2045,4/21/2045,USD,100000,90000,17,90017,0.04,fixed,fixed,,0.03,7/26/2019,277.7777778,277.7777778,non-performing,93
A00019414,LP19351,Broker,4/25/2015,USA,Resi,Mortage,Loan,Linear,4/17/2045,4/22/2045,USD,85000,83300,425,83725,0.04,fixed,fixed,,0.03,7/26/2019,236.1111111,236.1111111,,20
A00019415,LP19352,Branch,4/26/2015,USA,Resi,Mortage,Loan,Linear,4/18/2045,4/23/2045,USD,200000,190000,1000,191000,0.0375,fixed,fixed,,0.03,7/26/2019,555.5555556,555.5555556,,90
A00019416,LP19353,Web,4/27/2015,USA,Resi,Mortage,Loan,Linear,4/19/2045,4/24/2045,USD,150000,142500,375,142875,0.04,mixed,fixed,,0.03,7/26/2019,416.6666667,416.6666667,non-performing,91
A00019417,LP19354,Broker,4/28/2015,USA,Resi,Mortage,Loan,Linear,4/20/2045,4/19/2051,USD,136000,129200,367.2,129567.2,0.04,fixed,fixed,,0.03,7/26/2019,377.7777778,377.7777778,non-performing,95
A00019418,LP19355,Branch,4/29/2015,USA,Resi,Mortage,Loan,Linear,4/21/2045,4/20/2050,USD,156333.3333,148516.6667,903.6066667,149420.2733,0.04,fixed,fixed,,0.03,7/26/2019,434.2592593,434.2592593,non-performing,97
A00019419,LP19356,Branch,4/30/2015,USA,Resi,Mortage,Loan,Linear,4/22/2045,4/21/2050,USD,161904.7619,145714.2857,809.5238095,146523.8095,0.04,fixed,fixed,,0.03,7/26/2019,449.7354497,449.7354497,non-performing,93
A00019420,LP19357,Web,5/1/2015,USA,Resi,Mortage,Loan,Linear,4/23/2045,4/22/2050,USD,167476.1905,164126.6667,28.47095238,164155.1376,0.04,mixed,fixed,,0.03,7/26/2019,465.2116402,465.2116402,,20
A00019421,LP19358,Broker,5/2/2015,USA,Resi,Mortage,Loan,Linear,4/24/2045,4/23/2050,USD,173047.619,164395.2381,29.41809524,164424.6562,0.04,fixed,fixed,,0.03,7/26/2019,480.6878307,480.6878307,,90
A00019422,LP19359,Branch,5/3/2015,USA,Resi,Mortage,Loan,Linear,4/25/2045,4/24/2050,USD,178619.0476,160757.1429,30.3652381,160787.5081,0.0375,fixed,fixed,,0.03,7/22/2019,496.1640212,496.1640212,non-performing,91
A00019423,LP19360,Web,5/4/2015,USA,Resi,Mortage,Loan,Linear,4/26/2045,4/24/2053,USD,184190.4762,180506.6667,460.4761905,180967.1429,0.04,fixed,fixed,,0.03,7/26/2019,511.6402116,511.6402116,non-performing,95
A00019424,LP19361,Broker,5/5/2015,USA,Resi,Mortage,Loan,Linear,4/27/2045,5/2/2045,USD,189761.9048,180273.8095,512.3571429,180786.1667,0.04,fixed,fixed,,0.03,7/26/2019,527.1164021,527.1164021,non-performing,97
A00019425,LP19362,Branch,5/6/2015,USA,Resi,Mortage,Loan,Linear,4/28/2045,5/3/2045,USD,195333.3333,185566.6667,1129.026667,186695.6933,0.04,fixed,fixed,,0.03,7/26/2019,542.5925926,542.5925926,non-performing,93
A00019426,LP19363,Branch,5/7/2015,USA,Resi,Mortage,Loan,Linear,4/29/2045,5/4/2045,USD,200000,200040,1000,201040,0.035,fixed,fixed,,0.03,7/26/2019,555.5555556,555.5555556,,20
A00019427,LP19364,Web,5/8/2015,USA,CRE,Mortage,Loan,Balloon,4/30/2045,5/5/2045,USD,150000,142500,25.5,142525.5,0.04,fixed,fixed,,0.03,7/26/2019,416.6666667,416.6666667,,90
A00019428,LP19365,Broker,5/9/2015,USA,Resi,Mortage,Loan,Linear,5/1/2045,5/6/2045,USD,100000,90000,500,90500,0.04,fixed,fixed,,0.03,7/26/2019,277.7777778,277.7777778,non-performing,91
A00019429,LP19366,Branch,5/10/2015,USA,Resi,Mortage,Loan,Linear,5/2/2045,5/7/2045,USD,85000,83300,425,83725,0.04,fixed,fixed,,0.03,7/26/2019,236.1111111,236.1111111,non-performing,95
A00019430,LP19367,Web,5/11/2015,USA,Resi,Mortage,Loan,Linear,5/3/2045,5/2/2051,USD,200000,190000,500,190500,0.04,fixed,fixed,,0.03,7/26/2019,555.5555556,555.5555556,non-performing,97
A00019431,LP19368,Broker,5/12/2015,USA,Resi,Mortage,Loan,Linear,5/4/2045,5/3/2050,USD,150000,142500,405,142905,0.04,fixed,fixed,,0.03,7/26/2019,416.6666667,416.6666667,non-performing,93
A00019432,LP19369,Branch,5/13/2015,USA,Resi,Mortage,Loan,Linear,5/5/2045,5/4/2050,USD,136000,129200,786.08,129986.08,0.04,fixed,fixed,,0.03,7/26/2019,377.7777778,377.7777778,,90
A00019433,LP19370,Branch,5/14/2015,USA,Resi,Mortage,Loan,Linear,5/6/2045,5/5/2050,USD,132714.2857,126078.5714,663.5714286,126742.1429,0.04,fixed,fixed,,0.03,7/26/2019,368.6507937,368.6507937,non-performing,92
A00019434,LP19371,Web,5/15/2015,USA,Resi,Mortage,Loan,Linear,5/7/2045,5/6/2050,USD,129428.5714,116485.7143,349.4571429,116835.1714,0.04,mixed,fixed,,0.03,7/26/2019,359.5238095,359.5238095,non-performing,91
A00019435,LP19372,Broker,5/16/2015,USA,Resi,Mortage,Loan,Linear,5/8/2045,5/7/2050,USD,126142.8571,123620,729.1057143,124349.1057,0.04,variable,fixed,LIBOR,0.03,7/23/2019,350.3968254,350.3968254,non-performing,95
A00019436,LP19373,Branch,5/17/2015,USA,Resi,Mortage,Loan,Linear,5/9/2045,5/7/2053,USD,122857.1429,116714.2857,614.2857143,117328.5714,0.04,fixed,fixed,,0.03,7/26/2019,341.2698413,341.2698413,non-performing,97
A00019437,LP19374,Web,5/18/2015,USA,Resi,Mortage,Loan,Linear,5/10/2045,5/15/2045,USD,119571.4286,107614.2857,20.32714286,107634.6129,0.04,fixed,fixed,,0.03,7/26/2019,332.1428571,332.1428571,non-performing,93
A00019438,LP19375,Broker,5/19/2015,USA,Resi,Mortage,Loan,Linear,5/11/2045,5/16/2045,USD,116285.7143,113960,19.76857143,113979.7686,0.04,mixed,fixed,,0.03,7/26/2019,323.015873,323.015873,,90
A00019439,LP19376,Branch,5/20/2015,USA,Resi,Mortage,Loan,Linear,5/12/2045,5/17/2045,USD,200000,190000,34,190034,0.05,fixed,fixed,,0.03,7/26/2019,555.5555556,555.5555556,non-performing,92
A00019440,LP19377,Branch,5/21/2015,USA,Resi,Mortage,Loan,Linear,5/13/2045,5/18/2045,USD,150000,142500,375,142875,0.04145402299,fixed,fixed,,0.03,7/26/2019,416.6666667,416.6666667,non-performing,180
A00019441,LP19378,Web,5/22/2015,USA,Resi,Mortage,Loan,Linear,5/14/2045,5/19/2045,USD,100000,100020,270,100290,0.04155858361,fixed,fixed,,0.03,7/26/2019,277.7777778,277.7777778,non-performing,170
A00019442,LP19379,Broker,5/23/2015,USA,Resi,Mortage,Loan,Linear,5/15/2045,5/20/2045,USD,85000,80750,491.3,81241.3,0.04166314423,fixed,fixed,,0.03,7/26/2019,236.1111111,236.1111111,non-performing,213
A00019443,LP19380,Branch,5/24/2015,USA,CRE,Mortage,Loan,Linear,5/16/2045,5/15/2051,USD,200000,180000,1000,181000,0.04176770486,fixed,fixed,,0.03,7/26/2019,555.5555556,555.5555556,,20
A00019444,LP19381,Web,5/25/2015,USA,Resi,Mortage,Loan,Linear,5/17/2045,5/16/2050,USD,150000,147000,25.5,147025.5,0.04187226548,fixed,fixed,,0.03,7/26/2019,416.6666667,416.6666667,,90
A00019445,LP19382,Broker,5/26/2015,USA,Resi,Mortage,Loan,Linear,5/18/2045,5/17/2050,USD,136000,129200,680,129880,0.0419768261,mixed,fixed,,0.03,7/26/2019,377.7777778,377.7777778,non-performing,91
A00019446,LP19383,Branch,5/27/2015,USA,Resi,Mortage,Loan,Linear,5/19/2045,5/18/2050,USD,132714.2857,126078.5714,663.5714286,126742.1429,0.04208138673,fixed,fixed,,0.03,7/26/2019,368.6507937,368.6507937,non-performing,95
A00019447,LP19384,Branch,5/28/2015,USA,Resi,Mortage,Loan,Balloon,5/20/2045,5/19/2050,USD,129428.5714,122957.1429,323.5714286,123280.7143,0.04218594735,fixed,fixed,,0.03,7/26/2019,359.5238095,359.5238095,non-performing,97
A00019448,LP19385,Web,5/29/2015,USA,Resi,Mortage,Loan,Linear,5/21/2045,5/20/2050,USD,126142.8571,119835.7143,340.5857143,120176.3,0.04229050797,fixed,fixed,,0.03,7/29/2019,350.3968254,350.3968254,non-performing,93
A00019449,LP19386,Broker,5/30/2015,USA,Resi,Mortage,Loan,Linear,5/22/2045,5/20/2053,USD,122857.1429,110571.4286,710.1142857,111281.5429,0.04239506859,mixed,fixed,,0.03,7/26/2019,341.2698413,341.2698413,non-performing,213
A00019450,LP19387,Branch,5/31/2015,USA,Resi,Mortage,Loan,Linear,5/23/2045,5/28/2045,USD,119571.4286,117180,597.8571429,117777.8571,0.04249962922,fixed,fixed,,0.03,7/26/2019,332.1428571,332.1428571,,20
A00019451,LP19388,Web,6/1/2015,USA,Resi,Mortage,Loan,Linear,5/24/2045,5/29/2045,USD,116285.7143,110471.4286,313.9714286,110785.4,0.04260418984,fixed,fixed,,0.03,7/26/2019,258.4126984,323.015873,,90
A00019452,LP19389,Broker,6/2/2015,USA,Resi,Mortage,Loan,Linear,5/25/2045,5/30/2045,USD,150000,135000,867,135867,0.04270875046,fixed,fixed,,0.03,7/26/2019,416.6666667,416.6666667,non-performing,91
A00019453,LP19390,Branch,6/3/2015,USA,Resi,Mortage,Loan,Linear,5/26/2045,5/31/2045,USD,100000,98000,500,98500,0.04281331109,fixed,fixed,,0.03,7/26/2019,277.7777778,277.7777778,non-performing,95
A00019454,LP19391,Branch,6/4/2015,USA,Resi,Mortage,Loan,Linear,5/27/2045,6/1/2045,USD,85000,80750,14.45,80764.45,0.04291787171,fixed,fixed,,0.03,7/26/2019,236.1111111,236.1111111,non-performing,97
A00019455,LP19392,Web,6/5/2015,USA,Resi,Mortage,Loan,Linear,5/28/2045,6/2/2045,USD,200000,190000,34,190034,0.04302243233,fixed,fixed,,0.03,7/26/2019,555.5555556,555.5555556,non-performing,93
A00019456,LP19393,Broker,6/6/2015,USA,Resi,Mortage,Loan,Linear,5/29/2045,5/28/2051,USD,150000,150030,25.5,150055.5,0.04312699296,fixed,fixed,,0.03,7/26/2019,416.6666667,416.6666667,,20
A00019457,LP19394,Branch,6/7/2015,USA,Resi,Mortage,Loan,Linear,5/30/2045,5/29/2050,USD,136000,129200,340,129540,0.04323155358,fixed,fixed,,0.03,7/26/2019,377.7777778,377.7777778,,90
A00019458,LP19395,Web,6/8/2015,USA,Resi,Mortage,Loan,Linear,5/31/2045,5/30/2050,USD,156333.3333,140700,422.1,141122.1,0.0433361142,fixed,fixed,,0.03,7/26/2019,434.2592593,434.2592593,non-performing,91
A00019459,LP19396,Broker,6/9/2015,USA,CRE,Mortage,Loan,Linear,6/1/2045,5/31/2050,USD,161904.7619,158666.6667,935.8095238,159602.4762,0.04344067482,fixed,fixed,,0.03,7/26/2019,449.7354497,449.7354497,non-performing,95
A00019460,LP19397,Branch,6/10/2015,USA,Resi,Mortage,Loan,Linear,6/2/2045,6/1/2050,USD,167476.1905,159102.381,837.3809524,159939.7619,0.04354523545,fixed,fixed,,0.03,7/26/2019,465.2116402,465.2116402,non-performing,97
A00019461,LP19398,Branch,6/11/2015,USA,Resi,Mortage,Loan,Linear,6/3/2045,6/2/2050,USD,173047.619,164395.2381,29.41809524,164424.6562,0.04364979607,fixed,fixed,,0.03,7/23/2019,480.6878307,480.6878307,non-performing,93
A00019462,LP19399,Web,6/12/2015,USA,Resi,Mortage,Loan,Linear,6/4/2045,6/2/2053,USD,178619.0476,169688.0952,893.0952381,170581.1905,0.04375435669,fixed,fixed,,0.03,7/26/2019,496.1640212,496.1640212,,20
A00019463,LP19400,Broker,6/13/2015,USA,Resi,Mortage,Loan,Linear,6/5/2045,6/10/2045,USD,184190.4762,174980.9524,920.952381,175901.9048,0.04385891732,mixed,fixed,,0.03,7/26/2019,511.6402116,511.6402116,,90
A00019464,LP19401,Branch,6/14/2015,USA,Resi,Mortage,Loan,Linear,6/6/2045,6/11/2045,USD,189761.9048,170785.7143,474.4047619,171260.119,0.04396347794,variable,fixed,LIBOR,0.03,7/26/2019,0,527.1164021,non-performing,91
A00019465,LP19402,Web,6/15/2015,USA,Resi,Mortage,Loan,Linear,6/7/2045,6/12/2045,USD,195333.3333,191426.6667,527.4,191954.0667,0.04406803856,fixed,fixed,,0.03,7/26/2019,542.5925926,542.5925926,non-performing,95
A00019466,LP19403,Broker,6/16/2015,USA,Resi,Mortage,Loan,Linear,6/8/2045,6/13/2045,USD,200000,190000,1156,191156,0.04417259918,fixed,fixed,,0.03,7/26/2019,555.5555556,555.5555556,non-performing,97
A00019467,LP19404,Branch,6/17/2015,USA,Resi,Mortage,Loan,Balloon,6/9/2045,6/14/2045,USD,150000,135000,750,135750,0.04427715981,mixed,fixed,,0.03,7/26/2019,416.6666667,416.6666667,non-performing,93
A00019468,LP19405,Branch,6/18/2015,USA,Resi,Mortage,Loan,Linear,6/10/2045,6/15/2045,USD,100000,98000,270,98270,0.04438172043,fixed,fixed,,0.03,7/26/2019,277.7777778,277.7777778,,20
A00019469,LP19406,Web,6/19/2015,USA,Resi,Mortage,Loan,Linear,6/11/2045,6/10/2051,USD,85000,80750,491.3,81241.3,0.04448628105,fixed,fixed,,0.03,7/26/2019,236.1111111,236.1111111,,90
A00019470,LP19407,Broker,6/20/2015,USA,Resi,Mortage,Loan,Linear,6/12/2045,6/11/2050,USD,200000,190000,1000,191000,0.04459084168,fixed,fixed,,0.03,7/26/2019,555.5555556,555.5555556,non-performing,92
A00019471,LP19408,Branch,6/21/2015,USA,Resi,Mortage,Loan,Linear,6/13/2045,6/12/2050,USD,150000,150030,25.5,150055.5,0.0446954023,fixed,fixed,,0.03,7/26/2019,416.6666667,416.6666667,non-performing,180
A00019472,LP19409,Web,6/22/2015,USA,Resi,Mortage,Loan,Linear,6/14/2045,6/13/2050,USD,136000,129200,23.12,129223.12,0.04479996292,fixed,fixed,,0.03,7/26/2019,377.7777778,377.7777778,non-performing,170
A00019473,LP19410,Broker,6/23/2015,USA,Resi,Mortage,Loan,Linear,6/15/2045,6/14/2050,USD,132714.2857,119442.8571,22.56142857,119465.4186,0.04490452354,fixed,fixed,,0.03,7/26/2019,368.6507937,368.6507937,non-performing,213
A00019474,LP19411,Branch,6/24/2015,USA,Resi,Mortage,Loan,Linear,6/16/2045,6/15/2050,USD,129428.5714,126840,323.5714286,127163.5714,0.04,mixed,fixed,,0.03,7/26/2019,359.5238095,359.5238095,,20
A00019475,LP19412,Branch,6/25/2015,USA,CRE,Mortage,Loan,Linear,6/17/2045,6/15/2053,USD,126142.8571,119835.7143,340.5857143,120176.3,0.035,fixed,fixed,,0.03,7/26/2019,350.3968254,350.3968254,,90
A00019476,LP19413,Web,6/26/2015,USA,Resi,Mortage,Loan,Linear,6/18/2045,6/23/2045,USD,122857.1429,116714.2857,710.1142857,117424.4,0.04,fixed,fixed,,0.03,7/26/2019,341.2698413,341.2698413,non-performing,91
A00019477,LP19414,Broker,6/27/2015,USA,Resi,Mortage,Loan,Linear,6/19/2045,6/24/2045,USD,119571.4286,113592.8571,597.8571429,114190.7143,0.04,fixed,fixed,,0.03,7/26/2019,332.1428571,332.1428571,non-performing,95
A00019478,LP19415,Branch,6/28/2015,USA,Resi,Mortage,Loan,Linear,6/20/2045,6/25/2045,USD,116285.7143,110471.4286,19.76857143,110491.1971,0.04,mixed,fixed,,0.03,7/26/2019,323.015873,323.015873,non-performing,97
A00019479,LP19416,Web,6/29/2015,USA,Resi,Mortage,Loan,Linear,6/21/2045,6/26/2045,USD,200000,180000,1000,181000,0.0375,fixed,fixed,,0.03,7/26/2019,555.5555556,555.5555556,non-performing,93
A00019480,LP19417,Broker,2/16/2015,USA,Resi,Mortage,Loan,Linear,2/8/2045,2/13/2045,USD,150000,147000,750,147750,0.04,fixed,fixed,,0.03,7/26/2019,416.6666667,416.6666667,non-performing,213
A00019481,LP19418,Branch,2/17/2015,USA,Resi,Mortage,Loan,Linear,2/9/2045,2/14/2045,USD,100000,95000,250,95250,0.04,fixed,fixed,,0.03,7/26/2019,277.7777778,277.7777778,,20
A00019482,LP19419,Branch,2/18/2015,USA,Resi,Mortage,Loan,Linear,2/10/2045,2/9/2051,USD,85000,76500,229.5,76729.5,0.04,fixed,fixed,,0.03,7/26/2019,236.1111111,236.1111111,,90
A00019483,LP19420,Web,2/19/2015,USA,Resi,Mortage,Loan,Linear,2/11/2045,2/10/2050,USD,200000,196000,1156,197156,0.04,fixed,fixed,,0.03,7/26/2019,555.5555556,555.5555556,non-performing,91
A00019484,LP19421,Broker,2/20/2015,USA,Resi,Mortage,Loan,Linear,2/12/2045,2/11/2050,USD,150000,142500,750,143250,0.04,fixed,fixed,,0.03,7/26/2019,416.6666667,416.6666667,non-performing,95
A00019485,LP19422,Branch,2/21/2015,USA,Resi,Mortage,Loan,Linear,2/13/2045,2/12/2050,USD,136000,129200,367.2,129567.2,0.04,fixed,fixed,,0.03,7/26/2019,377.7777778,377.7777778,non-performing,97
A00019486,LP19423,Web,2/22/2015,USA,Resi,Mortage,Loan,Linear,2/14/2045,2/13/2050,USD,132714.2857,132740.8286,767.0885714,133507.9171,0.0375,fixed,fixed,,0.03,7/23/2019,368.6507937,368.6507937,non-performing,93
A00019487,LP19424,Broker,2/23/2015,USA,Resi,Mortage,Loan,Balloon,2/15/2045,2/14/2050,USD,129428.5714,122957.1429,647.1428571,123604.2857,0.04,fixed,fixed,,0.03,7/26/2019,359.5238095,359.5238095,,20
A00019488,LP19425,Branch,2/24/2015,USA,Resi,Mortage,Loan,Linear,2/16/2045,2/14/2053,USD,126142.8571,113528.5714,21.44428571,113550.0157,0.04,fixed,fixed,,0.03,7/26/2019,350.3968254,350.3968254,,90
A00019489,LP19426,Branch,2/25/2015,USA,Resi,Mortage,Loan,Linear,2/17/2045,2/22/2045,USD,122857.1429,120400,20.88571429,120420.8857,0.04,fixed,fixed,,0.03,7/26/2019,341.2698413,341.2698413,non-performing,91
A00019490,LP19427,Web,2/26/2015,USA,Resi,Mortage,Loan,Linear,2/18/2045,2/23/2045,USD,119571.4286,113592.8571,20.32714286,113613.1843,0.035,fixed,fixed,,0.03,7/26/2019,332.1428571,332.1428571,non-performing,95
A00019491,LP19428,Broker,2/27/2015,USA,CRE,Mortage,Loan,Linear,2/19/2045,2/24/2045,USD,116285.7143,110471.4286,290.7142857,110762.1429,0.04,fixed,fixed,,0.03,7/26/2019,323.015873,323.015873,non-performing,97
A00019492,LP19429,Branch,2/28/2015,USA,Resi,Mortage,Loan,Linear,2/20/2045,2/25/2045,USD,150000,142500,405,142905,0.04,mixed,fixed,,0.03,7/26/2019,416.6666667,416.6666667,non-performing,93
A00019493,LP19430,Web,3/1/2015,USA,Resi,Mortage,Loan,Linear,2/21/2045,2/26/2045,USD,100000,95000,578,95578,0.04,variable,fixed,LIBOR,0.03,7/26/2019,277.7777778,277.7777778,,90
A00019494,LP19431,Broker,3/2/2015,USA,Resi,Mortage,Loan,Linear,2/22/2045,2/27/2045,USD,85000,76500,425,76925,0.04,fixed,fixed,,0.03,7/26/2019,236.1111111,236.1111111,non-performing,92
A00019495,LP19432,Branch,3/3/2015,USA,Resi,Mortage,Loan,Linear,2/23/2045,2/22/2051,USD,200000,196000,34,196034,0.04,fixed,fixed,,0.03,7/26/2019,800,555.5555556,non-performing,180
A00019496,LP19433,Branch,3/4/2015,USA,CRE,Mortage,Loan,Linear,2/24/2045,2/23/2050,USD,150000,142500,750,143250,0.04,mixed,fixed,,0.03,7/26/2019,416.6666667,416.6666667,non-performing,170
A00019497,LP19434,Web,3/5/2015,USA,Resi,Mortage,Loan,Linear,2/25/2045,2/24/2050,USD,136000,122400,680,123080,0.04,fixed,fixed,,0.03,7/26/2019,377.7777778,377.7777778,non-performing,213
A00019498,LP19435,Broker,3/6/2015,USA,Resi,Mortage,Loan,Linear,2/26/2045,2/25/2050,USD,156333.3333,153206.6667,390.8333333,153597.5,0.04,fixed,fixed,,0.03,7/26/2019,434.2592593,434.2592593,,20
A00019499,LP19436,Branch,3/7/2015,USA,Resi,Mortage,Loan,Linear,2/27/2045,2/26/2050,USD,161904.7619,153809.5238,437.1428571,154246.6667,0.04,fixed,fixed,,0.03,7/22/2019,449.7354497,449.7354497,,90
A00019500,LP19437,Web,3/8/2015,USA,Resi,Mortage,Loan,Linear,2/28/2045,2/27/2050,USD,167476.1905,159102.381,968.012381,160070.3933,0.04,fixed,fixed,,0.03,7/31/2019,465.2116402,465.2116402,non-performing,91
A00019501,LP19438,Broker,3/9/2015,USA,Resi,Mortage,Loan,Linear,3/1/2045,2/27/2053,USD,173047.619,173082.2286,865.2380952,173947.4667,0.04,fixed,fixed,,0.03,7/26/2019,480.6878307,480.6878307,non-performing,95
A00019502,LP19439,Branch,3/10/2015,USA,Resi,Mortage,Loan,Linear,3/2/2045,3/7/2045,USD,178619.0476,169688.0952,482.2714286,170170.3667,0.04,fixed,fixed,,0.03,7/26/2019,496.1640212,496.1640212,non-performing,97
A00019503,LP19440,Branch,3/11/2015,USA,Resi,Mortage,Loan,Linear,3/3/2045,3/8/2045,USD,184190.4762,165771.4286,1064.620952,166836.0495,0.05,mixed,fixed,,0.03,7/26/2019,511.6402116,511.6402116,non-performing,93
A00019504,LP19441,Web,3/12/2015,USA,Resi,Mortage,Loan,Linear,3/4/2045,3/9/2045,USD,189761.9048,185966.6667,948.8095238,186915.4762,0.04145402299,fixed,fixed,,0.03,7/26/2019,527.1164021,527.1164021,non-performing,213
A00019505,LP19442,Broker,3/13/2015,USA,Resi,Mortage,Loan,Linear,3/5/2045,3/10/2045,USD,195333.3333,185566.6667,33.20666667,185599.8733,0.04155858361,fixed,fixed,,0.03,7/26/2019,542.5925926,542.5925926,,20
A00019506,LP19443,Branch,3/14/2015,USA,Resi,Mortage,Loan,Linear,3/6/2045,3/11/2045,USD,200000,190000,34,190034,0.04166314423,fixed,fixed,,0.03,7/26/2019,555.5555556,555.5555556,,90
A00019507,LP19444,Web,3/15/2015,USA,Resi,Mortage,Loan,Balloon,3/7/2045,3/12/2045,USD,150000,142500,25.5,142525.5,0.04176770486,mixed,fixed,,0.03,7/26/2019,416.6666667,416.6666667,non-performing,91
A00019508,LP19445,Broker,3/16/2015,USA,Resi,Mortage,Loan,Linear,3/8/2045,3/7/2051,USD,100000,95000,250,95250,0.04187226548,fixed,fixed,,0.03,7/26/2019,277.7777778,277.7777778,non-performing,95
A00019509,LP19446,Branch,3/17/2015,USA,Resi,Mortage,Loan,Linear,3/9/2045,3/8/2050,USD,85000,76500,229.5,76729.5,0.0419768261,fixed,fixed,,0.03,7/26/2019,236.1111111,236.1111111,non-performing,97
A00019510,LP19447,Branch,3/18/2015,USA,Resi,Mortage,Loan,Linear,3/10/2045,3/9/2050,USD,200000,196000,1156,197156,0.04208138673,fixed,fixed,,0.03,7/26/2019,555.5555556,555.5555556,non-performing,93
A00019511,LP19448,Web,3/19/2015,USA,Resi,Mortage,Loan,Linear,3/11/2045,3/10/2050,USD,150000,142500,750,143250,0.04218594735,fixed,fixed,,0.03,7/26/2019,416.6666667,416.6666667,,20
A00019512,LP19449,Broker,3/20/2015,USA,CRE,Mortage,Loan,Linear,3/12/2045,3/11/2050,USD,136000,122400,23.12,122423.12,0.04229050797,fixed,fixed,,0.03,7/26/2019,377.7777778,377.7777778,,90
A00019513,LP19450,Branch,3/21/2015,USA,Resi,Mortage,Loan,Linear,3/13/2045,3/12/2050,USD,132714.2857,130060,663.5714286,130723.5714,0.04239506859,fixed,fixed,,0.03,7/23/2019,368.6507937,368.6507937,non-performing,91
A00019514,LP19451,Web,3/22/2015,USA,Resi,Mortage,Loan,Linear,3/14/2045,3/12/2053,USD,129428.5714,122957.1429,647.1428571,123604.2857,0.04249962922,fixed,fixed,,0.03,7/26/2019,359.5238095,359.5238095,non-performing,95
A00019515,LP19452,Broker,3/23/2015,USA,Resi,Mortage,Loan,Linear,3/15/2045,3/20/2045,USD,126142.8571,119835.7143,315.3571429,120151.0714,0.04260418984,fixed,fixed,,0.03,7/26/2019,350.3968254,350.3968254,non-performing,97
A00019516,LP19453,Branch,3/24/2015,USA,Resi,Mortage,Loan,Linear,3/16/2045,3/21/2045,USD,122857.1429,122881.7143,331.7142857,123213.4286,0.04270875046,fixed,fixed,,0.03,7/26/2019,341.2698413,341.2698413,non-performing,93
A00019517,LP19454,Branch,3/25/2015,USA,CRE,Mortage,Loan,Linear,3/17/2045,3/22/2045,USD,119571.4286,113592.8571,691.1228571,114283.98,0.04281331109,fixed,fixed,,0.03,7/26/2019,332.1428571,332.1428571,,20
A00019518,LP19455,Web,3/26/2015,USA,Resi,Mortage,Loan,Linear,3/18/2045,3/23/2045,USD,116285.7143,104657.1429,581.4285714,105238.5714,0.04291787171,fixed,fixed,,0.03,7/26/2019,323.015873,323.015873,,90
A00019519,LP19456,Broker,3/27/2015,USA,Resi,Mortage,Loan,Linear,3/19/2045,3/24/2045,USD,200000,196000,540,196540,0.04302243233,fixed,fixed,,0.03,7/26/2019,555.5555556,555.5555556,non-performing,91
A00019520,LP19457,Branch,3/28/2015,USA,Resi,Mortage,Loan,Linear,3/20/2045,3/25/2045,USD,150000,142500,867,143367,0.04312699296,fixed,fixed,,0.03,7/26/2019,416.6666667,416.6666667,non-performing,95
A00019521,LP19458,Web,3/29/2015,USA,Resi,Mortage,Loan,Linear,3/21/2045,3/20/2051,USD,100000,95000,500,95500,0.04323155358,mixed,fixed,,0.03,7/26/2019,277.7777778,277.7777778,non-performing,97
A00019522,LP19459,Broker,3/30/2015,USA,Resi,Mortage,Loan,Linear,3/22/2045,3/21/2050,USD,85000,80750,14.45,80764.45,0.0433361142,variable,fixed,LIBOR,0.03,7/26/2019,236.1111111,236.1111111,non-performing,93
A00019523,LP19460,Branch,3/31/2015,USA,Resi,Mortage,Loan,Linear,3/23/2045,3/22/2050,USD,200000,190000,34,190034,0.04344067482,fixed,fixed,,0.03,7/26/2019,555.5555556,555.5555556,,20
A00019524,LP19461,Branch,4/1/2015,USA,Resi,Mortage,Loan,Linear,3/24/2045,3/23/2050,USD,150000,135000,25.5,135025.5,0.04354523545,fixed,fixed,,0.03,7/26/2019,416.6666667,416.6666667,,90
A00019525,LP19462,Web,4/2/2015,USA,Resi,Mortage,Loan,Linear,3/25/2045,3/24/2050,USD,136000,133280,340,133620,0.04364979607,mixed,fixed,,0.03,7/26/2019,377.7777778,377.7777778,non-performing,91
A00019526,LP19463,Broker,4/3/2015,USA,Resi,Mortage,Loan,Linear,3/26/2045,3/25/2050,USD,132714.2857,126078.5714,358.3285714,126436.9,0.04375435669,fixed,fixed,,0.03,7/29/2019,368.6507937,368.6507937,non-performing,95
A00019527,LP19464,Branch,4/4/2015,USA,Resi,Mortage,Loan,Balloon,3/27/2045,3/25/2053,USD,129428.5714,116485.7143,748.0971429,117233.8114,0.04385891732,fixed,fixed,,0.03,7/26/2019,0,359.5238095,non-performing,97
A00019528,LP19465,Web,4/5/2015,USA,Resi,Mortage,Loan,Linear,3/28/2045,4/2/2045,USD,126142.8571,123620,630.7142857,124250.7143,0.04396347794,fixed,fixed,,0.03,7/26/2019,350.3968254,350.3968254,non-performing,93
A00019529,LP19466,Broker,4/6/2015,USA,Resi,Mortage,Loan,Linear,3/29/2045,4/3/2045,USD,122857.1429,116714.2857,20.88571429,116735.1714,0.04406803856,fixed,fixed,,0.03,7/26/2019,341.2698413,341.2698413,,90
A00019530,LP19467,Branch,4/7/2015,USA,Resi,Mortage,Loan,Linear,3/30/2045,4/4/2045,USD,119571.4286,113592.8571,597.8571429,114190.7143,0.04417259918,fixed,fixed,,0.03,7/26/2019,332.1428571,332.1428571,non-performing,92
A00019531,LP19468,Branch,4/8/2015,USA,Resi,Mortage,Loan,Linear,3/31/2045,4/5/2045,USD,116285.7143,116308.9714,581.4285714,116890.4,0.04427715981,fixed,fixed,,0.03,7/26/2019,323.015873,323.015873,,20
A00019532,LP19469,Web,4/9/2015,USA,Resi,Mortage,Loan,Linear,4/1/2045,4/6/2045,USD,150000,142500,375,142875,0.04438172043,mixed,fixed,,0.03,7/26/2019,416.6666667,416.6666667,,90
A00019533,LP19470,Broker,4/10/2015,USA,CRE,Mortage,Loan,Linear,4/2/2045,4/7/2045,USD,100000,90000,270,90270,0.04448628105,fixed,fixed,,0.03,7/26/2019,277.7777778,277.7777778,non-performing,91
A00019534,LP19471,Branch,4/11/2015,USA,Resi,Mortage,Loan,Linear,4/3/2045,4/2/2051,USD,85000,83300,491.3,83791.3,0.04459084168,fixed,fixed,,0.03,7/26/2019,236.1111111,236.1111111,non-performing,95
A00019535,LP19472,Web,4/12/2015,USA,Resi,Mortage,Loan,Linear,4/4/2045,4/3/2050,USD,200000,190000,1000,191000,0.0446954023,fixed,fixed,,0.03,7/26/2019,555.5555556,555.5555556,non-performing,97
A00019536,LP19473,Broker,4/13/2015,USA,Resi,Mortage,Loan,Linear,4/5/2045,4/4/2050,USD,150000,142500,405,142905,0.04479996292,mixed,fixed,,0.03,7/26/2019,416.6666667,416.6666667,non-performing,93
A00019537,LP19474,Branch,4/14/2015,USA,Resi,Mortage,Loan,Linear,4/6/2045,4/5/2050,USD,136000,129200,786.08,129986.08,0.04490452354,fixed,fixed,,0.03,7/26/2019,468.9655172,377.7777778,,20
A00019538,LP19475,Branch,4/15/2015,USA,CRE,Mortage,Loan,Linear,4/7/2045,4/6/2050,USD,156333.3333,148516.6667,781.6666667,149298.3333,0.04,fixed,fixed,,0.03,7/26/2019,434.2592593,434.2592593,,90
A00019539,LP19476,Web,4/16/2015,USA,Resi,Mortage,Loan,Linear,4/8/2045,4/7/2050,USD,161904.7619,145714.2857,27.52380952,145741.8095,0.035,fixed,fixed,,0.03,7/23/2019,449.7354497,449.7354497,non-performing,91
A00019540,LP19477,Broker,4/17/2015,USA,Resi,Mortage,Loan,Linear,4/9/2045,4/7/2053,USD,167476.1905,164126.6667,28.47095238,164155.1376,0.04,fixed,fixed,,0.03,7/26/2019,465.2116402,465.2116402,non-performing,95
A00019541,LP19478,Branch,4/18/2015,USA,Resi,Mortage,Loan,Linear,4/10/2045,4/15/2045,USD,173047.619,164395.2381,29.41809524,164424.6562,0.04,fixed,fixed,,0.03,7/26/2019,480.6878307,480.6878307,non-performing,97
A00019542,LP19479,Web,4/19/2015,USA,Resi,Mortage,Loan,Linear,4/11/2045,4/16/2045,USD,178619.0476,160757.1429,446.547619,161203.6905,0.04,fixed,fixed,,0.03,7/26/2019,496.1640212,496.1640212,non-performing,93
A00019543,LP19480,Broker,4/20/2015,USA,Resi,Mortage,Loan,Linear,4/12/2045,4/17/2045,USD,184190.4762,180506.6667,497.3142857,181003.981,0.0375,fixed,fixed,,0.03,7/26/2019,511.6402116,511.6402116,,20
A00019544,LP19481,Branch,4/21/2015,USA,Resi,Mortage,Loan,Linear,4/13/2045,4/18/2045,USD,189761.9048,180273.8095,1096.82381,181370.6333,0.04,fixed,fixed,,0.03,7/26/2019,527.1164021,527.1164021,,90
A00019545,LP19482,Branch,4/22/2015,USA,Resi,Mortage,Loan,Linear,4/14/2045,4/19/2045,USD,195333.3333,185566.6667,976.6666667,186543.3333,0.04,fixed,fixed,,0.03,7/26/2019,542.5925926,542.5925926,non-performing,91
A00019546,LP19483,Web,4/23/2015,USA,Resi,Mortage,Loan,Linear,4/15/2045,4/20/2045,USD,200000,200040,34,200074,0.04,fixed,fixed,,0.03,7/26/2019,555.5555556,555.5555556,non-performing,95
A00019547,LP19484,Broker,4/24/2015,USA,Resi,Mortage,Loan,Balloon,4/16/2045,4/15/2051,USD,150000,142500,750,143250,0.04,fixed,fixed,,0.03,7/26/2019,416.6666667,416.6666667,non-performing,97
A00019548,LP19485,Branch,4/25/2015,USA,Resi,Mortage,Loan,Linear,4/17/2045,4/16/2050,USD,100000,90000,500,90500,0.04,fixed,fixed,,0.03,7/26/2019,277.7777778,277.7777778,non-performing,93
A00019549,LP19486,Web,4/26/2015,USA,Resi,Mortage,Loan,Linear,4/18/2045,4/17/2050,USD,85000,83300,212.5,83512.5,0.04,fixed,fixed,,0.03,7/26/2019,236.1111111,236.1111111,,20
A00019550,LP19487,Broker,4/27/2015,USA,Resi,Mortage,Loan,Linear,4/19/2045,4/18/2050,USD,200000,190000,540,190540,0.0375,mixed,fixed,,0.03,7/26/2019,555.5555556,555.5555556,,90
A00019551,LP19488,Branch,4/28/2015,USA,Resi,Mortage,Loan,Linear,4/20/2045,4/19/2050,USD,150000,142500,867,143367,0.04,variable,fixed,LIBOR,0.03,7/26/2019,416.6666667,416.6666667,non-performing,91
A00019552,LP19489,Branch,4/29/2015,USA,Resi,Mortage,Loan,Linear,4/21/2045,4/20/2050,USD,136000,129200,680,129880,0.04,fixed,fixed,,0.03,7/26/2019,377.7777778,377.7777778,non-performing,95
A00019553,LP19490,Web,4/30/2015,USA,Resi,Mortage,Loan,Linear,4/22/2045,4/20/2053,USD,132714.2857,126078.5714,358.3285714,126436.9,0.04,fixed,fixed,,0.03,7/26/2019,368.6507937,368.6507937,non-performing,97
A00019554,LP19491,Broker,5/1/2015,USA,CRE,Mortage,Loan,Linear,4/23/2045,4/28/2045,USD,129428.5714,116485.7143,748.0971429,117233.8114,0.035,mixed,fixed,,0.03,7/26/2019,359.5238095,359.5238095,non-performing,93
A00019555,LP19492,Branch,5/2/2015,USA,Resi,Mortage,Loan,Linear,4/24/2045,4/29/2045,USD,126142.8571,123620,630.7142857,124250.7143,0.04,fixed,fixed,,0.03,7/26/2019,350.3968254,350.3968254,,90
A00019556,LP19493,Web,5/3/2015,USA,Resi,Mortage,Loan,Linear,4/25/2045,4/30/2045,USD,122857.1429,116714.2857,20.88571429,116735.1714,0.04,fixed,fixed,,0.03,7/26/2019,341.2698413,341.2698413,non-performing,92
A00019557,LP19494,Broker,5/4/2015,USA,Resi,Mortage,Loan,Linear,4/26/2045,5/1/2045,USD,119571.4286,107614.2857,20.32714286,107634.6129,0.04,fixed,fixed,,0.03,7/26/2019,332.1428571,332.1428571,non-performing,91
A00019558,LP19495,Branch,5/5/2015,USA,Resi,Mortage,Loan,Linear,4/27/2045,5/2/2045,USD,116285.7143,113960,19.76857143,113979.7686,0.04,fixed,fixed,,0.03,7/26/2019,323.015873,323.015873,non-performing,95
A00019559,LP19496,Branch,5/6/2015,USA,CRE,Mortage,Loan,Linear,4/28/2045,5/3/2045,USD,200000,190000,500,190500,0.04,fixed,fixed,,0.03,7/26/2019,555.5555556,555.5555556,non-performing,97
A00019560,LP19497,Web,5/7/2015,USA,Resi,Mortage,Loan,Linear,4/29/2045,4/28/2051,USD,150000,142500,405,142905,0.04,fixed,fixed,,0.03,7/26/2019,416.6666667,416.6666667,non-performing,93
A00019561,LP19498,Broker,5/8/2015,USA,Resi,Mortage,Loan,Linear,4/30/2045,4/29/2050,USD,100000,100020,578,100598,0.04,mixed,fixed,,0.03,7/26/2019,277.7777778,277.7777778,,90
A00019562,LP19499,Branch,5/9/2015,USA,Resi,Mortage,Loan,Linear,5/1/2045,4/30/2050,USD,85000,80750,425,81175,0.04,fixed,fixed,,0.03,7/26/2019,236.1111111,236.1111111,non-performing,92
A00019563,LP19500,Web,5/10/2015,USA,Resi,Mortage,Loan,Linear,5/2/2045,5/1/2050,USD,200000,180000,34,180034,0.04,fixed,fixed,,0.03,7/26/2019,555.5555556,555.5555556,non-performing,180
A00019564,LP19501,Broker,5/11/2015,USA,Resi,Mortage,Loan,Linear,5/3/2045,5/2/2050,USD,150000,147000,750,147750,0.04,fixed,fixed,,0.03,7/23/2019,416.6666667,416.6666667,non-performing,170
A00019565,LP19502,Branch,5/12/2015,USA,Resi,Mortage,Loan,Linear,5/4/2045,5/3/2050,USD,136000,129200,680,129880,0.04,mixed,fixed,,0.03,7/26/2019,377.7777778,377.7777778,non-performing,213
A00019566,LP19503,Branch,5/13/2015,USA,Resi,Mortage,Loan,Linear,5/5/2045,5/3/2053,USD,132714.2857,126078.5714,331.7857143,126410.3571,0.04,fixed,fixed,,0.03,7/26/2019,368.6507937,368.6507937,,20
A00019567,LP19504,Web,5/14/2015,USA,Resi,Mortage,Loan,Balloon,5/6/2045,5/11/2045,USD,129428.5714,122957.1429,349.4571429,123306.6,0.05,fixed,fixed,,0.03,7/26/2019,359.5238095,359.5238095,,90
A00019568,LP19505,Broker,5/15/2015,USA,Resi,Mortage,Loan,Linear,5/7/2045,5/12/2045,USD,126142.8571,119835.7143,729.1057143,120564.82,0.04145402299,fixed,fixed,,0.03,7/26/2019,350.3968254,350.3968254,non-performing,91
A00019569,LP19506,Branch,5/16/2015,USA,Resi,Mortage,Loan,Linear,5/8/2045,5/13/2045,USD,122857.1429,110571.4286,614.2857143,111185.7143,0.04155858361,fixed,fixed,,0.03,7/26/2019,341.2698413,341.2698413,non-performing,95
A00019570,LP19507,Web,5/17/2015,USA,Resi,Mortage,Loan,Linear,5/9/2045,5/14/2045,USD,119571.4286,117180,322.8428571,117502.8429,0.04166314423,fixed,fixed,,0.03,7/26/2019,332.1428571,332.1428571,non-performing,97
A00019571,LP19508,Broker,5/18/2015,USA,Resi,Mortage,Loan,Linear,5/10/2045,5/15/2045,USD,116285.7143,110471.4286,672.1314286,111143.56,0.04176770486,fixed,fixed,,0.03,7/26/2019,323.015873,323.015873,non-performing,93
A00019572,LP19509,Branch,5/19/2015,USA,Resi,Mortage,Loan,Linear,5/11/2045,5/16/2045,USD,150000,135000,750,135750,0.04187226548,fixed,fixed,,0.03,7/26/2019,416.6666667,416.6666667,non-performing,213
A00019573,LP19510,Branch,5/20/2015,USA,Resi,Mortage,Loan,Linear,5/12/2045,5/11/2051,USD,100000,98000,17,98017,0.0419768261,fixed,fixed,,0.03,7/26/2019,277.7777778,277.7777778,,20
A00019574,LP19511,Web,5/21/2015,USA,Resi,Mortage,Loan,Linear,5/13/2045,5/12/2050,USD,85000,80750,14.45,80764.45,0.04208138673,fixed,fixed,,0.03,7/26/2019,236.1111111,236.1111111,,90
A00019575,LP19512,Broker,5/22/2015,USA,CRE,Mortage,Loan,Linear,5/14/2045,5/13/2050,USD,200000,190000,34,190034,0.04218594735,fixed,fixed,,0.03,7/26/2019,555.5555556,555.5555556,non-performing,91
A00019576,LP19513,Branch,5/23/2015,USA,Resi,Mortage,Loan,Linear,5/15/2045,5/14/2050,USD,150000,150030,375,150405,0.04229050797,fixed,fixed,,0.03,7/26/2019,416.6666667,416.6666667,non-performing,95
A00019577,LP19514,Web,5/24/2015,USA,Resi,Mortage,Loan,Linear,5/16/2045,5/15/2050,USD,136000,129200,367.2,129567.2,0.04239506859,fixed,fixed,,0.03,7/22/2019,377.7777778,377.7777778,non-performing,97
A00019578,LP19515,Broker,5/25/2015,USA,Resi,Mortage,Loan,Linear,5/17/2045,5/16/2050,USD,156333.3333,140700,903.6066667,141603.6067,0.04249962922,fixed,fixed,,0.03,7/26/2019,434.2592593,434.2592593,non-performing,93
A00019579,LP19516,Branch,5/26/2015,USA,Resi,Mortage,Loan,Linear,5/18/2045,5/16/2053,USD,161904.7619,158666.6667,809.5238095,159476.1905,0.04260418984,mixed,fixed,,0.03,7/26/2019,449.7354497,449.7354497,,20
A00019580,LP19517,Branch,5/27/2015,USA,CRE,Mortage,Loan,Linear,5/19/2045,5/24/2045,USD,167476.1905,159102.381,28.47095238,159130.8519,0.04270875046,variable,fixed,LIBOR,0.03,7/26/2019,465.2116402,465.2116402,,90
A00019581,LP19518,Web,5/28/2015,USA,Resi,Mortage,Loan,Linear,5/20/2045,5/25/2045,USD,173047.619,164395.2381,865.2380952,165260.4762,0.04281331109,fixed,fixed,,0.03,7/26/2019,480.6878307,480.6878307,non-performing,91
A00019582,LP19519,Broker,5/29/2015,USA,Resi,Mortage,Loan,Linear,5/21/2045,5/26/2045,USD,178619.0476,169688.0952,893.0952381,170581.1905,0.04291787171,fixed,fixed,,0.03,7/26/2019,496.1640212,496.1640212,non-performing,95
A00019583,LP19520,Branch,5/30/2015,USA,Resi,Mortage,Loan,Linear,5/22/2045,5/27/2045,USD,184190.4762,174980.9524,460.4761905,175441.4286,0.04302243233,mixed,fixed,,0.03,7/26/2019,511.6402116,511.6402116,non-performing,97
A00019584,LP19521,Web,5/31/2015,USA,Resi,Mortage,Loan,Linear,5/23/2045,5/28/2045,USD,189761.9048,170785.7143,512.3571429,171298.0714,0.04312699296,fixed,fixed,,0.03,7/26/2019,527.1164021,527.1164021,non-performing,93
A00019585,LP19522,Broker,6/1/2015,USA,Resi,Mortage,Loan,Linear,5/24/2045,5/29/2045,USD,195333.3333,191426.6667,1129.026667,192555.6933,0.04323155358,fixed,fixed,,0.03,7/26/2019,0,542.5925926,,20
A00019586,LP19523,Branch,6/2/2015,USA,Resi,Mortage,Loan,Linear,5/25/2045,5/24/2051,USD,200000,190000,1000,191000,0.0433361142,fixed,fixed,,0.03,7/26/2019,555.5555556,555.5555556,,90
A00019587,LP19524,Branch,6/3/2015,USA,Resi,Mortage,Loan,Balloon,5/26/2045,5/25/2050,USD,150000,135000,405,135405,0.04344067482,fixed,fixed,,0.03,7/26/2019,416.6666667,416.6666667,non-performing,91
A00019588,LP19525,Web,6/4/2015,USA,Resi,Mortage,Loan,Linear,5/27/2045,5/26/2050,USD,100000,98000,578,98578,0.04354523545,fixed,fixed,,0.03,7/26/2019,277.7777778,277.7777778,non-performing,95
A00019589,LP19526,Broker,6/5/2015,USA,Resi,Mortage,Loan,Linear,5/28/2045,5/27/2050,USD,85000,80750,425,81175,0.04364979607,fixed,fixed,,0.03,7/26/2019,236.1111111,236.1111111,non-performing,97
A00019590,LP19527,Branch,6/6/2015,USA,Resi,Mortage,Loan,Linear,5/29/2045,5/28/2050,USD,200000,190000,34,190034,0.04375435669,mixed,fixed,,0.03,7/23/2019,555.5555556,555.5555556,non-performing,93
A00019591,LP19528,Web,6/7/2015,USA,Resi,Mortage,Loan,Linear,5/30/2045,5/29/2050,USD,150000,150030,25.5,150055.5,0.04385891732,fixed,fixed,,0.03,7/26/2019,416.6666667,416.6666667,,20
A00019592,LP19529,Broker,6/8/2015,USA,Resi,Mortage,Loan,Linear,5/31/2045,5/29/2053,USD,136000,129200,23.12,129223.12,0.04396347794,fixed,fixed,,0.03,7/26/2019,377.7777778,377.7777778,,90
A00019593,LP19530,Branch,6/9/2015,USA,Resi,Mortage,Loan,Linear,6/1/2045,6/6/2045,USD,132714.2857,119442.8571,331.7857143,119774.6429,0.04406803856,fixed,fixed,,0.03,7/26/2019,368.6507937,368.6507937,non-performing,92
A00019594,LP19531,Branch,6/10/2015,USA,Resi,Mortage,Loan,Linear,6/2/2045,6/7/2045,USD,129428.5714,126840,349.4571429,127189.4571,0.04417259918,mixed,fixed,,0.03,7/26/2019,359.5238095,359.5238095,non-performing,180
A00019595,LP19532,Web,6/11/2015,USA,Resi,Mortage,Loan,Linear,6/3/2045,6/8/2045,USD,126142.8571,119835.7143,729.1057143,120564.82,0.04427715981,fixed,fixed,,0.03,7/26/2019,350.3968254,350.3968254,non-performing,170
A00019596,LP19533,Broker,6/12/2015,USA,CRE,Mortage,Loan,Linear,6/4/2045,6/9/2045,USD,122857.1429,116714.2857,614.2857143,117328.5714,0.04438172043,fixed,fixed,,0.03,7/26/2019,341.2698413,341.2698413,non-performing,213
A00019597,LP19534,Branch,6/13/2015,USA,Resi,Mortage,Loan,Linear,6/5/2045,6/10/2045,USD,119571.4286,113592.8571,20.32714286,113613.1843,0.04448628105,fixed,fixed,,0.03,7/26/2019,332.1428571,332.1428571,,20
A00019598,LP19535,Web,6/14/2015,USA,Resi,Mortage,Loan,Linear,6/6/2045,6/11/2045,USD,116285.7143,110471.4286,581.4285714,111052.8571,0.04459084168,fixed,fixed,,0.03,7/26/2019,323.015873,323.015873,,90
A00019599,LP19536,Broker,6/15/2015,USA,Resi,Mortage,Loan,Linear,6/7/2045,6/6/2051,USD,200000,180000,1000,181000,0.0446954023,fixed,fixed,,0.03,7/26/2019,555.5555556,555.5555556,non-performing,91
A00019600,LP19537,Branch,6/16/2015,USA,Resi,Mortage,Loan,Linear,6/8/2045,6/7/2050,USD,150000,147000,375,147375,0.04479996292,fixed,fixed,,0.03,7/26/2019,416.6666667,416.6666667,non-performing,95
A00019601,LP19538,Branch,6/17/2015,USA,CRE,Mortage,Loan,Linear,6/9/2045,6/8/2050,USD,100000,95000,270,95270,0.04490452354,fixed,fixed,,0.03,7/26/2019,277.7777778,277.7777778,non-performing,97
A00019602,LP19539,Web,6/18/2015,USA,Resi,Mortage,Loan,Linear,6/10/2045,6/9/2050,USD,85000,76500,491.3,76991.3,0.04,fixed,fixed,,0.03,7/26/2019,236.1111111,236.1111111,non-performing,93
A00019603,LP19540,Broker,6/19/2015,USA,Resi,Mortage,Loan,Linear,6/11/2045,6/10/2050,USD,200000,196000,1000,197000,0.035,fixed,fixed,,0.03,7/29/2019,555.5555556,555.5555556,non-performing,213
A00019604,LP19541,Branch,6/20/2015,USA,Resi,Mortage,Loan,Linear,6/12/2045,6/11/2050,USD,150000,142500,405,142905,0.04,fixed,fixed,,0.03,7/26/2019,416.6666667,416.6666667,,20
A00019605,LP19542,Web,6/21/2015,USA,Resi,Mortage,Loan,Linear,6/13/2045,6/11/2053,USD,136000,129200,786.08,129986.08,0.04,fixed,fixed,,0.03,7/26/2019,377.7777778,377.7777778,,90
A00019606,LP19543,Broker,6/22/2015,USA,Resi,Mortage,Loan,Linear,6/14/2045,6/19/2045,USD,132714.2857,132740.8286,663.5714286,133404.4,0.04,fixed,fixed,,0.03,7/26/2019,331.7857143,368.6507937,non-performing,91
A00019607,LP19544,Branch,6/23/2015,USA,Resi,Mortage,Loan,Balloon,6/15/2045,6/20/2045,USD,129428.5714,122957.1429,22.00285714,122979.1457,0.0375,fixed,fixed,,0.03,7/26/2019,359.5238095,359.5238095,non-performing,95
A00019608,LP19545,Branch,6/24/2015,USA,Resi,Mortage,Loan,Linear,6/16/2045,6/21/2045,USD,126142.8571,113528.5714,21.44428571,113550.0157,0.04,mixed,fixed,,0.03,7/26/2019,350.3968254,350.3968254,non-performing,97
A00019609,LP19546,Web,6/25/2015,USA,Resi,Mortage,Loan,Linear,6/17/2045,6/22/2045,USD,122857.1429,120400,20.88571429,120420.8857,0.04,variable,fixed,LIBOR,0.03,7/26/2019,341.2698413,341.2698413,non-performing,93
A00019610,LP19547,Broker,6/26/2015,USA,Resi,Mortage,Loan,Linear,6/18/2045,6/23/2045,USD,119571.4286,113592.8571,298.9285714,113891.7857,0.04,fixed,fixed,,0.03,7/26/2019,332.1428571,332.1428571,,20
A00019611,LP19548,Branch,6/27/2015,USA,Resi,Mortage,Loan,Linear,6/19/2045,6/24/2045,USD,116285.7143,110471.4286,313.9714286,110785.4,0.04,fixed,fixed,,0.03,7/26/2019,323.015873,323.015873,,90
A00019612,LP19549,Web,6/28/2015,USA,Resi,Mortage,Loan,Linear,6/20/2045,6/19/2051,USD,150000,142500,867,143367,0.04,mixed,fixed,,0.03,7/26/2019,416.6666667,416.6666667,non-performing,91
A00019613,LP19550,Broker,6/29/2015,USA,Resi,Mortage,Loan,Linear,6/21/2045,6/20/2050,USD,100000,95000,500,95500,0.04,fixed,fixed,,0.03,7/26/2019,277.7777778,277.7777778,non-performing,95
A00019614,LP19551,Branch,4/20/2015,USA,Resi,Mortage,Loan,Linear,4/12/2045,4/11/2050,USD,85000,76500,14.45,76514.45,0.0375,fixed,fixed,,0.03,7/26/2019,236.1111111,236.1111111,non-performing,97
A00019615,LP19552,Branch,4/21/2015,USA,Resi,Mortage,Loan,Linear,4/13/2045,4/12/2050,USD,200000,196000,1000,197000,0.04,fixed,fixed,,0.03,7/26/2019,555.5555556,555.5555556,non-performing,93
A00019616,LP19553,Web,4/22/2015,USA,Resi,Mortage,Loan,Linear,4/14/2045,4/13/2050,USD,150000,142500,750,143250,0.04,fixed,fixed,,0.03,7/23/2019,416.6666667,416.6666667,,90
A00019617,LP19554,Broker,4/23/2015,USA,CRE,Mortage,Loan,Linear,4/15/2045,4/14/2050,USD,136000,122400,340,122740,0.04,fixed,fixed,,0.03,7/26/2019,377.7777778,377.7777778,non-performing,92
A00019618,LP19555,Branch,4/24/2015,USA,Resi,Mortage,Loan,Linear,4/16/2045,4/14/2053,USD,156333.3333,153206.6667,422.1,153628.7667,0.035,fixed,fixed,,0.03,7/26/2019,434.2592593,434.2592593,non-performing,180
A00019619,LP19556,Web,4/25/2015,USA,Resi,Mortage,Loan,Linear,4/17/2045,4/22/2045,USD,161904.7619,153809.5238,935.8095238,154745.3333,0.04,mixed,fixed,,0.03,7/26/2019,449.7354497,449.7354497,non-performing,170
A00019620,LP19557,Broker,4/26/2015,USA,Resi,Mortage,Loan,Linear,4/18/2045,4/23/2045,USD,167476.1905,159102.381,837.3809524,159939.7619,0.04,fixed,fixed,,0.03,7/26/2019,465.2116402,465.2116402,non-performing,213
A00019621,LP19558,Branch,4/27/2015,USA,Resi,Mortage,Loan,Linear,4/19/2045,4/24/2045,USD,173047.619,173082.2286,467.2285714,173549.4571,0.04,fixed,fixed,,0.03,7/26/2019,480.6878307,480.6878307,,20
A00019622,LP19559,Branch,4/28/2015,USA,CRE,Mortage,Loan,Linear,4/20/2045,4/25/2045,USD,178619.0476,169688.0952,1032.418095,170720.5133,0.04,fixed,fixed,,0.03,7/26/2019,496.1640212,496.1640212,,90
A00019623,LP19560,Web,4/29/2015,USA,Resi,Mortage,Loan,Linear,4/21/2045,4/26/2045,USD,184190.4762,165771.4286,920.952381,166692.381,0.04,mixed,fixed,,0.03,7/26/2019,511.6402116,511.6402116,non-performing,91
A00019624,LP19561,Broker,4/30/2015,USA,Resi,Mortage,Loan,Linear,4/22/2045,4/27/2045,USD,189761.9048,185966.6667,32.25952381,185998.9262,0.04,fixed,fixed,,0.03,7/26/2019,527.1164021,527.1164021,non-performing,95
A00019625,LP19562,Branch,5/1/2015,USA,Resi,Mortage,Loan,Linear,4/23/2045,4/22/2051,USD,195333.3333,185566.6667,33.20666667,185599.8733,0.04,fixed,fixed,,0.03,7/26/2019,542.5925926,542.5925926,non-performing,97
A00019626,LP19563,Web,5/2/2015,USA,Resi,Mortage,Loan,Linear,4/24/2045,4/23/2050,USD,200000,190000,34,190034,0.04,fixed,fixed,,0.03,7/26/2019,555.5555556,555.5555556,non-performing,93
A00019627,LP19564,Broker,5/3/2015,USA,Resi,Mortage,Loan,Balloon,4/25/2045,4/24/2050,USD,150000,142500,375,142875,0.04,fixed,fixed,,0.03,7/26/2019,600,416.6666667,non-performing,213
A00019628,LP19565,Branch,5/4/2015,USA,Resi,Mortage,Loan,Linear,4/26/2045,4/25/2050,USD,100000,95000,270,95270,0.04,fixed,fixed,,0.03,7/26/2019,277.7777778,277.7777778,,20
A00019629,LP19566,Branch,5/5/2015,USA,Resi,Mortage,Loan,Linear,4/27/2045,4/26/2050,USD,85000,76500,491.3,76991.3,0.04,fixed,fixed,,0.03,7/26/2019,236.1111111,236.1111111,,90
A00019630,LP19567,Web,5/6/2015,USA,Resi,Mortage,Loan,Linear,4/28/2045,4/27/2050,USD,200000,196000,1000,197000,0.04,fixed,fixed,,0.03,7/26/2019,555.5555556,555.5555556,non-performing,91
A00019631,LP19568,Broker,5/7/2015,USA,Resi,Mortage,Loan,Linear,4/29/2045,4/27/2053,USD,150000,142500,25.5,142525.5,0.05,fixed,fixed,,0.03,7/26/2019,416.6666667,416.6666667,non-performing,95
A00019632,LP19569,Branch,5/8/2015,USA,Resi,Mortage,Loan,Linear,4/30/2045,5/5/2045,USD,136000,122400,680,123080,0.04145402299,fixed,fixed,,0.03,7/26/2019,377.7777778,377.7777778,non-performing,97
A00019633,LP19570,Web,5/9/2015,USA,Resi,Mortage,Loan,Linear,5/1/2045,5/6/2045,USD,132714.2857,130060,663.5714286,130723.5714,0.04155858361,fixed,fixed,,0.03,7/26/2019,368.6507937,368.6507937,non-performing,93
A00019634,LP19571,Broker,5/10/2015,USA,Resi,Mortage,Loan,Linear,5/2/2045,5/7/2045,USD,129428.5714,122957.1429,323.5714286,123280.7143,0.04166314423,fixed,fixed,,0.03,7/26/2019,359.5238095,359.5238095,,20
A00019635,LP19572,Branch,5/11/2015,USA,Resi,Mortage,Loan,Linear,5/3/2045,5/8/2045,USD,126142.8571,119835.7143,340.5857143,120176.3,0.04176770486,fixed,fixed,,0.03,7/26/2019,350.3968254,350.3968254,,90
A00019636,LP19573,Branch,5/12/2015,USA,Resi,Mortage,Loan,Linear,5/4/2045,5/9/2045,USD,122857.1429,122881.7143,710.1142857,123591.8286,0.04187226548,fixed,fixed,,0.03,7/26/2019,341.2698413,341.2698413,non-performing,91
A00019637,LP19574,Web,5/13/2015,USA,Resi,Mortage,Loan,Linear,5/5/2045,5/10/2045,USD,119571.4286,113592.8571,597.8571429,114190.7143,0.0419768261,mixed,fixed,,0.03,7/26/2019,332.1428571,332.1428571,non-performing,95
A00019638,LP19575,Broker,5/14/2015,USA,CRE,Mortage,Loan,Linear,5/6/2045,5/5/2051,USD,116285.7143,104657.1429,313.9714286,104971.1143,0.04208138673,variable,fixed,LIBOR,0.03,7/26/2019,323.015873,323.015873,non-performing,97
A00019639,LP19576,Branch,5/15/2015,USA,Resi,Mortage,Loan,Linear,5/7/2045,5/6/2050,USD,200000,196000,1156,197156,0.04218594735,fixed,fixed,,0.03,7/26/2019,555.5555556,555.5555556,non-performing,93
A00019640,LP19577,Web,5/16/2015,USA,Resi,Mortage,Loan,Linear,5/8/2045,5/7/2050,USD,150000,142500,750,143250,0.04229050797,fixed,fixed,,0.03,7/26/2019,416.6666667,416.6666667,,20
A00019641,LP19578,Broker,5/17/2015,USA,Resi,Mortage,Loan,Linear,5/9/2045,5/8/2050,USD,100000,95000,17,95017,0.04239506859,mixed,fixed,,0.03,7/23/2019,277.7777778,277.7777778,,90
A00019642,LP19579,Branch,5/18/2015,USA,Resi,Mortage,Loan,Linear,5/10/2045,5/9/2050,USD,85000,80750,14.45,80764.45,0.04249962922,fixed,fixed,,0.03,7/26/2019,236.1111111,236.1111111,non-performing,91
A00019643,LP19580,Branch,5/19/2015,USA,CRE,Mortage,Loan,Linear,5/11/2045,5/10/2050,USD,200000,190000,34,190034,0.04260418984,fixed,fixed,,0.03,7/26/2019,555.5555556,555.5555556,non-performing,95
A00019644,LP19581,Web,5/20/2015,USA,Resi,Mortage,Loan,Linear,5/12/2045,5/10/2053,USD,150000,135000,375,135375,0.04270875046,fixed,fixed,,0.03,7/26/2019,416.6666667,416.6666667,non-performing,97
A00019645,LP19582,Broker,5/21/2015,USA,Resi,Mortage,Loan,Linear,5/13/2045,5/18/2045,USD,136000,133280,367.2,133647.2,0.04281331109,fixed,fixed,,0.03,7/26/2019,377.7777778,377.7777778,non-performing,93
A00019646,LP19583,Branch,5/22/2015,USA,Resi,Mortage,Loan,Linear,5/14/2045,5/19/2045,USD,132714.2857,126078.5714,767.0885714,126845.66,0.04291787171,fixed,fixed,,0.03,7/26/2019,368.6507937,368.6507937,,20
A00019647,LP19584,Web,5/23/2015,USA,Resi,Mortage,Loan,Balloon,5/15/2045,5/20/2045,USD,129428.5714,116485.7143,647.1428571,117132.8571,0.04302243233,fixed,fixed,,0.03,7/26/2019,359.5238095,359.5238095,,90
A00019648,LP19585,Broker,5/24/2015,USA,Resi,Mortage,Loan,Linear,5/16/2045,5/21/2045,USD,126142.8571,123620,21.44428571,123641.4443,0.04312699296,mixed,fixed,,0.03,7/26/2019,350.3968254,350.3968254,non-performing,91
A00019649,LP19586,Branch,5/25/2015,USA,Resi,Mortage,Loan,Linear,5/17/2045,5/22/2045,USD,122857.1429,116714.2857,614.2857143,117328.5714,0.04323155358,fixed,fixed,,0.03,7/26/2019,341.2698413,341.2698413,non-performing,95
A00019650,LP19587,Branch,5/26/2015,USA,Resi,Mortage,Loan,Linear,5/18/2045,5/23/2045,USD,119571.4286,113592.8571,597.8571429,114190.7143,0.0433361142,fixed,fixed,,0.03,7/26/2019,0,332.1428571,non-performing,97
A00019651,LP19588,Web,5/27/2015,USA,Resi,Mortage,Loan,Linear,5/19/2045,5/18/2051,USD,116285.7143,116308.9714,290.7142857,116599.6857,0.04344067482,fixed,fixed,,0.03,7/26/2019,323.015873,323.015873,non-performing,93
A00019652,LP19589,Broker,5/28/2015,USA,Resi,Mortage,Loan,Linear,5/20/2045,5/19/2050,USD,150000,142500,405,142905,0.04354523545,mixed,fixed,,0.03,7/26/2019,416.6666667,416.6666667,,90
A00019653,LP19590,Branch,5/29/2015,USA,Resi,Mortage,Loan,Linear,5/21/2045,5/20/2050,USD,100000,90000,578,90578,0.04364979607,fixed,fixed,,0.03,7/26/2019,277.7777778,277.7777778,non-performing,92
A00019654,LP19591,Web,5/30/2015,USA,Resi,Mortage,Loan,Linear,5/22/2045,5/21/2050,USD,85000,83300,425,83725,0.04375435669,fixed,fixed,,0.03,7/22/2019,236.1111111,236.1111111,,20
A00019655,LP19592,Broker,5/31/2015,USA,Resi,Mortage,Loan,Linear,5/23/2045,5/22/2050,USD,200000,190000,540,190540,0.04385891732,fixed,fixed,,0.03,7/31/2019,555.5555556,555.5555556,,90
A00019656,LP19593,Branch,6/1/2015,USA,Resi,Mortage,Loan,Linear,5/24/2045,5/23/2050,USD,150000,142500,867,143367,0.04396347794,fixed,fixed,,0.03,7/26/2019,416.6666667,416.6666667,non-performing,91
A00019657,LP19594,Branch,6/2/2015,USA,Resi,Mortage,Loan,Linear,5/25/2045,5/23/2053,USD,136000,129200,680,129880,0.04406803856,fixed,fixed,,0.03,7/26/2019,377.7777778,377.7777778,non-performing,95
A00019658,LP19595,Web,6/3/2015,USA,Resi,Mortage,Loan,Linear,5/26/2045,5/31/2045,USD,156333.3333,148516.6667,26.57666667,148543.2433,0.04417259918,fixed,fixed,,0.03,7/26/2019,434.2592593,434.2592593,non-performing,97
A00019659,LP19596,Broker,6/4/2015,USA,CRE,Mortage,Loan,Linear,5/27/2045,6/1/2045,USD,161904.7619,145714.2857,27.52380952,145741.8095,0.04427715981,fixed,fixed,,0.03,7/26/2019,449.7354497,449.7354497,non-performing,93
A00019660,LP19597,Branch,6/5/2015,USA,Resi,Mortage,Loan,Linear,5/28/2045,6/2/2045,USD,167476.1905,164126.6667,28.47095238,164155.1376,0.04438172043,fixed,fixed,,0.03,7/26/2019,465.2116402,465.2116402,,20
A00019661,LP19598,Web,6/6/2015,USA,Resi,Mortage,Loan,Linear,5/29/2045,6/3/2045,USD,173047.619,164395.2381,432.6190476,164827.8571,0.04448628105,fixed,fixed,,0.03,7/26/2019,480.6878307,480.6878307,,90
A00019662,LP19599,Broker,6/7/2015,USA,Resi,Mortage,Loan,Linear,5/30/2045,6/4/2045,USD,178619.0476,160757.1429,482.2714286,161239.4143,0.04459084168,fixed,fixed,,0.03,7/26/2019,496.1640212,496.1640212,non-performing,91
A00019663,LP19600,Branch,6/8/2015,USA,Resi,Mortage,Loan,Linear,5/31/2045,6/5/2045,USD,184190.4762,180506.6667,1064.620952,181571.2876,0.0446954023,fixed,fixed,,0.03,7/26/2019,511.6402116,511.6402116,non-performing,95
A00019664,LP19601,Branch,6/9/2015,USA,CRE,Mortage,Loan,Linear,6/1/2045,5/31/2051,USD,189761.9048,180273.8095,948.8095238,181222.619,0.04479996292,fixed,fixed,,0.03,7/26/2019,527.1164021,527.1164021,non-performing,97
A00019665,LP19602,Web,6/10/2015,USA,Resi,Mortage,Loan,Linear,6/2/2045,6/1/2050,USD,195333.3333,185566.6667,33.20666667,185599.8733,0.04490452354,fixed,fixed,,0.03,7/26/2019,542.5925926,542.5925926,non-performing,93
A00019666,LP19603,Broker,6/11/2015,USA,Resi,Mortage,Loan,Linear,6/3/2045,6/2/2050,USD,200000,200040,1000,201040,0.04,mixed,fixed,,0.03,7/26/2019,555.5555556,555.5555556,,20
A00019667,LP19604,Branch,6/12/2015,USA,Resi,Mortage,Loan,Balloon,6/4/2045,6/3/2050,USD,150000,142500,750,143250,0.035,variable,fixed,LIBOR,0.03,7/26/2019,416.6666667,416.6666667,,90
A00019668,LP19605,Web,6/13/2015,USA,Resi,Mortage,Loan,Linear,6/5/2045,6/4/2050,USD,100000,90000,250,90250,0.04,fixed,fixed,,0.03,7/23/2019,277.7777778,277.7777778,non-performing,91
A00019669,LP19606,Broker,6/14/2015,USA,Resi,Mortage,Loan,Linear,6/6/2045,6/5/2050,USD,85000,83300,229.5,83529.5,0.04,fixed,fixed,,0.03,7/26/2019,236.1111111,236.1111111,non-performing,95
A00019670,LP19607,Branch,6/15/2015,USA,Resi,Mortage,Loan,Linear,6/7/2045,6/5/2053,USD,200000,190000,1156,191156,0.04,mixed,fixed,,0.03,7/26/2019,555.5555556,555.5555556,non-performing,97
A00019671,LP19608,Branch,6/16/2015,USA,Resi,Mortage,Loan,Linear,6/8/2045,6/13/2045,USD,150000,142500,750,143250,0.0375,fixed,fixed,,0.03,7/26/2019,416.6666667,416.6666667,non-performing,93
A00019672,LP19609,Web,6/17/2015,USA,Resi,Mortage,Loan,Linear,6/9/2045,6/14/2045,USD,136000,129200,367.2,129567.2,0.04,fixed,fixed,,0.03,7/26/2019,377.7777778,377.7777778,,20
A00019673,LP19610,Broker,6/18/2015,USA,Resi,Mortage,Loan,Linear,6/10/2045,6/15/2045,USD,132714.2857,126078.5714,767.0885714,126845.66,0.04,fixed,fixed,,0.03,7/26/2019,368.6507937,368.6507937,,90
A00019674,LP19611,Branch,6/19/2015,USA,Resi,Mortage,Loan,Linear,6/11/2045,6/16/2045,USD,129428.5714,116485.7143,647.1428571,117132.8571,0.04,fixed,fixed,,0.03,7/26/2019,359.5238095,359.5238095,non-performing,91
A00019675,LP19612,Web,6/20/2015,USA,Resi,Mortage,Loan,Linear,6/12/2045,6/17/2045,USD,126142.8571,123620,21.44428571,123641.4443,0.04,fixed,fixed,,0.03,7/26/2019,350.3968254,350.3968254,non-performing,95
A00019676,LP19613,Broker,6/21/2015,USA,Resi,Mortage,Loan,Linear,6/13/2045,6/18/2045,USD,122857.1429,116714.2857,20.88571429,116735.1714,0.04,fixed,fixed,,0.03,7/26/2019,341.2698413,341.2698413,non-performing,97
A00019677,LP19614,Branch,6/22/2015,USA,Resi,Mortage,Loan,Linear,6/14/2045,6/13/2051,USD,119571.4286,107614.2857,20.32714286,107634.6129,0.04,mixed,fixed,,0.03,7/26/2019,332.1428571,332.1428571,non-performing,93
A00019678,LP19615,Branch,6/23/2015,USA,Resi,Mortage,Loan,Linear,6/15/2045,6/14/2050,USD,116285.7143,113960,290.7142857,114250.7143,0.0375,fixed,fixed,,0.03,7/26/2019,323.015873,323.015873,,90
A00019679,LP19616,Web,6/24/2015,USA,Resi,Mortage,Loan,Linear,6/16/2045,6/15/2050,USD,200000,190000,540,190540,0.04,fixed,fixed,,0.03,7/26/2019,555.5555556,555.5555556,non-performing,92
A00019680,LP19617,Broker,6/25/2015,USA,CRE,Mortage,Loan,Linear,6/17/2045,6/16/2050,USD,150000,142500,867,143367,0.04,fixed,fixed,,0.03,7/26/2019,416.6666667,416.6666667,non-performing,91
A00019681,LP19618,Branch,6/26/2015,USA,Resi,Mortage,Loan,Linear,6/18/2045,6/17/2050,USD,100000,100020,500,100520,0.04,mixed,fixed,,0.03,7/29/2019,277.7777778,277.7777778,non-performing,95
A00019682,LP19619,Web,6/27/2015,USA,Resi,Mortage,Loan,Linear,6/19/2045,6/18/2050,USD,85000,80750,14.45,80764.45,0.035,fixed,fixed,,0.03,7/26/2019,236.1111111,236.1111111,non-performing,97
A00019683,LP19620,Broker,6/28/2015,USA,Resi,Mortage,Loan,Linear,6/20/2045,6/18/2053,USD,200000,180000,1000,181000,0.04,fixed,fixed,,0.03,7/26/2019,555.5555556,555.5555556,non-performing,93
A00019684,LP19621,Branch,6/29/2015,USA,Resi,Mortage,Loan,Linear,6/21/2045,6/26/2045,USD,150000,147000,750,147750,0.04,fixed,fixed,,0.03,7/26/2019,416.6666667,416.6666667,,90
A00019685,LP19622,Branch,2/16/2015,USA,CRE,Mortage,Loan,Linear,2/8/2045,2/13/2045,USD,136000,129200,340,129540,0.04,fixed,fixed,,0.03,7/26/2019,377.7777778,377.7777778,non-performing,92
A00019686,LP19623,Web,2/17/2015,USA,Resi,Mortage,Loan,Linear,2/9/2045,2/14/2045,USD,132714.2857,126078.5714,358.3285714,126436.9,0.04,fixed,fixed,,0.03,7/26/2019,368.6507937,368.6507937,non-performing,180
A00019687,LP19624,Broker,2/18/2015,USA,Resi,Mortage,Loan,Balloon,2/10/2045,2/15/2045,USD,129428.5714,122957.1429,748.0971429,123705.24,0.04,fixed,fixed,,0.03,7/26/2019,359.5238095,359.5238095,non-performing,170
A00019688,LP19625,Branch,2/19/2015,USA,Resi,Mortage,Loan,Linear,2/11/2045,2/16/2045,USD,126142.8571,119835.7143,630.7142857,120466.4286,0.04,fixed,fixed,,0.03,7/26/2019,350.3968254,350.3968254,non-performing,213
A00019689,LP19626,Web,2/20/2015,USA,Resi,Mortage,Loan,Linear,2/12/2045,2/17/2045,USD,122857.1429,110571.4286,331.7142857,110903.1429,0.04,fixed,fixed,,0.03,7/26/2019,341.2698413,341.2698413,,20
A00019690,LP19627,Broker,2/21/2015,USA,Resi,Mortage,Loan,Linear,2/13/2045,2/12/2051,USD,119571.4286,117180,691.1228571,117871.1229,0.04,fixed,fixed,,0.03,7/26/2019,332.1428571,332.1428571,,90
A00019691,LP19628,Branch,2/22/2015,USA,Resi,Mortage,Loan,Linear,2/14/2045,2/13/2050,USD,116285.7143,110471.4286,581.4285714,111052.8571,0.04,fixed,fixed,,0.03,7/26/2019,323.015873,323.015873,non-performing,91
A00019692,LP19629,Branch,2/23/2015,USA,Resi,Mortage,Loan,Linear,2/15/2045,2/14/2050,USD,150000,135000,25.5,135025.5,0.04,fixed,fixed,,0.03,7/26/2019,416.6666667,416.6666667,non-performing,95
A00019693,LP19630,Web,2/24/2015,USA,Resi,Mortage,Loan,Linear,2/16/2045,2/15/2050,USD,100000,98000,17,98017,0.04,fixed,fixed,,0.03,7/26/2019,277.7777778,277.7777778,non-performing,97
A00019694,LP19631,Broker,2/25/2015,USA,Resi,Mortage,Loan,Linear,2/17/2045,2/16/2050,USD,85000,80750,14.45,80764.45,0.04,fixed,fixed,,0.03,7/23/2019,236.1111111,236.1111111,non-performing,93
A00019695,LP19632,Branch,2/26/2015,USA,Resi,Mortage,Loan,Linear,2/18/2045,2/17/2050,USD,200000,190000,500,190500,0.05,mixed,fixed,,0.03,7/26/2019,555.5555556,555.5555556,non-performing,213
A00019696,LP19633,Web,2/27/2015,USA,Resi,Mortage,Loan,Linear,2/19/2045,2/17/2053,USD,150000,150030,405,150435,0.04145402299,variable,fixed,LIBOR,0.03,7/26/2019,416.6666667,416.6666667,,20
A00019697,LP19634,Broker,2/28/2015,USA,Resi,Mortage,Loan,Linear,2/20/2045,2/25/2045,USD,136000,129200,786.08,129986.08,0.04155858361,fixed,fixed,,0.03,7/26/2019,377.7777778,377.7777778,,90
A00019698,LP19635,Branch,3/1/2015,USA,Resi,Mortage,Loan,Linear,2/21/2045,2/26/2045,USD,156333.3333,140700,781.6666667,141481.6667,0.04166314423,fixed,fixed,,0.03,7/26/2019,434.2592593,434.2592593,non-performing,91
A00019699,LP19636,Branch,3/2/2015,USA,Resi,Mortage,Loan,Linear,2/22/2045,2/27/2045,USD,161904.7619,158666.6667,27.52380952,158694.1905,0.04176770486,mixed,fixed,,0.03,7/26/2019,449.7354497,449.7354497,non-performing,95
A00019700,LP19637,Web,3/3/2015,USA,Resi,Mortage,Loan,Linear,2/23/2045,2/28/2045,USD,167476.1905,159102.381,837.3809524,159939.7619,0.04187226548,fixed,fixed,,0.03,7/26/2019,465.2116402,465.2116402,non-performing,97
A00019701,LP19638,Broker,3/4/2015,USA,CRE,Mortage,Loan,Linear,2/24/2045,3/1/2045,USD,173047.619,164395.2381,865.2380952,165260.4762,0.0419768261,fixed,fixed,,0.03,7/26/2019,480.6878307,480.6878307,non-performing,93
A00019702,LP19639,Branch,3/5/2015,USA,Resi,Mortage,Loan,Linear,2/25/2045,3/2/2045,USD,178619.0476,169688.0952,446.547619,170134.6429,0.04208138673,fixed,fixed,,0.03,7/26/2019,496.1640212,496.1640212,,20
A00019703,LP19640,Web,3/6/2015,USA,Resi,Mortage,Loan,Linear,2/26/2045,2/25/2051,USD,184190.4762,174980.9524,497.3142857,175478.2667,0.04218594735,fixed,fixed,,0.03,7/26/2019,511.6402116,511.6402116,,90
A00019704,LP19641,Broker,3/7/2015,USA,Resi,Mortage,Loan,Linear,2/27/2045,2/26/2050,USD,189761.9048,170785.7143,1096.82381,171882.5381,0.04229050797,fixed,fixed,,0.03,7/26/2019,527.1164021,527.1164021,non-performing,91
A00019705,LP19642,Branch,3/8/2015,USA,Resi,Mortage,Loan,Linear,2/28/2045,2/27/2050,USD,195333.3333,191426.6667,976.6666667,192403.3333,0.04239506859,fixed,fixed,,0.03,7/26/2019,542.5925926,542.5925926,non-performing,95
A00019706,LP19643,Branch,3/9/2015,USA,CRE,Mortage,Loan,Linear,3/1/2045,2/28/2050,USD,200000,190000,540,190540,0.04249962922,mixed,fixed,,0.03,7/26/2019,555.5555556,555.5555556,non-performing,97
A00019707,LP19644,Web,3/10/2015,USA,Resi,Mortage,Loan,Balloon,3/2/2045,3/1/2050,USD,150000,135000,867,135867,0.04260418984,fixed,fixed,,0.03,7/26/2019,416.6666667,416.6666667,non-performing,93
A00019708,LP19645,Broker,3/11/2015,USA,Resi,Mortage,Loan,Linear,3/3/2045,3/2/2050,USD,100000,98000,500,98500,0.04270875046,fixed,fixed,,0.03,7/26/2019,277.7777778,277.7777778,,20
A00019709,LP19646,Branch,3/12/2015,USA,Resi,Mortage,Loan,Linear,3/4/2045,3/2/2053,USD,85000,80750,14.45,80764.45,0.04281331109,fixed,fixed,,0.03,7/26/2019,236.1111111,236.1111111,,90
A00019710,LP19647,Web,3/13/2015,USA,Resi,Mortage,Loan,Linear,3/5/2045,3/10/2045,USD,200000,190000,34,190034,0.04291787171,mixed,fixed,,0.03,7/26/2019,555.5555556,555.5555556,non-performing,91
A00019711,LP19648,Broker,3/14/2015,USA,Resi,Mortage,Loan,Linear,3/6/2045,3/11/2045,USD,150000,150030,25.5,150055.5,0.04302243233,fixed,fixed,,0.03,7/26/2019,0,416.6666667,non-performing,95
A00019712,LP19649,Branch,3/15/2015,USA,Resi,Mortage,Loan,Linear,3/7/2045,3/12/2045,USD,136000,129200,340,129540,0.04312699296,fixed,fixed,,0.03,7/26/2019,377.7777778,377.7777778,non-performing,97
A00019713,LP19650,Branch,3/16/2015,USA,Resi,Mortage,Loan,Linear,3/8/2045,3/13/2045,USD,132714.2857,119442.8571,358.3285714,119801.1857,0.04323155358,fixed,fixed,,0.03,7/26/2019,368.6507937,368.6507937,non-performing,93
A00019714,LP19651,Web,3/17/2015,USA,Resi,Mortage,Loan,Linear,3/9/2045,3/14/2045,USD,129428.5714,126840,748.0971429,127588.0971,0.0433361142,fixed,fixed,,0.03,7/26/2019,359.5238095,359.5238095,,20
A00019715,LP19652,Broker,5/31/2015,USA,Resi,Mortage,Loan,Linear,5/23/2045,5/28/2045,USD,126142.8571,119835.7143,630.7142857,120466.4286,0.04344067482,fixed,fixed,,0.03,7/26/2019,350.3968254,350.3968254,,90
A00019716,LP19653,Branch,6/1/2015,USA,Resi,Mortage,Loan,Linear,5/24/2045,5/23/2051,USD,122857.1429,116714.2857,20.88571429,116735.1714,0.04354523545,fixed,fixed,,0.03,7/26/2019,341.2698413,341.2698413,non-performing,92
A00019717,LP19654,Web,6/2/2015,USA,Resi,Mortage,Loan,Linear,5/25/2045,5/24/2050,USD,119571.4286,113592.8571,597.8571429,114190.7143,0.04364979607,fixed,fixed,,0.03,7/26/2019,332.1428571,332.1428571,non-performing,180
A00019718,LP19655,Broker,6/3/2015,USA,Resi,Mortage,Loan,Linear,5/26/2045,5/25/2050,USD,116285.7143,110471.4286,581.4285714,111052.8571,0.04375435669,fixed,fixed,,0.03,7/26/2019,323.015873,323.015873,non-performing,170
A00019719,LP19656,Branch,6/4/2015,USA,Resi,Mortage,Loan,Linear,5/27/2045,5/26/2050,USD,200000,180000,500,180500,0.04385891732,fixed,fixed,,0.03,7/23/2019,555.5555556,555.5555556,non-performing,213
A00019720,LP19657,Branch,6/5/2015,USA,Resi,Mortage,Loan,Linear,5/28/2045,5/27/2050,USD,150000,147000,405,147405,0.04396347794,fixed,fixed,,0.03,7/26/2019,416.6666667,416.6666667,,20
A00019721,LP19658,Web,6/6/2015,USA,Resi,Mortage,Loan,Linear,5/29/2045,5/28/2050,USD,100000,95000,578,95578,0.04406803856,fixed,fixed,,0.03,7/26/2019,200,277.7777778,,90
A00019722,LP19659,Broker,6/7/2015,USA,CRE,Mortage,Loan,Linear,5/30/2045,5/28/2053,USD,85000,76500,425,76925,0.04417259918,fixed,fixed,,0.03,7/26/2019,236.1111111,236.1111111,non-performing,91
A00019723,LP19660,Branch,6/8/2015,USA,Resi,Mortage,Loan,Linear,5/31/2045,6/5/2045,USD,200000,196000,540,196540,0.04427715981,fixed,fixed,,0.03,7/26/2019,555.5555556,555.5555556,non-performing,95
A00019724,LP19661,Web,6/9/2015,USA,Resi,Mortage,Loan,Linear,6/1/2045,6/6/2045,USD,150000,142500,867,143367,0.04438172043,mixed,fixed,,0.03,7/26/2019,416.6666667,416.6666667,non-performing,97
A00019725,LP19662,Broker,6/10/2015,USA,Resi,Mortage,Loan,Linear,6/2/2045,6/7/2045,USD,136000,129200,680,129880,0.04448628105,variable,fixed,LIBOR,0.03,7/26/2019,377.7777778,377.7777778,non-performing,93
A00019726,LP19663,Branch,6/11/2015,USA,Resi,Mortage,Loan,Linear,6/3/2045,6/8/2045,USD,132714.2857,132740.8286,22.56142857,132763.39,0.04459084168,fixed,fixed,,0.03,7/26/2019,368.6507937,368.6507937,non-performing,213
A00019727,LP19664,Branch,6/12/2015,USA,CRE,Mortage,Loan,Balloon,6/4/2045,6/9/2045,USD,129428.5714,122957.1429,22.00285714,122979.1457,0.0446954023,fixed,fixed,,0.03,7/26/2019,359.5238095,359.5238095,,20
A00019728,LP19665,Web,6/13/2015,USA,Resi,Mortage,Loan,Linear,6/5/2045,6/10/2045,USD,126142.8571,113528.5714,21.44428571,113550.0157,0.04479996292,mixed,fixed,,0.03,7/26/2019,350.3968254,350.3968254,,90
A00019729,LP19666,Broker,6/14/2015,USA,Resi,Mortage,Loan,Linear,6/6/2045,6/5/2051,USD,122857.1429,120400,307.1428571,120707.1429,0.04490452354,fixed,fixed,,0.03,7/26/2019,341.2698413,341.2698413,non-performing,91
A00019730,LP19667,Branch,6/15/2015,USA,Resi,Mortage,Loan,Linear,6/7/2045,6/6/2050,USD,119571.4286,113592.8571,322.8428571,113915.7,0.04,fixed,fixed,,0.03,7/26/2019,332.1428571,332.1428571,non-performing,95
A00019731,LP19668,Web,6/16/2015,USA,Resi,Mortage,Loan,Linear,6/8/2045,6/7/2050,USD,116285.7143,110471.4286,672.1314286,111143.56,0.035,fixed,fixed,,0.03,7/26/2019,323.015873,323.015873,non-performing,97
A00019732,LP19669,Broker,6/17/2015,USA,Resi,Mortage,Loan,Linear,6/9/2045,6/8/2050,USD,150000,142500,750,143250,0.04,fixed,fixed,,0.03,7/22/2019,416.6666667,416.6666667,non-performing,93
A00019733,LP19670,Branch,6/18/2015,USA,Resi,Mortage,Loan,Linear,6/10/2045,6/9/2050,USD,100000,95000,17,95017,0.04,fixed,fixed,,0.03,7/26/2019,277.7777778,277.7777778,,20
A00019734,LP19671,Branch,6/19/2015,USA,Resi,Mortage,Loan,Linear,6/11/2045,6/10/2050,USD,85000,76500,425,76925,0.04,fixed,fixed,,0.03,7/26/2019,236.1111111,236.1111111,,90
A00019735,LP19672,Web,6/20/2015,USA,Resi,Mortage,Loan,Linear,6/12/2045,6/10/2053,USD,200000,196000,1000,197000,0.0375,mixed,fixed,,0.03,7/26/2019,555.5555556,555.5555556,non-performing,91
A00019736,LP19673,Broker,6/21/2015,USA,Resi,Mortage,Loan,Linear,6/13/2045,6/18/2045,USD,150000,142500,375,142875,0.04,fixed,fixed,,0.03,7/26/2019,416.6666667,416.6666667,non-performing,95
A00019737,LP19674,Branch,6/22/2015,USA,Resi,Mortage,Loan,Linear,6/14/2045,6/19/2045,USD,136000,122400,367.2,122767.2,0.04,fixed,fixed,,0.03,7/26/2019,377.7777778,377.7777778,non-performing,97
A00019738,LP19675,Web,6/23/2015,USA,Resi,Mortage,Loan,Linear,6/15/2045,6/20/2045,USD,156333.3333,153206.6667,903.6066667,154110.2733,0.04,fixed,fixed,,0.03,7/26/2019,434.2592593,434.2592593,non-performing,93
A00019739,LP19676,Broker,6/24/2015,USA,Resi,Mortage,Loan,Linear,6/16/2045,6/21/2045,USD,161904.7619,153809.5238,809.5238095,154619.0476,0.04,mixed,fixed,,0.03,7/26/2019,449.7354497,449.7354497,,90
A00019740,LP19677,Branch,6/25/2015,USA,Resi,Mortage,Loan,Linear,6/17/2045,6/22/2045,USD,167476.1905,159102.381,452.1857143,159554.5667,0.04,fixed,fixed,,0.03,7/26/2019,465.2116402,465.2116402,non-performing,92
A00019741,LP19678,Branch,6/26/2015,USA,Resi,Mortage,Loan,Linear,6/18/2045,6/23/2045,USD,173047.619,173082.2286,1000.215238,174082.4438,0.04,fixed,fixed,,0.03,7/26/2019,480.6878307,480.6878307,non-performing,180
A00019742,LP19679,Web,6/27/2015,USA,Resi,Mortage,Loan,Linear,6/19/2045,6/18/2051,USD,178619.0476,169688.0952,893.0952381,170581.1905,0.0375,fixed,fixed,,0.03,7/26/2019,496.1640212,496.1640212,non-performing,170
A00019743,LP19680,Broker,6/28/2015,USA,CRE,Mortage,Loan,Linear,6/20/2045,6/19/2050,USD,184190.4762,165771.4286,31.31238095,165802.741,0.04,fixed,fixed,,0.03,7/26/2019,511.6402116,511.6402116,non-performing,213
A00019744,LP19681,Branch,6/29/2015,USA,Resi,Mortage,Loan,Linear,6/21/2045,6/20/2050,USD,189761.9048,185966.6667,32.25952381,185998.9262,0.04,fixed,fixed,,0.03,7/26/2019,527.1164021,527.1164021,,20
A00019745,LP19682,Web,4/20/2015,USA,Resi,Mortage,Loan,Linear,4/12/2045,4/11/2050,USD,195333.3333,185566.6667,33.20666667,185599.8733,0.04,fixed,fixed,,0.03,7/23/2019,542.5925926,542.5925926,,90
A00019746,LP19683,Broker,4/21/2015,USA,Resi,Mortage,Loan,Linear,4/13/2045,4/12/2050,USD,200000,190000,500,190500,0.035,fixed,fixed,,0.03,7/26/2019,555.5555556,555.5555556,non-performing,91
A00019747,LP19684,Branch,4/22/2015,USA,Resi,Mortage,Loan,Balloon,4/14/2045,4/13/2050,USD,150000,142500,405,142905,0.04,fixed,fixed,,0.03,7/26/2019,416.6666667,416.6666667,non-performing,95
A00019748,LP19685,Branch,4/23/2015,USA,CRE,Mortage,Loan,Linear,4/15/2045,4/13/2053,USD,100000,95000,578,95578,0.04,fixed,fixed,,0.03,7/26/2019,277.7777778,277.7777778,non-performing,97
A00019749,LP19686,Web,4/24/2015,USA,Resi,Mortage,Loan,Linear,4/16/2045,4/21/2045,USD,85000,76500,425,76925,0.04,fixed,fixed,,0.03,7/26/2019,236.1111111,236.1111111,non-performing,93
A00019750,LP19687,Broker,4/25/2015,USA,Resi,Mortage,Loan,Linear,4/17/2045,4/22/2045,USD,200000,196000,34,196034,0.04,fixed,fixed,,0.03,7/26/2019,555.5555556,555.5555556,non-performing,213
A00019751,LP19688,Branch,4/26/2015,USA,Resi,Mortage,Loan,Linear,4/18/2045,4/23/2045,USD,150000,142500,750,143250,0.04,fixed,fixed,,0.03,7/26/2019,416.6666667,416.6666667,,20
A00019752,LP19689,Web,4/27/2015,USA,Resi,Mortage,Loan,Linear,4/19/2045,4/24/2045,USD,136000,122400,680,123080,0.04,fixed,fixed,,0.03,7/26/2019,377.7777778,377.7777778,,90
A00019753,LP19690,Broker,4/28/2015,USA,Resi,Mortage,Loan,Linear,4/20/2045,4/25/2045,USD,132714.2857,130060,331.7857143,130391.7857,0.04,mixed,fixed,,0.03,7/26/2019,368.6507937,368.6507937,non-performing,91
A00019754,LP19691,Branch,4/29/2015,USA,Resi,Mortage,Loan,Linear,4/21/2045,4/26/2045,USD,129428.5714,122957.1429,349.4571429,123306.6,0.04,variable,fixed,LIBOR,0.03,7/26/2019,359.5238095,359.5238095,non-performing,95
A00019755,LP19692,Branch,4/30/2015,USA,Resi,Mortage,Loan,Linear,4/22/2045,4/21/2051,USD,126142.8571,119835.7143,729.1057143,120564.82,0.04,fixed,fixed,,0.03,7/26/2019,350.3968254,350.3968254,non-performing,97
A00019756,LP19693,Web,5/1/2015,USA,Resi,Mortage,Loan,Linear,4/23/2045,4/22/2050,USD,122857.1429,122881.7143,614.2857143,123496,0.04,fixed,fixed,,0.03,7/26/2019,341.2698413,341.2698413,non-performing,93
A00019757,LP19694,Broker,5/2/2015,USA,Resi,Mortage,Loan,Linear,4/24/2045,4/23/2050,USD,119571.4286,113592.8571,322.8428571,113915.7,0.04,mixed,fixed,,0.03,7/26/2019,332.1428571,332.1428571,,20
A00019758,LP19695,Branch,5/3/2015,USA,Resi,Mortage,Loan,Linear,4/25/2045,4/24/2050,USD,116285.7143,104657.1429,672.1314286,105329.2743,0.04,fixed,fixed,,0.03,7/29/2019,323.015873,323.015873,,90
A00019759,LP19696,Web,5/4/2015,USA,Resi,Mortage,Loan,Linear,4/26/2045,4/25/2050,USD,200000,196000,1000,197000,0.05,fixed,fixed,,0.03,7/26/2019,555.5555556,555.5555556,non-performing,91
A00019760,LP19697,Broker,5/5/2015,USA,Resi,Mortage,Loan,Linear,4/27/2045,4/26/2050,USD,150000,142500,25.5,142525.5,0.04145402299,fixed,fixed,,0.03,7/26/2019,416.6666667,416.6666667,non-performing,95
A00019761,LP19698,Branch,5/6/2015,USA,Resi,Mortage,Loan,Linear,4/28/2045,4/26/2053,USD,100000,95000,17,95017,0.04155858361,fixed,fixed,,0.03,7/26/2019,277.7777778,277.7777778,non-performing,97
A00019762,LP19699,Branch,5/7/2015,USA,Resi,Mortage,Loan,Linear,4/29/2045,5/4/2045,USD,85000,80750,14.45,80764.45,0.04166314423,fixed,fixed,,0.03,7/26/2019,236.1111111,236.1111111,non-performing,93
A00019763,LP19700,Web,5/8/2015,USA,Resi,Mortage,Loan,Linear,4/30/2045,5/5/2045,USD,200000,190000,500,190500,0.04176770486,fixed,fixed,,0.03,7/26/2019,555.5555556,555.5555556,,20
A00019764,LP19701,Broker,5/9/2015,USA,CRE,Mortage,Loan,Linear,5/1/2045,5/6/2045,USD,150000,135000,405,135405,0.04187226548,mixed,fixed,,0.03,7/26/2019,416.6666667,416.6666667,,90
A00019765,LP19702,Branch,5/10/2015,USA,Resi,Mortage,Loan,Linear,5/2/2045,5/7/2045,USD,136000,133280,786.08,134066.08,0.0419768261,fixed,fixed,,0.03,7/26/2019,377.7777778,377.7777778,non-performing,91
A00019766,LP19703,Web,5/11/2015,USA,Resi,Mortage,Loan,Linear,5/3/2045,5/8/2045,USD,132714.2857,126078.5714,663.5714286,126742.1429,0.04208138673,fixed,fixed,,0.03,7/26/2019,368.6507937,368.6507937,non-performing,95
A00019767,LP19704,Broker,5/12/2015,USA,Resi,Mortage,Loan,Balloon,5/4/2045,5/9/2045,USD,129428.5714,116485.7143,22.00285714,116507.7171,0.04218594735,fixed,fixed,,0.03,7/26/2019,359.5238095,359.5238095,non-performing,97
A00019768,LP19705,Branch,5/13/2015,USA,Resi,Mortage,Loan,Linear,5/5/2045,5/4/2051,USD,126142.8571,123620,630.7142857,124250.7143,0.04229050797,mixed,fixed,,0.03,7/26/2019,350.3968254,350.3968254,non-performing,93
A00019769,LP19706,Branch,5/14/2015,USA,CRE,Mortage,Loan,Linear,5/6/2045,5/5/2050,USD,122857.1429,116714.2857,614.2857143,117328.5714,0.04239506859,fixed,fixed,,0.03,7/26/2019,341.2698413,341.2698413,,20
A00019770,LP19707,Web,5/15/2015,USA,Resi,Mortage,Loan,Linear,5/7/2045,5/6/2050,USD,119571.4286,113592.8571,298.9285714,113891.7857,0.04249962922,fixed,fixed,,0.03,7/26/2019,332.1428571,332.1428571,,90
A00019771,LP19708,Broker,5/16/2015,USA,Resi,Mortage,Loan,Linear,5/8/2045,5/7/2050,USD,116285.7143,116308.9714,313.9714286,116622.9429,0.04260418984,fixed,fixed,,0.03,7/23/2019,323.015873,323.015873,non-performing,91
A00019772,LP19709,Branch,5/17/2015,USA,Resi,Mortage,Loan,Linear,5/9/2045,5/8/2050,USD,150000,142500,867,143367,0.04270875046,fixed,fixed,,0.03,7/26/2019,416.6666667,416.6666667,non-performing,95
A00019773,LP19710,Web,5/18/2015,USA,Resi,Mortage,Loan,Linear,5/10/2045,5/9/2050,USD,100000,90000,500,90500,0.04281331109,fixed,fixed,,0.03,7/26/2019,277.7777778,277.7777778,non-performing,97
A00019774,LP19711,Broker,5/19/2015,USA,Resi,Mortage,Loan,Linear,5/11/2045,5/9/2053,USD,85000,83300,229.5,83529.5,0.04291787171,fixed,fixed,,0.03,7/26/2019,236.1111111,236.1111111,non-performing,93
A00019775,LP19712,Branch,5/20/2015,USA,Resi,Mortage,Loan,Linear,5/12/2045,5/17/2045,USD,200000,190000,1156,191156,0.04302243233,fixed,fixed,,0.03,7/26/2019,689.6551724,555.5555556,,90
A00019776,LP19713,Branch,5/21/2015,USA,Resi,Mortage,Loan,Linear,5/13/2045,5/18/2045,USD,150000,142500,750,143250,0.04312699296,fixed,fixed,,0.03,7/26/2019,0,416.6666667,non-performing,92
A00019777,LP19714,Web,5/22/2015,USA,CRE,Mortage,Loan,Linear,5/14/2045,5/19/2045,USD,136000,129200,23.12,129223.12,0.04323155358,fixed,fixed,,0.03,7/26/2019,377.7777778,377.7777778,,20
A00019778,LP19715,Broker,5/23/2015,USA,Resi,Mortage,Loan,Linear,5/15/2045,5/20/2045,USD,156333.3333,148516.6667,26.57666667,148543.2433,0.0433361142,fixed,fixed,,0.03,7/26/2019,434.2592593,434.2592593,,90
A00019779,LP19716,Branch,5/24/2015,USA,Resi,Mortage,Loan,Linear,5/16/2045,5/21/2045,USD,161904.7619,145714.2857,27.52380952,145741.8095,0.04344067482,fixed,fixed,,0.03,7/26/2019,449.7354497,449.7354497,non-performing,91
A00019780,LP19717,Web,5/25/2015,USA,Resi,Mortage,Loan,Linear,5/17/2045,5/22/2045,USD,167476.1905,164126.6667,418.6904762,164545.3571,0.04354523545,fixed,fixed,,0.03,7/26/2019,465.2116402,465.2116402,non-performing,95
A00019781,LP19718,Broker,5/26/2015,USA,Resi,Mortage,Loan,Linear,5/18/2045,5/17/2051,USD,173047.619,164395.2381,467.2285714,164862.4667,0.04364979607,fixed,fixed,,0.03,7/26/2019,480.6878307,480.6878307,non-performing,97
A00019782,LP19719,Branch,5/27/2015,USA,Resi,Mortage,Loan,Linear,5/19/2045,5/18/2050,USD,178619.0476,160757.1429,1032.418095,161789.561,0.04375435669,mixed,fixed,,0.03,7/26/2019,496.1640212,496.1640212,non-performing,93
A00019783,LP19720,Branch,5/28/2015,USA,Resi,Mortage,Loan,Linear,5/20/2045,5/19/2050,USD,184190.4762,180506.6667,920.952381,181427.619,0.04385891732,variable,fixed,LIBOR,0.03,7/26/2019,511.6402116,511.6402116,,20
A00019784,LP19721,Web,5/29/2015,USA,Resi,Mortage,Loan,Linear,5/21/2045,5/20/2050,USD,189761.9048,180273.8095,32.25952381,180306.069,0.04396347794,fixed,fixed,,0.03,7/26/2019,527.1164021,527.1164021,,90
A00019785,LP19722,Broker,5/30/2015,USA,CRE,Mortage,Loan,Linear,5/22/2045,5/21/2050,USD,195333.3333,185566.6667,976.6666667,186543.3333,0.04406803856,fixed,fixed,,0.03,7/26/2019,542.5925926,542.5925926,non-performing,91
A00019786,LP19723,Branch,5/31/2015,USA,Resi,Mortage,Loan,Linear,5/23/2045,5/22/2050,USD,200000,200040,1000,201040,0.04417259918,mixed,fixed,,0.03,7/26/2019,555.5555556,555.5555556,non-performing,95
A00019787,LP19724,Web,6/1/2015,USA,Resi,Mortage,Loan,Balloon,5/24/2045,5/22/2053,USD,150000,142500,375,142875,0.04427715981,fixed,fixed,,0.03,7/26/2019,416.6666667,416.6666667,non-performing,97
A00019788,LP19725,Broker,6/2/2015,USA,Resi,Mortage,Loan,Linear,5/25/2045,5/30/2045,USD,100000,90000,270,90270,0.04438172043,fixed,fixed,,0.03,7/26/2019,277.7777778,277.7777778,non-performing,93
A00019789,LP19726,Branch,6/3/2015,USA,Resi,Mortage,Loan,Linear,5/26/2045,5/31/2045,USD,85000,83300,491.3,83791.3,0.04448628105,fixed,fixed,,0.03,7/26/2019,236.1111111,236.1111111,,20
A00019790,LP19727,Branch,6/4/2015,USA,Resi,Mortage,Loan,Linear,5/27/2045,6/1/2045,USD,200000,190000,1000,191000,0.04459084168,fixed,fixed,,0.03,7/26/2019,555.5555556,555.5555556,,90
A00019791,LP19728,Web,6/5/2015,USA,Resi,Mortage,Loan,Linear,5/28/2045,6/2/2045,USD,150000,142500,405,142905,0.0446954023,fixed,fixed,,0.03,7/26/2019,416.6666667,416.6666667,non-performing,91
A00019792,LP19729,Broker,6/6/2015,USA,Resi,Mortage,Loan,Linear,5/29/2045,6/3/2045,USD,136000,129200,786.08,129986.08,0.04479996292,fixed,fixed,,0.03,7/26/2019,377.7777778,377.7777778,non-performing,95
A00019793,LP19730,Branch,6/7/2015,USA,CRE,Mortage,Loan,Linear,5/30/2045,6/4/2045,USD,132714.2857,126078.5714,663.5714286,126742.1429,0.04490452354,mixed,fixed,,0.03,7/26/2019,368.6507937,368.6507937,non-performing,97
A00019794,LP19731,Web,6/8/2015,USA,Resi,Mortage,Loan,Linear,5/31/2045,5/30/2051,USD,129428.5714,116485.7143,22.00285714,116507.7171,0.04,fixed,fixed,,0.03,7/26/2019,359.5238095,359.5238095,non-performing,93
A00019795,LP19732,Broker,6/9/2015,USA,Resi,Mortage,Loan,Linear,6/1/2045,5/31/2050,USD,126142.8571,123620,21.44428571,123641.4443,0.035,fixed,fixed,,0.03,7/26/2019,350.3968254,350.3968254,,20
A00019796,LP19733,Branch,6/10/2015,USA,Resi,Mortage,Loan,Linear,6/2/2045,6/1/2050,USD,122857.1429,116714.2857,20.88571429,116735.1714,0.04,fixed,fixed,,0.03,7/23/2019,341.2698413,341.2698413,,90
A00019797,LP19734,Branch,6/11/2015,USA,Resi,Mortage,Loan,Linear,6/3/2045,6/2/2050,USD,119571.4286,107614.2857,298.9285714,107913.2143,0.04,mixed,fixed,,0.03,7/26/2019,332.1428571,332.1428571,non-performing,91
A00019798,LP19735,Web,6/12/2015,USA,Resi,Mortage,Loan,Linear,6/4/2045,6/3/2050,USD,116285.7143,113960,313.9714286,114273.9714,0.04,fixed,fixed,,0.03,7/26/2019,323.015873,323.015873,non-performing,95
A00019799,LP19736,Broker,6/13/2015,USA,Resi,Mortage,Loan,Linear,6/5/2045,6/4/2050,USD,200000,190000,1156,191156,0.0375,fixed,fixed,,0.03,7/26/2019,555.5555556,555.5555556,non-performing,97
A00019800,LP19737,Branch,6/14/2015,USA,Resi,Mortage,Loan,Linear,6/6/2045,6/4/2053,USD,150000,142500,750,143250,0.04,fixed,fixed,,0.03,7/26/2019,416.6666667,416.6666667,non-performing,93
A00019801,LP19738,Web,6/15/2015,USA,CRE,Mortage,Loan,Linear,6/7/2045,6/12/2045,USD,100000,100020,17,100037,0.04,fixed,fixed,,0.03,7/26/2019,277.7777778,277.7777778,,90
A00019802,LP19739,Broker,6/16/2015,USA,Resi,Mortage,Loan,Linear,6/8/2045,6/13/2045,USD,85000,80750,425,81175,0.04,fixed,fixed,,0.03,7/26/2019,236.1111111,236.1111111,non-performing,92
A00019803,LP19740,Branch,6/17/2015,USA,Resi,Mortage,Loan,Linear,6/9/2045,6/14/2045,USD,200000,180000,1000,181000,0.04,fixed,fixed,,0.03,7/26/2019,555.5555556,555.5555556,non-performing,91
A00019804,LP19741,Branch,6/18/2015,USA,Resi,Mortage,Loan,Linear,6/10/2045,6/15/2045,USD,150000,147000,375,147375,0.04,fixed,fixed,,0.03,7/26/2019,416.6666667,416.6666667,non-performing,95
A00019805,LP19742,Web,6/19/2015,USA,Resi,Mortage,Loan,Linear,6/11/2045,6/16/2045,USD,136000,129200,367.2,129567.2,0.04,fixed,fixed,,0.03,7/26/2019,377.7777778,377.7777778,non-performing,97
A00019806,LP19743,Broker,6/20/2015,USA,Resi,Mortage,Loan,Linear,6/12/2045,6/17/2045,USD,132714.2857,126078.5714,767.0885714,126845.66,0.0375,fixed,fixed,,0.03,7/26/2019,368.6507937,368.6507937,non-performing,93
A00019807,LP19744,Branch,6/21/2015,USA,Resi,Mortage,Loan,Balloon,6/13/2045,6/12/2051,USD,129428.5714,122957.1429,647.1428571,123604.2857,0.04,fixed,fixed,,0.03,7/26/2019,359.5238095,359.5238095,,90
A00019808,LP19745,Web,6/22/2015,USA,Resi,Mortage,Loan,Linear,6/14/2045,6/13/2050,USD,126142.8571,119835.7143,340.5857143,120176.3,0.04,fixed,fixed,,0.03,7/26/2019,350.3968254,350.3968254,non-performing,92
A00019809,LP19746,Broker,6/23/2015,USA,CRE,Mortage,Loan,Linear,6/15/2045,6/14/2050,USD,122857.1429,110571.4286,710.1142857,111281.5429,0.04,fixed,fixed,,0.03,7/22/2019,341.2698413,341.2698413,non-performing,180
A00019810,LP19747,Branch,6/24/2015,USA,Resi,Mortage,Loan,Linear,6/16/2045,6/15/2050,USD,119571.4286,117180,597.8571429,117777.8571,0.035,fixed,fixed,,0.03,7/31/2019,332.1428571,332.1428571,non-performing,170
A00019811,LP19748,Branch,6/25/2015,USA,Resi,Mortage,Loan,Linear,6/17/2045,6/16/2050,USD,116285.7143,110471.4286,19.76857143,110491.1971,0.04,mixed,fixed,,0.03,8/1/2019,323.015873,323.015873,non-performing,213
A00019812,LP19749,Web,6/26/2015,USA,Resi,Mortage,Loan,Linear,6/18/2045,6/17/2050,USD,150000,135000,25.5,135025.5,0.04,variable,fixed,LIBOR,0.03,7/26/2019,416.6666667,416.6666667,,20
A00019813,LP19750,Broker,6/27/2015,USA,Resi,Mortage,Loan,Linear,6/19/2045,6/17/2053,USD,100000,98000,17,98017,0.04,fixed,fixed,,0.03,7/26/2019,277.7777778,277.7777778,,90
A00019814,LP19751,Branch,6/28/2015,USA,Resi,Mortage,Loan,Linear,6/20/2045,6/25/2045,USD,85000,80750,212.5,80962.5,0.04,fixed,fixed,,0.03,7/26/2019,0,236.1111111,non-performing,91
A00019815,LP19752,Web,6/29/2015,USA,Resi,Mortage,Loan,Linear,6/21/2045,6/26/2045,USD,200000,190000,540,190540,0.04,mixed,fixed,,0.03,7/26/2019,555.5555556,555.5555556,non-performing,95
A00019816,LP19753,Broker,2/16/2015,USA,Resi,Mortage,Loan,Linear,2/8/2045,2/13/2045,USD,150000,150030,867,150897,0.04,fixed,fixed,,0.03,7/26/2019,416.6666667,416.6666667,non-performing,97
A00019817,LP19754,Branch,2/17/2015,USA,CRE,Mortage,Loan,Linear,2/9/2045,2/14/2045,USD,136000,129200,680,129880,0.04,fixed,fixed,,0.03,7/26/2019,377.7777778,377.7777778,non-performing,93
A00019818,LP19755,Branch,2/18/2015,USA,Resi,Mortage,Loan,Linear,2/10/2045,2/15/2045,USD,156333.3333,140700,26.57666667,140726.5767,0.04,fixed,fixed,,0.03,7/26/2019,434.2592593,434.2592593,non-performing,213
A00019819,LP19756,Web,5/31/2015,USA,Resi,Mortage,Loan,Linear,5/23/2045,5/28/2045,USD,161904.7619,158666.6667,809.5238095,159476.1905,0.04,fixed,fixed,,0.03,7/26/2019,449.7354497,449.7354497,,20
A00019820,LP19757,Broker,6/1/2015,USA,Resi,Mortage,Loan,Linear,5/24/2045,5/23/2051,USD,167476.1905,159102.381,837.3809524,159939.7619,0.04,fixed,fixed,,0.03,7/26/2019,465.2116402,465.2116402,,90
A00019821,LP19758,Branch,6/2/2015,USA,Resi,Mortage,Loan,Linear,5/25/2045,5/24/2050,USD,173047.619,164395.2381,432.6190476,164827.8571,0.04,fixed,fixed,,0.03,7/26/2019,480.6878307,480.6878307,non-performing,91
A00019822,LP19759,Web,6/3/2015,USA,Resi,Mortage,Loan,Linear,5/26/2045,5/25/2050,USD,178619.0476,169688.0952,482.2714286,170170.3667,0.04,mixed,fixed,,0.03,7/26/2019,496.1640212,496.1640212,non-performing,95
A00019823,LP19760,Broker,6/4/2015,USA,Resi,Mortage,Loan,Linear,5/27/2045,5/26/2050,USD,184190.4762,174980.9524,1064.620952,176045.5733,0.05,fixed,fixed,,0.03,7/26/2019,511.6402116,511.6402116,non-performing,97
A00019824,LP19761,Branch,6/5/2015,USA,Resi,Mortage,Loan,Linear,5/28/2045,5/27/2050,USD,189761.9048,170785.7143,948.8095238,171734.5238,0.04145402299,fixed,fixed,,0.03,7/23/2019,527.1164021,527.1164021,non-performing,93
A00019825,LP19762,Branch,6/6/2015,USA,CRE,Mortage,Loan,Linear,5/29/2045,5/28/2050,USD,195333.3333,191426.6667,527.4,191954.0667,0.04155858361,fixed,fixed,,0.03,7/26/2019,542.5925926,542.5925926,,20
A00019826,LP19763,Web,6/7/2015,USA,Resi,Mortage,Loan,Linear,5/30/2045,5/28/2053,USD,200000,190000,1156,191156,0.04166314423,mixed,fixed,,0.03,7/26/2019,555.5555556,555.5555556,,90
A00019827,LP19764,Broker,6/8/2015,USA,Resi,Mortage,Loan,Balloon,5/31/2045,6/5/2045,USD,150000,135000,750,135750,0.04176770486,fixed,fixed,,0.03,7/26/2019,416.6666667,416.6666667,non-performing,91
A00019828,LP19765,Branch,6/9/2015,USA,Resi,Mortage,Loan,Linear,6/1/2045,6/6/2045,USD,100000,98000,17,98017,0.04187226548,fixed,fixed,,0.03,7/26/2019,277.7777778,277.7777778,non-performing,95
A00019829,LP19766,Web,6/10/2015,USA,Resi,Mortage,Loan,Linear,6/2/2045,6/7/2045,USD,85000,80750,14.45,80764.45,0.0419768261,fixed,fixed,,0.03,7/26/2019,236.1111111,236.1111111,non-performing,97
A00019830,LP19767,Broker,6/11/2015,USA,Resi,Mortage,Loan,Linear,6/3/2045,6/8/2045,USD,200000,190000,34,190034,0.04208138673,fixed,fixed,,0.03,7/26/2019,555.5555556,555.5555556,non-performing,93
A00019831,LP19768,Branch,6/12/2015,USA,Resi,Mortage,Loan,Linear,6/4/2045,6/9/2045,USD,150000,150030,375,150405,0.04218594735,fixed,fixed,,0.03,7/26/2019,416.6666667,416.6666667,,20
A00019832,LP19769,Branch,6/13/2015,USA,Resi,Mortage,Loan,Linear,6/5/2045,6/10/2045,USD,136000,129200,367.2,129567.2,0.04229050797,fixed,fixed,,0.03,7/26/2019,377.7777778,377.7777778,,90
A00019833,LP19770,Web,6/14/2015,USA,CRE,Mortage,Loan,Linear,6/6/2045,6/5/2051,USD,132714.2857,119442.8571,767.0885714,120209.9457,0.04239506859,fixed,fixed,,0.03,7/26/2019,368.6507937,368.6507937,non-performing,91
A00019834,LP19771,Broker,6/15/2015,USA,Resi,Mortage,Loan,Linear,6/7/2045,6/6/2050,USD,129428.5714,126840,647.1428571,127487.1429,0.04249962922,fixed,fixed,,0.03,7/26/2019,359.5238095,359.5238095,non-performing,95
A00019835,LP19772,Branch,6/16/2015,USA,Resi,Mortage,Loan,Linear,6/8/2045,6/7/2050,USD,126142.8571,119835.7143,21.44428571,119857.1586,0.04260418984,fixed,fixed,,0.03,7/26/2019,350.3968254,350.3968254,non-performing,97
A00019836,LP19773,Web,6/17/2015,USA,Resi,Mortage,Loan,Linear,6/9/2045,6/8/2050,USD,122857.1429,116714.2857,614.2857143,117328.5714,0.04270875046,fixed,fixed,,0.03,7/26/2019,341.2698413,341.2698413,non-performing,93
A00019837,LP19774,Broker,6/18/2015,USA,Resi,Mortage,Loan,Linear,6/10/2045,6/9/2050,USD,119571.4286,113592.8571,597.8571429,114190.7143,0.04281331109,fixed,fixed,,0.03,7/29/2019,332.1428571,332.1428571,,20
A00019838,LP19775,Branch,6/19/2015,USA,Resi,Mortage,Loan,Linear,6/11/2045,6/10/2050,USD,116285.7143,110471.4286,290.7142857,110762.1429,0.04291787171,fixed,fixed,,0.03,7/26/2019,323.015873,323.015873,,90
A00019839,LP19776,Branch,6/20/2015,USA,Resi,Mortage,Loan,Linear,6/12/2045,6/10/2053,USD,200000,180000,540,180540,0.04302243233,fixed,fixed,,0.03,7/26/2019,555.5555556,555.5555556,non-performing,92
A00019840,LP19777,Web,6/21/2015,USA,Resi,Mortage,Loan,Linear,6/13/2045,6/18/2045,USD,150000,147000,867,147867,0.04312699296,mixed,fixed,,0.03,7/26/2019,416.6666667,416.6666667,non-performing,180
A00019841,LP19778,Broker,6/22/2015,USA,CRE,Mortage,Loan,Linear,6/14/2045,6/19/2045,USD,100000,95000,500,95500,0.04323155358,variable,fixed,LIBOR,0.03,7/26/2019,277.7777778,277.7777778,non-performing,170
A00019842,LP19779,Branch,6/23/2015,USA,Resi,Mortage,Loan,Linear,6/15/2045,6/20/2045,USD,85000,76500,229.5,76729.5,0.0433361142,fixed,fixed,,0.03,7/26/2019,236.1111111,236.1111111,non-performing,213
A00019843,LP19780,Web,6/24/2015,USA,Resi,Mortage,Loan,Linear,6/16/2045,6/21/2045,USD,200000,196000,1156,197156,0.04344067482,fixed,fixed,,0.03,7/26/2019,555.5555556,555.5555556,,20
A00019844,LP19781,Broker,6/25/2015,USA,Resi,Mortage,Loan,Linear,6/17/2045,6/22/2045,USD,150000,142500,750,143250,0.04354523545,mixed,fixed,,0.03,7/26/2019,416.6666667,416.6666667,,90
A00019845,LP19782,Branch,6/26/2015,USA,Resi,Mortage,Loan,Linear,6/18/2045,6/23/2045,USD,136000,129200,23.12,129223.12,0.04364979607,fixed,fixed,,0.03,7/26/2019,377.7777778,377.7777778,non-performing,91