Contract Identifier,Loan ID,Origination Channel,Origination Date,Origination Country,Asset Class,Loan Purpose,Prod Type,Amort Type,Org Mat Date,Cur Mat Date,Currency,Org Amount,Principal Balance,Accrued Interest Balance (On book),UPB,Original Interest Rate,Original Rate Type,Current Rate Type,Current Rate Ref,Early Redemption Penalty,Last Payment Date,Last Payment Amount,Next Principal Scheduled Repayment Amount,Early Redemption Penalty,Loan Status,Days in Past-Due
bc00019434,ZLP27283,Web,2/16/2013,USA,Resi,Mortage,Loan,Linear,2/8/2045,2/13/2045,USD,132714.29,190000.00,1000.00,191000.00,0.040,fixed,fixed,,0.03,7/26/2019,555.56,555.56,0.04,non-performing,90
bc00019435,ZLP27284,Broker,2/17/2013,USA,CRE,Mortage,Loan,Balloon,2/9/2045,2/14/2045,USD,129428.57,135000.00,375.00,135375.00,0.035,mixed,fixed,,0.03,7/26/2019,416.67,416.67,0.04,non-performing,91
bc00019436,ZLP27285,Branch,2/18/2013,USA,Resi,Mortage,Loan,Linear,2/10/2045,2/15/2045,USD,126142.86,98000.00,270.00,98270.00,0.040,variable,fixed,LIBOR,0.03,7/26/2019,277.78,277.78,0.04,non-performing,95
bc00019437,ZLP27286,Branch,2/19/2013,USA,Resi,Mortage,Loan,Linear,2/11/2045,2/16/2045,USD,122857.14,80750.00,491.30,81241.30,0.040,fixed,fixed,,0.03,7/26/2019,236.11,236.11,0.04,non-performing,97
bc00019438,ZLP27287,Web,2/20/2013,USA,Resi,Mortage,Loan,Linear,2/12/2045,2/17/2045,USD,119571.43,190000.00,1000.00,191000.00,0.040,fixed,fixed,,0.03,7/26/2019,555.56,555.56,0.04,non-performing,93
bc00019439,ZLP27288,Broker,2/21/2013,USA,Resi,Mortage,Loan,Linear,2/13/2045,2/18/2045,USD,116285.71,150030.00,25.50,150055.50,0.038,mixed,fixed,,0.03,7/26/2019,0.00,416.67,0.04,non-performing,360
bc00019440,ZLP27289,Branch,2/22/2013,USA,Resi,Mortage,Loan,Linear,2/14/2045,2/13/2051,USD,132714.29,129200.00,680.00,129880.00,0.040,fixed,fixed,,0.03,7/26/2019,377.78,377.78,0.04,non-performing,90
bc00019441,ZLP27290,Web,2/23/2013,USA,Resi,Mortage,Loan,Linear,2/15/2045,2/14/2050,USD,129428.57,119442.86,663.57,120106.43,0.040,fixed,fixed,,0.03,7/26/2019,368.65,368.65,0.04,non-performing,91
bc00019442,ZLP27291,Broker,2/24/2013,USA,Resi,Mortage,Loan,Linear,2/16/2045,2/15/2050,USD,126142.86,126840.00,323.57,127163.57,0.040,fixed,fixed,,0.03,7/26/2019,359.52,359.52,0.04,non-performing,95
bc00019443,ZLP27292,Branch,2/25/2013,USA,Resi,Mortage,Loan,Linear,2/17/2045,2/16/2050,USD,122857.14,119835.71,340.59,120176.30,0.040,fixed,fixed,,0.03,7/26/2019,350.40,350.40,0.04,non-performing,97
bc00019444,ZLP27293,Branch,2/26/2013,USA,Resi,Mortage,Loan,Linear,2/18/2045,2/17/2050,USD,119571.43,116714.29,710.11,117424.40,0.040,fixed,fixed,,0.03,7/26/2019,341.27,341.27,0.04,non-performing,93
bc00019445,ZLP27294,Web,2/27/2013,USA,Resi,Mortage,Loan,Linear,2/19/2045,2/18/2050,USD,116285.71,113592.86,597.86,114190.71,0.040,fixed,fixed,,0.03,7/26/2019,332.14,332.14,0.04,non-performing,90
bc00019446,ZLP27295,Broker,2/28/2013,USA,Resi,Mortage,Loan,Linear,2/20/2045,2/18/2053,USD,132714.29,110471.43,19.77,110491.20,0.038,mixed,fixed,,0.03,7/23/2019,323.02,323.02,0.04,non-performing,92
bc00019447,ZLP27296,Branch,3/1/2013,USA,Resi,Mortage,Loan,Linear,2/21/2045,2/26/2045,USD,129428.57,180000.00,1000.00,181000.00,0.040,fixed,fixed,,0.03,7/26/2019,555.56,555.56,0.04,non-performing,180
bc00019448,ZLP27297,Web,3/2/2013,USA,Resi,Mortage,Loan,Linear,2/22/2045,2/27/2045,USD,126142.86,147000.00,750.00,147750.00,0.040,fixed,fixed,,0.03,7/26/2019,250.00,416.67,0.04,non-performing,90
bc00019449,ZLP27298,Broker,3/3/2013,USA,Resi,Mortage,Loan,Linear,2/23/2045,2/28/2045,USD,122857.14,95000.00,250.00,95250.00,0.040,fixed,fixed,,0.03,7/26/2019,277.78,277.78,0.04,non-performing,91
bc00019450,ZLP27299,Branch,3/4/2013,USA,Resi,Mortage,Loan,Linear,2/24/2045,3/1/2045,USD,119571.43,76500.00,229.50,76729.50,0.035,mixed,fixed,,0.03,7/26/2019,236.11,236.11,0.04,non-performing,95
bc00019451,ZLP27300,Branch,3/5/2013,USA,CRE,Mortage,Loan,Linear,2/25/2045,3/2/2045,USD,116285.71,196000.00,1156.00,197156.00,0.040,fixed,fixed,,0.03,7/26/2019,555.56,555.56,0.04,non-performing,97
bc00019452,ZLP27301,Web,3/6/2013,USA,Resi,Mortage,Loan,Linear,2/26/2045,3/3/2045,USD,132714.29,142500.00,750.00,143250.00,0.040,fixed,fixed,,0.03,7/26/2019,416.67,416.67,0.04,non-performing,93
bc00019453,ZLP27302,Broker,3/7/2013,USA,Resi,Mortage,Loan,Linear,2/27/2045,2/26/2051,USD,129428.57,129200.00,23.12,129223.12,0.040,fixed,fixed,,0.03,7/26/2019,0.00,377.78,0.04,non-performing,270
bc00019454,ZLP27303,Branch,3/8/2013,USA,Resi,Mortage,Loan,Linear,2/28/2045,2/27/2050,USD,126142.86,132740.83,22.56,132763.39,0.040,fixed,fixed,,0.03,7/26/2019,368.65,368.65,0.04,non-performing,90
bc00019455,ZLP27304,Web,3/9/2013,USA,Resi,Mortage,Loan,Balloon,3/1/2045,2/28/2050,USD,122857.14,122957.14,22.00,122979.15,0.040,fixed,fixed,,0.03,7/26/2019,359.52,359.52,0.04,non-performing,91
bc00019456,ZLP27305,Broker,3/10/2013,USA,Resi,Mortage,Loan,Linear,3/2/2045,3/1/2050,USD,119571.43,113528.57,21.44,113550.02,0.040,fixed,fixed,,0.03,7/26/2019,350.40,350.40,0.04,non-performing,95
bc00019457,ZLP27306,Branch,3/11/2013,USA,Resi,Mortage,Loan,Linear,3/3/2045,3/2/2050,USD,116285.71,120400.00,20.89,120420.89,0.040,fixed,fixed,,0.03,7/26/2019,472.53,341.27,0.04,non-performing,97
bc00019458,ZLP27307,Branch,3/12/2013,USA,Resi,Mortage,Loan,Linear,3/4/2045,3/3/2050,USD,119571.43,113592.86,20.33,113613.18,0.040,fixed,fixed,,0.03,7/26/2019,332.14,332.14,0.04,non-performing,93
bc00019459,ZLP27308,Web,3/13/2013,USA,Resi,Mortage,Loan,Linear,3/5/2045,3/3/2053,USD,116285.71,110471.43,19.77,110491.20,0.040,fixed,fixed,,0.03,7/29/2019,323.02,323.02,0.04,non-performing,75
bc00019460,ZLP27309,Broker,3/14/2013,USA,Resi,Mortage,Loan,Linear,3/6/2045,3/11/2045,USD,200000.00,142500.00,25.50,142525.50,0.040,fixed,fixed,,0.03,7/26/2019,416.67,416.67,0.04,non-performing,90
bc00019461,ZLP27310,Branch,3/15/2013,USA,Resi,Mortage,Loan,Linear,3/7/2045,3/12/2045,USD,200000.00,95000.00,500.00,95500.00,0.040,fixed,fixed,,0.03,7/26/2019,277.78,277.78,0.04,non-performing,91
bc00019462,ZLP27311,Web,3/16/2013,USA,Resi,Mortage,Loan,Linear,3/8/2045,3/13/2045,USD,150000.00,76500.00,212.50,76712.50,0.040,fixed,fixed,,0.03,7/26/2019,236.11,236.11,0.04,non-performing,95
bc00019463,ZLP27312,Broker,3/17/2013,USA,Resi,Mortage,Loan,Linear,3/9/2045,3/14/2045,USD,200000.00,196000.00,540.00,196540.00,0.050,fixed,fixed,,0.03,7/26/2019,555.56,555.56,0.04,non-performing,97
bc00019464,ZLP27313,Branch,3/18/2013,USA,Resi,Mortage,Loan,Linear,3/10/2045,3/15/2045,USD,175000.00,142500.00,867.00,143367.00,0.041,mixed,fixed,,0.03,7/26/2019,416.67,416.67,0.04,non-performing,93
bc00019465,ZLP27314,Branch,3/19/2013,USA,Resi,Mortage,Loan,Linear,3/11/2045,3/16/2045,USD,170000.00,122400.00,680.00,123080.00,0.042,variable,fixed,LIBOR,0.03,7/26/2019,377.78,377.78,0.04,non-performing,170
bc00019466,ZLP27315,Web,3/20/2013,USA,Resi,Mortage,Loan,Linear,3/12/2045,3/11/2051,USD,165000.00,153206.67,26.58,153233.24,0.042,fixed,fixed,,0.03,7/26/2019,434.26,434.26,0.04,non-performing,90
bc00019467,ZLP27316,Broker,3/21/2013,USA,CRE,Mortage,Loan,Linear,3/13/2045,3/12/2050,USD,160000.00,153809.52,809.52,154619.05,0.042,fixed,fixed,,0.03,7/26/2019,449.74,449.74,0.04,non-performing,91
bc00019468,ZLP27317,Branch,3/22/2013,USA,Resi,Mortage,Loan,Linear,3/14/2045,3/13/2050,USD,155000.00,159102.38,837.38,159939.76,0.042,mixed,fixed,,0.03,7/26/2019,465.21,465.21,0.04,non-performing,95
bc00019469,ZLP27318,Web,3/23/2013,USA,Resi,Mortage,Loan,Linear,3/15/2045,3/14/2050,USD,150000.00,173082.23,432.62,173514.85,0.042,fixed,fixed,,0.03,7/26/2019,480.69,480.69,0.04,non-performing,97
bc00019470,ZLP27319,Broker,3/24/2013,USA,Resi,Mortage,Loan,Linear,3/16/2045,3/15/2050,USD,145000.00,169688.10,482.27,170170.37,0.042,fixed,fixed,,0.03,7/26/2019,496.16,496.16,0.04,non-performing,93
bc00019471,ZLP27320,Branch,3/25/2013,USA,Resi,Mortage,Loan,Linear,3/17/2045,3/16/2050,USD,140000.00,165771.43,1064.62,166836.05,0.042,fixed,fixed,,0.03,7/26/2019,511.64,511.64,0.04,non-performing,90
bc00019472,ZLP27321,Branch,3/26/2013,USA,Resi,Mortage,Loan,Linear,3/18/2045,3/16/2053,USD,135000.00,185966.67,948.81,186915.48,0.042,fixed,fixed,,0.03,7/23/2019,527.12,527.12,0.04,non-performing,92
bc00019473,ZLP27322,Web,3/27/2013,USA,Resi,Mortage,Loan,Linear,3/19/2045,3/24/2045,USD,130000.00,185566.67,33.21,185599.87,0.042,fixed,fixed,,0.03,7/26/2019,542.59,542.59,0.04,non-performing,91
bc00019474,ZLP27323,Broker,3/28/2013,USA,Resi,Mortage,Loan,Linear,3/20/2045,3/25/2045,USD,125000.00,190000.00,1000.00,191000.00,0.042,fixed,fixed,,0.03,7/26/2019,555.56,555.56,0.04,non-performing,95
bc00019475,ZLP27324,Branch,3/29/2013,USA,Resi,Mortage,Loan,Balloon,3/21/2045,3/26/2045,USD,200000.00,142500.00,750.00,143250.00,0.043,mixed,fixed,,0.03,7/26/2019,416.67,416.67,0.04,non-performing,97
bc00019476,ZLP27325,Web,3/30/2013,USA,Resi,Mortage,Loan,Linear,3/22/2045,3/27/2045,USD,200000.00,95000.00,250.00,95250.00,0.043,fixed,fixed,,0.03,7/26/2019,277.78,277.78,0.04,non-performing,93
bc00019477,ZLP27326,Broker,3/31/2013,USA,Resi,Mortage,Loan,Linear,3/23/2045,3/28/2045,USD,150000.00,76500.00,229.50,76729.50,0.043,fixed,fixed,,0.03,7/26/2019,236.11,236.11,0.04,non-performing,90
bc00019478,ZLP27327,Branch,4/1/2013,USA,Resi,Mortage,Loan,Linear,3/24/2045,3/29/2045,USD,200000.00,196000.00,1156.00,197156.00,0.043,fixed,fixed,,0.03,7/26/2019,555.56,555.56,0.04,non-performing,92
bc00019479,ZLP27328,Branch,4/2/2013,USA,Resi,Mortage,Loan,Linear,3/25/2045,3/24/2051,USD,175000.00,142500.00,750.00,143250.00,0.043,mixed,fixed,,0.03,7/26/2019,416.67,416.67,0.04,non-performing,180
bc00019480,ZLP27329,Web,4/3/2013,USA,Resi,Mortage,Loan,Linear,3/26/2045,3/25/2050,USD,170000.00,122400.00,23.12,122423.12,0.043,fixed,fixed,,0.03,7/26/2019,377.78,377.78,0.04,non-performing,170
bc00019481,ZLP27330,Broker,4/4/2013,USA,Resi,Mortage,Loan,Linear,3/27/2045,3/26/2050,USD,165000.00,130060.00,22.56,130082.56,0.043,fixed,fixed,,0.03,7/26/2019,368.65,368.65,0.04,non-performing,213
bc00019482,ZLP27331,Branch,4/5/2013,USA,Resi,Mortage,Loan,Linear,3/28/2045,3/27/2050,USD,160000.00,122957.14,22.00,122979.15,0.043,fixed,fixed,,0.03,7/26/2019,0.00,359.52,0.04,non-performing,360
bc00019483,ZLP27332,Web,4/6/2013,USA,CRE,Mortage,Loan,Linear,3/29/2045,3/28/2050,USD,155000.00,119835.71,315.36,120151.07,0.043,fixed,fixed,,0.03,7/26/2019,350.40,350.40,0.04,non-performing,90
bc00019484,ZLP27333,Broker,4/7/2013,USA,Resi,Mortage,Loan,Linear,3/30/2045,3/29/2050,USD,150000.00,122881.71,331.71,123213.43,0.044,fixed,fixed,,0.03,7/26/2019,341.27,341.27,0.04,non-performing,91
bc00019485,ZLP27334,Branch,4/8/2013,USA,Resi,Mortage,Loan,Linear,3/31/2045,3/29/2053,USD,145000.00,113592.86,691.12,114283.98,0.044,fixed,fixed,,0.03,7/26/2019,332.14,332.14,0.04,non-performing,95
bc00019486,ZLP27335,Branch,4/9/2013,USA,Resi,Mortage,Loan,Linear,4/1/2045,4/6/2045,USD,140000.00,104657.14,581.43,105238.57,0.044,fixed,fixed,,0.03,7/26/2019,323.02,323.02,0.04,non-performing,97
bc00019487,ZLP27336,Web,4/10/2013,USA,Resi,Mortage,Loan,Linear,4/2/2045,4/7/2045,USD,135000.00,196000.00,34.00,196034.00,0.044,fixed,fixed,,0.03,7/26/2019,555.56,555.56,0.04,non-performing,93
bc00019488,ZLP27337,Broker,4/11/2013,USA,Resi,Mortage,Loan,Linear,4/3/2045,4/8/2045,USD,130000.00,142500.00,750.00,143250.00,0.044,fixed,fixed,,0.03,7/26/2019,416.67,416.67,0.04,non-performing,213
bc00019489,ZLP27338,Branch,4/12/2013,USA,Resi,Mortage,Loan,Linear,4/4/2045,4/9/2045,USD,125000.00,95000.00,500.00,95500.00,0.044,fixed,fixed,,0.03,7/26/2019,370.37,277.78,0.04,non-performing,170
bc00019490,ZLP27339,Web,4/13/2013,USA,Resi,Mortage,Loan,Linear,4/5/2045,4/10/2045,USD,200000.00,80750.00,212.50,80962.50,0.044,fixed,fixed,,0.03,7/26/2019,0.00,236.11,0.04,non-performing,90
bc00019491,ZLP27340,Broker,4/14/2013,USA,Resi,Mortage,Loan,Linear,4/6/2045,4/11/2045,USD,221666.67,190000.00,540.00,190540.00,0.044,fixed,fixed,,0.03,7/26/2019,555.56,555.56,0.04,non-performing,91
bc00019492,ZLP27341,Branch,4/15/2013,USA,Resi,Mortage,Loan,Linear,4/7/2045,4/6/2051,USD,256666.67,135000.00,867.00,135867.00,0.044,fixed,fixed,,0.03,7/26/2019,416.67,416.67,0.04,non-performing,95
bc00019493,ZLP27342,Branch,4/16/2013,USA,Resi,Mortage,Loan,Linear,4/8/2045,4/7/2050,USD,291666.67,133280.00,680.00,133960.00,0.044,mixed,fixed,,0.03,7/26/2019,377.78,377.78,0.04,non-performing,97
bc00019494,ZLP27343,Web,4/17/2013,USA,Resi,Mortage,Loan,Linear,4/9/2045,4/8/2050,USD,326666.67,126078.57,22.56,126101.13,0.045,variable,fixed,LIBOR,0.03,7/26/2019,368.65,368.65,0.04,non-performing,93
bc00019495,ZLP27344,Broker,4/18/2013,USA,Resi,Mortage,Loan,Balloon,4/10/2045,4/9/2050,USD,361666.67,116485.71,22.00,116507.72,0.045,fixed,fixed,,0.03,7/26/2019,0.00,359.52,0.04,non-performing,320
bc00019496,ZLP27345,Branch,4/19/2013,USA,Resi,Mortage,Loan,Linear,4/11/2045,4/10/2050,USD,396666.67,123620.00,21.44,123641.44,0.045,fixed,fixed,,0.03,7/26/2019,350.40,350.40,0.04,non-performing,90
bc00019497,ZLP27346,Web,4/20/2013,USA,Resi,Mortage,Loan,Linear,4/12/2045,4/11/2050,USD,431666.67,116714.29,307.14,117021.43,0.045,mixed,fixed,,0.03,7/23/2019,341.27,341.27,0.04,non-performing,91
bc00019498,ZLP27347,Broker,4/21/2013,USA,Resi,Mortage,Loan,Linear,4/13/2045,4/11/2053,USD,132714.29,113592.86,322.84,113915.70,0.040,fixed,fixed,,0.03,7/26/2019,332.14,332.14,0.04,non-performing,95
bc00019499,ZLP27348,Branch,4/22/2013,USA,CRE,Mortage,Loan,Linear,4/14/2045,4/19/2045,USD,129428.57,116308.97,672.13,116981.10,0.035,fixed,fixed,,0.03,7/26/2019,323.02,323.02,0.04,non-performing,97
bc00019500,ZLP27349,Branch,4/23/2013,USA,Resi,Mortage,Loan,Linear,4/15/2045,4/20/2045,USD,126142.86,142500.00,750.00,143250.00,0.040,fixed,fixed,,0.03,7/26/2019,416.67,416.67,0.04,non-performing,93
bc00019501,ZLP27350,Web,4/24/2013,USA,Resi,Mortage,Loan,Linear,4/16/2045,4/21/2045,USD,122857.14,90000.00,17.00,90017.00,0.040,fixed,fixed,,0.03,7/26/2019,277.78,277.78,0.04,non-performing,97
bc00019502,ZLP27351,Broker,4/25/2013,USA,Resi,Mortage,Loan,Linear,4/17/2045,4/22/2045,USD,119571.43,83300.00,425.00,83725.00,0.040,fixed,fixed,,0.03,7/26/2019,236.11,236.11,0.04,non-performing,90
bc00019503,ZLP27352,Branch,4/26/2013,USA,Resi,Mortage,Loan,Linear,4/18/2045,4/23/2045,USD,116285.71,190000.00,1000.00,191000.00,0.038,fixed,fixed,,0.03,7/26/2019,555.56,555.56,0.04,non-performing,91
bc00019504,ZLP27353,Web,4/27/2013,USA,Resi,Mortage,Loan,Linear,4/19/2045,4/24/2045,USD,132714.29,142500.00,375.00,142875.00,0.040,mixed,fixed,,0.03,7/26/2019,416.67,416.67,0.04,non-performing,95
bc00019505,ZLP27354,Broker,4/28/2013,USA,Resi,Mortage,Loan,Linear,4/20/2045,4/19/2051,USD,129428.57,129200.00,367.20,129567.20,0.040,fixed,fixed,,0.03,7/26/2019,377.78,377.78,0.04,non-performing,97
bc00019506,ZLP27355,Branch,4/29/2013,USA,Resi,Mortage,Loan,Linear,4/21/2045,4/20/2050,USD,126142.86,148516.67,903.61,149420.27,0.040,fixed,fixed,,0.03,7/26/2019,434.26,434.26,0.04,non-performing,93
bc00019507,ZLP27356,Branch,4/30/2013,USA,Resi,Mortage,Loan,Linear,4/22/2045,4/21/2050,USD,122857.14,145714.29,809.52,146523.81,0.040,fixed,fixed,,0.03,7/26/2019,0.00,449.74,0.04,non-performing,360
bc00019508,ZLP27357,Web,5/1/2013,USA,Resi,Mortage,Loan,Linear,4/23/2045,4/22/2050,USD,119571.43,164126.67,28.47,164155.14,0.040,mixed,fixed,,0.03,7/26/2019,465.21,465.21,0.04,non-performing,90
bc00019509,ZLP27358,Broker,5/2/2013,USA,Resi,Mortage,Loan,Linear,4/24/2045,4/23/2050,USD,116285.71,164395.24,29.42,164424.66,0.040,fixed,fixed,,0.03,7/26/2019,480.69,480.69,0.04,non-performing,92
bc00019510,ZLP27359,Branch,5/3/2013,USA,Resi,Mortage,Loan,Linear,4/25/2045,4/24/2050,USD,132714.29,160757.14,30.37,160787.51,0.038,fixed,fixed,,0.03,7/22/2019,496.16,496.16,0.04,non-performing,180
bc00019511,ZLP27360,Web,5/4/2013,USA,Resi,Mortage,Loan,Linear,4/26/2045,4/24/2053,USD,129428.57,180506.67,460.48,180967.14,0.040,fixed,fixed,,0.03,7/26/2019,511.64,511.64,0.04,non-performing,170
bc00019512,ZLP27361,Broker,5/5/2013,USA,Resi,Mortage,Loan,Linear,4/27/2045,5/2/2045,USD,126142.86,180273.81,512.36,180786.17,0.040,fixed,fixed,,0.03,7/26/2019,527.12,527.12,0.04,non-performing,213
bc00019513,ZLP27362,Branch,5/6/2013,USA,Resi,Mortage,Loan,Linear,4/28/2045,5/3/2045,USD,122857.14,185566.67,1129.03,186695.69,0.040,fixed,fixed,,0.03,7/26/2019,542.59,542.59,0.04,non-performing,180
bc00019514,ZLP27363,Branch,5/7/2013,USA,Resi,Mortage,Loan,Linear,4/29/2045,5/4/2045,USD,119571.43,200040.00,1000.00,201040.00,0.035,fixed,fixed,,0.03,7/26/2019,555.56,555.56,0.04,non-performing,90
bc00019515,ZLP27364,Web,5/8/2013,USA,CRE,Mortage,Loan,Balloon,4/30/2045,5/5/2045,USD,116285.71,142500.00,25.50,142525.50,0.040,fixed,fixed,,0.03,7/26/2019,416.67,416.67,0.04,non-performing,91
bc00019516,ZLP27365,Broker,5/9/2013,USA,Resi,Mortage,Loan,Linear,5/1/2045,5/6/2045,USD,132714.29,90000.00,500.00,90500.00,0.040,fixed,fixed,,0.03,7/26/2019,277.78,277.78,0.04,non-performing,95
bc00019517,ZLP27366,Branch,5/10/2013,USA,Resi,Mortage,Loan,Linear,5/2/2045,5/7/2045,USD,129428.57,83300.00,425.00,83725.00,0.040,fixed,fixed,,0.03,7/26/2019,236.11,236.11,0.04,non-performing,97
bc00019518,ZLP27367,Web,5/11/2013,USA,Resi,Mortage,Loan,Linear,5/3/2045,5/2/2051,USD,126142.86,190000.00,500.00,190500.00,0.040,fixed,fixed,,0.03,7/26/2019,555.56,555.56,0.04,non-performing,93
bc00019519,ZLP27368,Broker,5/12/2013,USA,Resi,Mortage,Loan,Linear,5/4/2045,5/3/2050,USD,122857.14,142500.00,405.00,142905.00,0.040,fixed,fixed,,0.03,7/26/2019,416.67,416.67,0.04,non-performing,213
bc00019520,ZLP27369,Branch,5/13/2013,USA,Resi,Mortage,Loan,Linear,5/5/2045,5/4/2050,USD,119571.43,129200.00,786.08,129986.08,0.040,fixed,fixed,,0.03,7/26/2019,0.00,377.78,0.04,non-performing,290
bc00019521,ZLP27370,Branch,5/14/2013,USA,Resi,Mortage,Loan,Linear,5/6/2045,5/5/2050,USD,116285.71,126078.57,663.57,126742.14,0.040,fixed,fixed,,0.03,7/26/2019,368.65,368.65,0.04,non-performing,90
bc00019522,ZLP27371,Web,5/15/2013,USA,Resi,Mortage,Loan,Linear,5/7/2045,5/6/2050,USD,119571.43,116485.71,349.46,116835.17,0.040,mixed,fixed,,0.03,7/26/2019,359.52,359.52,0.04,non-performing,91
bc00019523,ZLP27372,Broker,5/16/2013,USA,Resi,Mortage,Loan,Linear,5/8/2045,5/7/2050,USD,116285.71,123620.00,729.11,124349.11,0.040,variable,fixed,LIBOR,0.03,7/23/2019,350.40,350.40,0.04,non-performing,95
bc00019524,ZLP27373,Branch,5/17/2013,USA,Resi,Mortage,Loan,Linear,5/9/2045,5/7/2053,USD,200000.00,116714.29,614.29,117328.57,0.040,fixed,fixed,,0.03,7/26/2019,341.27,341.27,0.04,non-performing,97
bc00019525,ZLP27374,Web,5/18/2013,USA,Resi,Mortage,Loan,Linear,5/10/2045,5/15/2045,USD,200000.00,107614.29,20.33,107634.61,0.040,fixed,fixed,,0.03,7/26/2019,332.14,332.14,0.04,non-performing,93
bc00019526,ZLP27375,Broker,5/19/2013,USA,Resi,Mortage,Loan,Linear,5/11/2045,5/16/2045,USD,150000.00,113960.00,19.77,113979.77,0.040,mixed,fixed,,0.03,7/26/2019,323.02,323.02,0.04,non-performing,185
bc00019527,ZLP27376,Branch,5/20/2013,USA,Resi,Mortage,Loan,Linear,5/12/2045,5/17/2045,USD,200000.00,190000.00,34.00,190034.00,0.050,fixed,fixed,,0.03,7/26/2019,555.56,555.56,0.04,non-performing,90
bc00019528,ZLP27377,Branch,5/21/2013,USA,Resi,Mortage,Loan,Linear,5/13/2045,5/18/2045,USD,175000.00,142500.00,375.00,142875.00,0.041,fixed,fixed,,0.03,7/26/2019,416.67,416.67,0.04,non-performing,91
bc00019529,ZLP27378,Web,5/22/2013,USA,Resi,Mortage,Loan,Linear,5/14/2045,5/19/2045,USD,170000.00,100020.00,270.00,100290.00,0.042,fixed,fixed,,0.03,7/26/2019,277.78,277.78,0.04,non-performing,95
bc00019530,ZLP27379,Broker,5/23/2013,USA,Resi,Mortage,Loan,Linear,5/15/2045,5/20/2045,USD,165000.00,80750.00,491.30,81241.30,0.042,fixed,fixed,,0.03,7/26/2019,236.11,236.11,0.04,non-performing,97
bc00019531,ZLP27380,Branch,5/24/2013,USA,CRE,Mortage,Loan,Linear,5/16/2045,5/15/2051,USD,160000.00,180000.00,1000.00,181000.00,0.042,fixed,fixed,,0.03,7/26/2019,555.56,555.56,0.04,non-performing,93
bc00019532,ZLP27381,Web,5/25/2013,USA,Resi,Mortage,Loan,Linear,5/17/2045,5/16/2050,USD,155000.00,147000.00,25.50,147025.50,0.042,fixed,fixed,,0.03,7/26/2019,416.67,416.67,0.04,non-performing,90
bc00019533,ZLP27382,Broker,5/26/2013,USA,Resi,Mortage,Loan,Linear,5/18/2045,5/17/2050,USD,150000.00,129200.00,680.00,129880.00,0.042,mixed,fixed,,0.03,7/26/2019,377.78,377.78,0.04,non-performing,92
bc00019534,ZLP27383,Branch,5/27/2013,USA,Resi,Mortage,Loan,Linear,5/19/2045,5/18/2050,USD,145000.00,126078.57,663.57,126742.14,0.042,fixed,fixed,,0.03,7/26/2019,368.65,368.65,0.04,non-performing,180
bc00019535,ZLP27384,Branch,5/28/2013,USA,Resi,Mortage,Loan,Balloon,5/20/2045,5/19/2050,USD,140000.00,122957.14,323.57,123280.71,0.042,fixed,fixed,,0.03,7/26/2019,359.52,359.52,0.04,non-performing,170
bc00019536,ZLP27385,Web,5/29/2013,USA,Resi,Mortage,Loan,Linear,5/21/2045,5/20/2050,USD,135000.00,119835.71,340.59,120176.30,0.042,fixed,fixed,,0.03,7/29/2019,350.40,350.40,0.04,non-performing,213
bc00019537,ZLP27386,Broker,5/30/2013,USA,Resi,Mortage,Loan,Linear,5/22/2045,5/20/2053,USD,130000.00,110571.43,710.11,111281.54,0.042,mixed,fixed,,0.03,7/26/2019,341.27,341.27,0.04,non-performing,200
bc00019538,ZLP27387,Branch,5/31/2013,USA,Resi,Mortage,Loan,Linear,5/23/2045,5/28/2045,USD,125000.00,117180.00,597.86,117777.86,0.042,fixed,fixed,,0.03,7/26/2019,332.14,332.14,0.04,non-performing,90
bc00019539,ZLP27388,Web,6/1/2013,USA,Resi,Mortage,Loan,Linear,5/24/2045,5/29/2045,USD,200000.00,110471.43,313.97,110785.40,0.043,fixed,fixed,,0.03,7/26/2019,258.41,323.02,0.04,non-performing,91
bc00019540,ZLP27389,Broker,6/2/2013,USA,Resi,Mortage,Loan,Linear,5/25/2045,5/30/2045,USD,200000.00,135000.00,867.00,135867.00,0.043,fixed,fixed,,0.03,7/26/2019,416.67,416.67,0.04,non-performing,95
bc00019541,ZLP27390,Branch,6/3/2013,USA,Resi,Mortage,Loan,Linear,5/26/2045,5/31/2045,USD,150000.00,98000.00,500.00,98500.00,0.043,fixed,fixed,,0.03,7/26/2019,277.78,277.78,0.04,non-performing,97
bc00019542,ZLP27391,Branch,6/4/2013,USA,Resi,Mortage,Loan,Linear,5/27/2045,6/1/2045,USD,200000.00,80750.00,14.45,80764.45,0.043,fixed,fixed,,0.03,7/26/2019,236.11,236.11,0.04,non-performing,93
bc00019543,ZLP27392,Web,6/5/2013,USA,Resi,Mortage,Loan,Linear,5/28/2045,6/2/2045,USD,175000.00,190000.00,34.00,190034.00,0.043,fixed,fixed,,0.03,7/26/2019,555.56,555.56,0.04,non-performing,213
bc00019544,ZLP27393,Broker,6/6/2013,USA,Resi,Mortage,Loan,Linear,5/29/2045,5/28/2051,USD,170000.00,150030.00,25.50,150055.50,0.043,fixed,fixed,,0.03,7/26/2019,416.67,416.67,0.04,non-performing,187
bc00019545,ZLP27394,Branch,6/7/2013,USA,Resi,Mortage,Loan,Linear,5/30/2045,5/29/2050,USD,165000.00,129200.00,340.00,129540.00,0.043,fixed,fixed,,0.03,7/26/2019,377.78,377.78,0.04,non-performing,90
bc00019546,ZLP27395,Web,6/8/2013,USA,Resi,Mortage,Loan,Linear,5/31/2045,5/30/2050,USD,160000.00,140700.00,422.10,141122.10,0.043,fixed,fixed,,0.03,7/26/2019,434.26,434.26,0.04,non-performing,91
bc00019547,ZLP27396,Broker,6/9/2013,USA,CRE,Mortage,Loan,Linear,6/1/2045,5/31/2050,USD,155000.00,158666.67,935.81,159602.48,0.043,fixed,fixed,,0.03,7/26/2019,449.74,449.74,0.04,non-performing,95
bc00019548,ZLP27397,Branch,6/10/2013,USA,Resi,Mortage,Loan,Linear,6/2/2045,6/1/2050,USD,150000.00,159102.38,837.38,159939.76,0.044,fixed,fixed,,0.03,7/26/2019,465.21,465.21,0.04,non-performing,97
bc00019549,ZLP27398,Branch,6/11/2013,USA,Resi,Mortage,Loan,Linear,6/3/2045,6/2/2050,USD,145000.00,164395.24,29.42,164424.66,0.044,fixed,fixed,,0.03,7/23/2019,480.69,480.69,0.04,non-performing,93
bc00019550,ZLP27399,Web,6/12/2013,USA,Resi,Mortage,Loan,Linear,6/4/2045,6/2/2053,USD,140000.00,169688.10,893.10,170581.19,0.044,fixed,fixed,,0.03,7/26/2019,496.16,496.16,0.04,non-performing,200
bc00019551,ZLP27400,Broker,6/13/2013,USA,Resi,Mortage,Loan,Linear,6/5/2045,6/10/2045,USD,135000.00,174980.95,920.95,175901.90,0.044,mixed,fixed,,0.03,7/26/2019,511.64,511.64,0.04,non-performing,90
bc00019552,ZLP27401,Branch,6/14/2013,USA,Resi,Mortage,Loan,Linear,6/6/2045,6/11/2045,USD,130000.00,170785.71,474.40,171260.12,0.044,variable,fixed,LIBOR,0.03,7/26/2019,0.00,527.12,0.04,non-performing,91
bc00019553,ZLP27402,Web,6/15/2013,USA,Resi,Mortage,Loan,Linear,6/7/2045,6/12/2045,USD,125000.00,191426.67,527.40,191954.07,0.044,fixed,fixed,,0.03,7/26/2019,542.59,542.59,0.04,non-performing,95
bc00019554,ZLP27403,Broker,6/16/2013,USA,Resi,Mortage,Loan,Linear,6/8/2045,6/13/2045,USD,200000.00,190000.00,1156.00,191156.00,0.044,fixed,fixed,,0.03,7/26/2019,555.56,555.56,0.04,non-performing,97
bc00019555,ZLP27404,Branch,6/17/2013,USA,Resi,Mortage,Loan,Balloon,6/9/2045,6/14/2045,USD,221666.67,135000.00,750.00,135750.00,0.044,mixed,fixed,,0.03,7/26/2019,416.67,416.67,0.04,non-performing,93
bc00019556,ZLP27405,Branch,6/18/2013,USA,Resi,Mortage,Loan,Linear,6/10/2045,6/15/2045,USD,256666.67,98000.00,270.00,98270.00,0.044,fixed,fixed,,0.03,7/26/2019,277.78,277.78,0.04,non-performing,190
bc00019557,ZLP27406,Web,6/19/2013,USA,Resi,Mortage,Loan,Linear,6/11/2045,6/10/2051,USD,291666.67,80750.00,491.30,81241.30,0.044,fixed,fixed,,0.03,7/26/2019,236.11,236.11,0.04,non-performing,90
bc00019558,ZLP27407,Broker,6/20/2013,USA,Resi,Mortage,Loan,Linear,6/12/2045,6/11/2050,USD,326666.67,190000.00,1000.00,191000.00,0.045,fixed,fixed,,0.03,7/26/2019,555.56,555.56,0.04,non-performing,91
bc00019559,ZLP27408,Branch,6/21/2013,USA,Resi,Mortage,Loan,Linear,6/13/2045,6/12/2050,USD,361666.67,150030.00,25.50,150055.50,0.045,fixed,fixed,,0.03,7/26/2019,416.67,416.67,0.04,non-performing,95
bc00019560,ZLP27409,Web,6/22/2013,USA,Resi,Mortage,Loan,Linear,6/14/2045,6/13/2050,USD,396666.67,129200.00,23.12,129223.12,0.045,fixed,fixed,,0.03,7/26/2019,377.78,377.78,0.04,non-performing,97
bc00019561,ZLP27410,Broker,6/23/2013,USA,Resi,Mortage,Loan,Linear,6/15/2045,6/14/2050,USD,431666.67,119442.86,22.56,119465.42,0.045,fixed,fixed,,0.03,7/26/2019,368.65,368.65,0.04,non-performing,93
bc00019562,ZLP27411,Branch,6/24/2013,USA,Resi,Mortage,Loan,Linear,6/16/2045,6/15/2050,USD,125000.00,126840.00,323.57,127163.57,0.040,mixed,fixed,,0.03,7/26/2019,0.00,359.52,0.04,non-performing,320
bc00019563,ZLP27412,Branch,6/25/2013,USA,CRE,Mortage,Loan,Linear,6/17/2045,6/15/2053,USD,132714.29,119835.71,340.59,120176.30,0.035,fixed,fixed,,0.03,7/26/2019,350.40,350.40,0.04,non-performing,90
bc00019564,ZLP27413,Web,6/26/2013,USA,Resi,Mortage,Loan,Linear,6/18/2045,6/23/2045,USD,129428.57,116714.29,710.11,117424.40,0.040,fixed,fixed,,0.03,7/26/2019,341.27,341.27,0.04,non-performing,91
bc00019565,ZLP27414,Broker,6/27/2013,USA,Resi,Mortage,Loan,Linear,6/19/2045,6/24/2045,USD,126142.86,113592.86,597.86,114190.71,0.040,fixed,fixed,,0.03,7/26/2019,332.14,332.14,0.04,non-performing,95
bc00019566,ZLP27415,Branch,6/28/2013,USA,Resi,Mortage,Loan,Linear,6/20/2045,6/25/2045,USD,122857.14,110471.43,19.77,110491.20,0.040,mixed,fixed,,0.03,7/26/2019,323.02,323.02,0.04,non-performing,97
bc00019567,ZLP27416,Web,6/29/2013,USA,Resi,Mortage,Loan,Linear,6/21/2045,6/26/2045,USD,119571.43,180000.00,1000.00,181000.00,0.038,fixed,fixed,,0.03,7/26/2019,555.56,555.56,0.04,non-performing,93
bc00019568,ZLP27417,Broker,6/30/2013,USA,Resi,Mortage,Loan,Linear,2/8/2045,2/13/2045,USD,116285.71,147000.00,750.00,147750.00,0.040,fixed,fixed,,0.03,7/26/2019,416.67,416.67,0.04,non-performing,90
bc00019569,ZLP27418,Branch,7/1/2013,USA,Resi,Mortage,Loan,Linear,2/9/2045,2/14/2045,USD,132714.29,95000.00,250.00,95250.00,0.040,fixed,fixed,,0.03,7/26/2019,277.78,277.78,0.04,non-performing,92
bc00019570,ZLP27419,Branch,7/2/2013,USA,Resi,Mortage,Loan,Linear,2/10/2045,2/9/2051,USD,129428.57,76500.00,229.50,76729.50,0.040,fixed,fixed,,0.03,7/26/2019,0.00,236.11,0.04,non-performing,300
bc00019571,ZLP27420,Web,7/3/2013,USA,Resi,Mortage,Loan,Linear,2/11/2045,2/10/2050,USD,126142.86,196000.00,1156.00,197156.00,0.040,fixed,fixed,,0.03,7/26/2019,555.56,555.56,0.04,non-performing,90
bc00019572,ZLP27421,Broker,7/4/2013,USA,Resi,Mortage,Loan,Linear,2/12/2045,2/11/2050,USD,122857.14,142500.00,750.00,143250.00,0.040,fixed,fixed,,0.03,7/26/2019,416.67,416.67,0.04,non-performing,91
bc00019573,ZLP27422,Branch,7/5/2013,USA,Resi,Mortage,Loan,Linear,2/13/2045,2/12/2050,USD,119571.43,129200.00,367.20,129567.20,0.040,fixed,fixed,,0.03,7/26/2019,377.78,377.78,0.04,non-performing,95
bc00019574,ZLP27423,Web,7/6/2013,USA,Resi,Mortage,Loan,Linear,2/14/2045,2/13/2050,USD,116285.71,132740.83,767.09,133507.92,0.038,fixed,fixed,,0.03,7/23/2019,368.65,368.65,0.04,non-performing,97
bc00019575,ZLP27424,Broker,7/7/2013,USA,Resi,Mortage,Loan,Balloon,2/15/2045,2/14/2050,USD,132714.29,122957.14,647.14,123604.29,0.040,fixed,fixed,,0.03,7/26/2019,359.52,359.52,0.04,non-performing,93
bc00019576,ZLP27425,Branch,7/8/2013,USA,Resi,Mortage,Loan,Linear,2/16/2045,2/14/2053,USD,129428.57,113528.57,21.44,113550.02,0.040,fixed,fixed,,0.03,7/26/2019,350.40,350.40,0.04,non-performing,198
bc00019577,ZLP27426,Branch,7/9/2013,USA,Resi,Mortage,Loan,Linear,2/17/2045,2/22/2045,USD,126142.86,120400.00,20.89,120420.89,0.040,fixed,fixed,,0.03,7/26/2019,341.27,341.27,0.04,non-performing,90
bc00019578,ZLP27427,Web,7/10/2013,USA,Resi,Mortage,Loan,Linear,2/18/2045,2/23/2045,USD,122857.14,113592.86,20.33,113613.18,0.035,fixed,fixed,,0.03,7/26/2019,332.14,332.14,0.04,non-performing,91
bc00019579,ZLP27428,Broker,7/11/2013,USA,CRE,Mortage,Loan,Linear,2/19/2045,2/24/2045,USD,119571.43,110471.43,290.71,110762.14,0.040,fixed,fixed,,0.03,7/26/2019,323.02,323.02,0.04,non-performing,95
bc00019580,ZLP27429,Branch,7/12/2013,USA,Resi,Mortage,Loan,Linear,2/20/2045,2/25/2045,USD,116285.71,142500.00,405.00,142905.00,0.040,mixed,fixed,,0.03,7/26/2019,416.67,416.67,0.04,non-performing,97
bc00019581,ZLP27430,Web,7/13/2013,USA,Resi,Mortage,Loan,Linear,2/21/2045,2/26/2045,USD,132714.29,95000.00,578.00,95578.00,0.040,variable,fixed,LIBOR,0.03,7/26/2019,277.78,277.78,0.04,non-performing,93
bc00019582,ZLP27431,Broker,7/14/2013,USA,Resi,Mortage,Loan,Linear,2/22/2045,2/27/2045,USD,129428.57,76500.00,425.00,76925.00,0.040,fixed,fixed,,0.03,7/26/2019,0.00,236.11,0.04,non-performing,400
bc00019583,ZLP27432,Branch,7/15/2013,USA,Resi,Mortage,Loan,Linear,2/23/2045,2/22/2051,USD,126142.86,196000.00,34.00,196034.00,0.040,fixed,fixed,,0.03,7/26/2019,800.00,555.56,0.04,non-performing,90
bc00019584,ZLP27433,Branch,7/16/2013,USA,CRE,Mortage,Loan,Linear,2/24/2045,2/23/2050,USD,122857.14,142500.00,750.00,143250.00,0.040,mixed,fixed,,0.03,7/26/2019,416.67,416.67,0.04,non-performing,91
bc00019585,ZLP27434,Web,7/17/2013,USA,Resi,Mortage,Loan,Linear,2/25/2045,2/24/2050,USD,119571.43,122400.00,680.00,123080.00,0.040,fixed,fixed,,0.03,7/26/2019,377.78,377.78,0.04,non-performing,95
bc00019586,ZLP27435,Broker,7/18/2013,USA,Resi,Mortage,Loan,Linear,2/26/2045,2/25/2050,USD,116285.71,153206.67,390.83,153597.50,0.040,fixed,fixed,,0.03,7/26/2019,434.26,434.26,0.04,non-performing,97
bc00019587,ZLP27436,Branch,7/19/2013,USA,Resi,Mortage,Loan,Linear,2/27/2045,2/26/2050,USD,119571.43,153809.52,437.14,154246.67,0.040,fixed,fixed,,0.03,7/22/2019,449.74,449.74,0.04,non-performing,93
bc00019588,ZLP27437,Web,7/20/2013,USA,Resi,Mortage,Loan,Linear,2/28/2045,2/27/2050,USD,116285.71,159102.38,968.01,160070.39,0.040,fixed,fixed,,0.03,7/31/2019,465.21,465.21,0.04,non-performing,260
bc00019589,ZLP27438,Broker,7/21/2013,USA,Resi,Mortage,Loan,Linear,3/1/2045,2/27/2053,USD,200000.00,173082.23,865.24,173947.47,0.040,fixed,fixed,,0.03,7/26/2019,480.69,480.69,0.04,non-performing,90
bc00019590,ZLP27439,Branch,7/22/2013,USA,Resi,Mortage,Loan,Linear,3/2/2045,3/7/2045,USD,200000.00,169688.10,482.27,170170.37,0.040,fixed,fixed,,0.03,7/26/2019,496.16,496.16,0.04,non-performing,91
bc00019591,ZLP27440,Branch,7/23/2013,USA,Resi,Mortage,Loan,Linear,3/3/2045,3/8/2045,USD,150000.00,165771.43,1064.62,166836.05,0.050,mixed,fixed,,0.03,7/26/2019,511.64,511.64,0.04,non-performing,95
bc00019592,ZLP27441,Web,7/24/2013,USA,Resi,Mortage,Loan,Linear,3/4/2045,3/9/2045,USD,200000.00,185966.67,948.81,186915.48,0.041,fixed,fixed,,0.03,7/26/2019,527.12,527.12,0.04,non-performing,97
bc00019593,ZLP27442,Broker,7/25/2013,USA,Resi,Mortage,Loan,Linear,3/5/2045,3/10/2045,USD,175000.00,185566.67,33.21,185599.87,0.042,fixed,fixed,,0.03,7/26/2019,542.59,542.59,0.04,non-performing,93
bc00019594,ZLP27443,Branch,7/26/2013,USA,Resi,Mortage,Loan,Linear,3/6/2045,3/11/2045,USD,170000.00,190000.00,34.00,190034.00,0.042,fixed,fixed,,0.03,7/26/2019,555.56,555.56,0.04,non-performing,90
bc00019595,ZLP27444,Web,7/27/2013,USA,Resi,Mortage,Loan,Balloon,3/7/2045,3/12/2045,USD,165000.00,142500.00,25.50,142525.50,0.042,mixed,fixed,,0.03,7/26/2019,416.67,416.67,0.04,non-performing,92
bc00019596,ZLP27445,Broker,7/28/2013,USA,Resi,Mortage,Loan,Linear,3/8/2045,3/7/2051,USD,160000.00,95000.00,250.00,95250.00,0.042,fixed,fixed,,0.03,7/26/2019,277.78,277.78,0.04,non-performing,91
bc00019597,ZLP27446,Branch,7/29/2013,USA,Resi,Mortage,Loan,Linear,3/9/2045,3/8/2050,USD,155000.00,76500.00,229.50,76729.50,0.042,fixed,fixed,,0.03,7/26/2019,236.11,236.11,0.04,non-performing,95
bc00019598,ZLP27447,Branch,7/30/2013,USA,Resi,Mortage,Loan,Linear,3/10/2045,3/9/2050,USD,150000.00,196000.00,1156.00,197156.00,0.042,fixed,fixed,,0.03,7/26/2019,555.56,555.56,0.04,non-performing,97
bc00019599,ZLP27448,Web,7/31/2013,USA,Resi,Mortage,Loan,Linear,3/11/2045,3/10/2050,USD,145000.00,142500.00,750.00,143250.00,0.042,fixed,fixed,,0.03,7/26/2019,416.67,416.67,0.04,non-performing,93
bc00019600,ZLP27449,Broker,8/1/2013,USA,CRE,Mortage,Loan,Linear,3/12/2045,3/11/2050,USD,140000.00,122400.00,23.12,122423.12,0.042,fixed,fixed,,0.03,7/26/2019,377.78,377.78,0.04,non-performing,90
bc00019601,ZLP27450,Branch,8/2/2013,USA,Resi,Mortage,Loan,Linear,3/13/2045,3/12/2050,USD,135000.00,130060.00,663.57,130723.57,0.042,fixed,fixed,,0.03,7/23/2019,368.65,368.65,0.04,non-performing,92
bc00019602,ZLP27451,Web,8/3/2013,USA,Resi,Mortage,Loan,Linear,3/14/2045,3/12/2053,USD,130000.00,122957.14,647.14,123604.29,0.042,fixed,fixed,,0.03,7/26/2019,359.52,359.52,0.04,non-performing,180
bc00019603,ZLP27452,Broker,8/4/2013,USA,Resi,Mortage,Loan,Linear,3/15/2045,3/20/2045,USD,125000.00,119835.71,315.36,120151.07,0.043,fixed,fixed,,0.03,7/26/2019,350.40,350.40,0.04,non-performing,170
bc00019604,ZLP27453,Branch,8/5/2013,USA,Resi,Mortage,Loan,Linear,3/16/2045,3/21/2045,USD,200000.00,122881.71,331.71,123213.43,0.043,fixed,fixed,,0.03,7/26/2019,341.27,341.27,0.04,non-performing,213
bc00019605,ZLP27454,Branch,8/6/2013,USA,CRE,Mortage,Loan,Linear,3/17/2045,3/22/2045,USD,200000.00,113592.86,691.12,114283.98,0.043,fixed,fixed,,0.03,7/26/2019,332.14,332.14,0.04,non-performing,280
bc00019606,ZLP27455,Web,8/7/2013,USA,Resi,Mortage,Loan,Linear,3/18/2045,3/23/2045,USD,150000.00,104657.14,581.43,105238.57,0.043,fixed,fixed,,0.03,7/26/2019,323.02,323.02,0.04,non-performing,90
bc00019607,ZLP27456,Broker,8/8/2013,USA,Resi,Mortage,Loan,Linear,3/19/2045,3/24/2045,USD,200000.00,196000.00,540.00,196540.00,0.043,fixed,fixed,,0.03,7/26/2019,555.56,555.56,0.04,non-performing,91
bc00019608,ZLP27457,Branch,8/9/2013,USA,Resi,Mortage,Loan,Linear,3/20/2045,3/25/2045,USD,175000.00,142500.00,867.00,143367.00,0.043,fixed,fixed,,0.03,7/26/2019,416.67,416.67,0.04,non-performing,95
bc00019609,ZLP27458,Web,8/10/2013,USA,Resi,Mortage,Loan,Linear,3/21/2045,3/20/2051,USD,170000.00,95000.00,500.00,95500.00,0.043,mixed,fixed,,0.03,7/26/2019,277.78,277.78,0.04,non-performing,97
bc00019610,ZLP27459,Broker,8/11/2013,USA,Resi,Mortage,Loan,Linear,3/22/2045,3/21/2050,USD,165000.00,80750.00,14.45,80764.45,0.043,variable,fixed,LIBOR,0.03,7/26/2019,236.11,236.11,0.04,non-performing,93
bc00019611,ZLP27460,Branch,8/12/2013,USA,Resi,Mortage,Loan,Linear,3/23/2045,3/22/2050,USD,160000.00,190000.00,34.00,190034.00,0.043,fixed,fixed,,0.03,7/26/2019,555.56,555.56,0.04,non-performing,213
bc00019612,ZLP27461,Branch,8/13/2013,USA,Resi,Mortage,Loan,Linear,3/24/2045,3/23/2050,USD,155000.00,135000.00,25.50,135025.50,0.044,fixed,fixed,,0.03,7/26/2019,0.00,416.67,0.04,non-performing,350
bc00019613,ZLP27462,Web,8/14/2013,USA,Resi,Mortage,Loan,Linear,3/25/2045,3/24/2050,USD,150000.00,133280.00,340.00,133620.00,0.044,mixed,fixed,,0.03,7/26/2019,377.78,377.78,0.04,non-performing,90
bc00019614,ZLP27463,Broker,8/15/2013,USA,Resi,Mortage,Loan,Linear,3/26/2045,3/25/2050,USD,145000.00,126078.57,358.33,126436.90,0.044,fixed,fixed,,0.03,7/29/2019,368.65,368.65,0.04,non-performing,91
bc00019615,ZLP27464,Branch,8/16/2013,USA,Resi,Mortage,Loan,Balloon,3/27/2045,3/25/2053,USD,140000.00,116485.71,748.10,117233.81,0.044,fixed,fixed,,0.03,7/26/2019,0.00,359.52,0.04,non-performing,95
bc00019616,ZLP27465,Web,8/17/2013,USA,Resi,Mortage,Loan,Linear,3/28/2045,4/2/2045,USD,135000.00,123620.00,630.71,124250.71,0.044,fixed,fixed,,0.03,7/26/2019,350.40,350.40,0.04,non-performing,97
bc00019617,ZLP27466,Broker,8/18/2013,USA,Resi,Mortage,Loan,Linear,3/29/2045,4/3/2045,USD,130000.00,116714.29,20.89,116735.17,0.044,fixed,fixed,,0.03,7/26/2019,341.27,341.27,0.04,non-performing,93
bc00019618,ZLP27467,Branch,8/19/2013,USA,Resi,Mortage,Loan,Linear,3/30/2045,4/4/2045,USD,125000.00,113592.86,597.86,114190.71,0.044,fixed,fixed,,0.03,7/26/2019,332.14,332.14,0.04,non-performing,270
bc00019619,ZLP27468,Branch,8/20/2013,USA,Resi,Mortage,Loan,Linear,3/31/2045,4/5/2045,USD,200000.00,116308.97,581.43,116890.40,0.044,fixed,fixed,,0.03,7/26/2019,323.02,323.02,0.04,non-performing,90
bc00019620,ZLP27469,Web,8/21/2013,USA,Resi,Mortage,Loan,Linear,4/1/2045,4/6/2045,USD,221666.67,142500.00,375.00,142875.00,0.044,mixed,fixed,,0.03,7/26/2019,416.67,416.67,0.04,non-performing,91
bc00019621,ZLP27470,Broker,8/22/2013,USA,CRE,Mortage,Loan,Linear,4/2/2045,4/7/2045,USD,256666.67,90000.00,270.00,90270.00,0.044,fixed,fixed,,0.03,7/26/2019,277.78,277.78,0.04,non-performing,95
bc00019622,ZLP27471,Branch,8/23/2013,USA,Resi,Mortage,Loan,Linear,4/3/2045,4/2/2051,USD,291666.67,83300.00,491.30,83791.30,0.045,fixed,fixed,,0.03,7/26/2019,236.11,236.11,0.04,non-performing,97
bc00019623,ZLP27472,Web,8/24/2013,USA,Resi,Mortage,Loan,Linear,4/4/2045,4/3/2050,USD,326666.67,190000.00,1000.00,191000.00,0.045,fixed,fixed,,0.03,7/26/2019,555.56,555.56,0.04,non-performing,93
bc00019624,ZLP27473,Broker,8/25/2013,USA,Resi,Mortage,Loan,Linear,4/5/2045,4/4/2050,USD,361666.67,142500.00,405.00,142905.00,0.045,mixed,fixed,,0.03,7/26/2019,416.67,416.67,0.04,non-performing,200
bc00019625,ZLP27474,Branch,8/26/2013,USA,Resi,Mortage,Loan,Linear,4/6/2045,4/5/2050,USD,396666.67,129200.00,786.08,129986.08,0.045,fixed,fixed,,0.03,7/26/2019,468.97,377.78,0.04,non-performing,90
bc00019626,ZLP27475,Branch,8/27/2013,USA,CRE,Mortage,Loan,Linear,4/7/2045,4/6/2050,USD,431666.67,148516.67,781.67,149298.33,0.040,fixed,fixed,,0.03,7/26/2019,0.00,434.26,0.04,non-performing,400
bc00019627,ZLP27476,Web,8/28/2013,USA,Resi,Mortage,Loan,Linear,4/8/2045,4/7/2050,USD,132714.29,145714.29,27.52,145741.81,0.035,fixed,fixed,,0.03,7/23/2019,449.74,449.74,0.04,non-performing,95
bc00019628,ZLP27477,Broker,8/29/2013,USA,Resi,Mortage,Loan,Linear,4/9/2045,4/7/2053,USD,129428.57,164126.67,28.47,164155.14,0.040,fixed,fixed,,0.03,7/26/2019,465.21,465.21,0.04,non-performing,97
bc00019629,ZLP27478,Branch,8/30/2013,USA,Resi,Mortage,Loan,Linear,4/10/2045,4/15/2045,USD,126142.86,164395.24,29.42,164424.66,0.040,fixed,fixed,,0.03,7/26/2019,480.69,480.69,0.04,non-performing,93
bc00019630,ZLP27479,Web,8/31/2013,USA,Resi,Mortage,Loan,Linear,4/11/2045,4/16/2045,USD,122857.14,160757.14,446.55,161203.69,0.040,fixed,fixed,,0.03,7/26/2019,496.16,496.16,0.04,non-performing,20
bc00019631,ZLP27480,Broker,9/1/2013,USA,Resi,Mortage,Loan,Linear,4/12/2045,4/17/2045,USD,119571.43,180506.67,497.31,181003.98,0.038,fixed,fixed,,0.03,7/26/2019,511.64,511.64,0.04,non-performing,90
bc00019632,ZLP27481,Branch,9/2/2013,USA,Resi,Mortage,Loan,Linear,4/13/2045,4/18/2045,USD,116285.71,180273.81,1096.82,181370.63,0.040,fixed,fixed,,0.03,7/26/2019,527.12,527.12,0.04,non-performing,92
bc00019633,ZLP27482,Branch,9/3/2013,USA,Resi,Mortage,Loan,Linear,4/14/2045,4/19/2045,USD,132714.29,185566.67,976.67,186543.33,0.040,fixed,fixed,,0.03,7/26/2019,542.59,542.59,0.04,non-performing,180
bc00019634,ZLP27483,Web,9/4/2013,USA,Resi,Mortage,Loan,Linear,4/15/2045,4/20/2045,USD,129428.57,200040.00,34.00,200074.00,0.040,fixed,fixed,,0.03,7/26/2019,555.56,555.56,0.04,non-performing,170
bc00019635,ZLP27484,Broker,9/5/2013,USA,Resi,Mortage,Loan,Balloon,4/16/2045,4/15/2051,USD,126142.86,142500.00,750.00,143250.00,0.040,fixed,fixed,,0.03,7/26/2019,416.67,416.67,0.04,non-performing,213
bc00019636,ZLP27485,Branch,9/6/2013,USA,Resi,Mortage,Loan,Linear,4/17/2045,4/16/2050,USD,122857.14,90000.00,500.00,90500.00,0.040,fixed,fixed,,0.03,7/26/2019,277.78,277.78,0.04,non-performing,200
bc00019637,ZLP27486,Web,9/7/2013,USA,Resi,Mortage,Loan,Linear,4/18/2045,4/17/2050,USD,119571.43,83300.00,212.50,83512.50,0.040,fixed,fixed,,0.03,7/26/2019,236.11,236.11,0.04,non-performing,90
bc00019638,ZLP27487,Broker,9/8/2013,USA,Resi,Mortage,Loan,Linear,4/19/2045,4/18/2050,USD,116285.71,190000.00,540.00,190540.00,0.038,mixed,fixed,,0.03,7/26/2019,555.56,555.56,0.04,non-performing,91
bc00019639,ZLP27488,Branch,9/9/2013,USA,Resi,Mortage,Loan,Linear,4/20/2045,4/19/2050,USD,132714.29,142500.00,867.00,143367.00,0.040,variable,fixed,LIBOR,0.03,7/26/2019,416.67,416.67,0.04,non-performing,90
bc00019640,ZLP27489,Branch,9/10/2013,USA,Resi,Mortage,Loan,Linear,4/21/2045,4/20/2050,USD,129428.57,129200.00,680.00,129880.00,0.040,fixed,fixed,,0.03,7/26/2019,377.78,377.78,0.04,non-performing,91
bc00019641,ZLP27490,Web,9/11/2013,USA,Resi,Mortage,Loan,Linear,4/22/2045,4/20/2053,USD,126142.86,126078.57,358.33,126436.90,0.040,fixed,fixed,,0.03,7/26/2019,368.65,368.65,0.04,non-performing,95
bc00019642,ZLP27491,Broker,9/12/2013,USA,CRE,Mortage,Loan,Linear,4/23/2045,4/28/2045,USD,122857.14,116485.71,748.10,117233.81,0.035,mixed,fixed,,0.03,7/26/2019,359.52,359.52,0.04,non-performing,97
bc00019643,ZLP27492,Branch,9/13/2013,USA,Resi,Mortage,Loan,Linear,4/24/2045,4/29/2045,USD,119571.43,123620.00,630.71,124250.71,0.040,fixed,fixed,,0.03,7/26/2019,350.40,350.40,0.04,non-performing,93
bc00019644,ZLP27493,Web,9/14/2013,USA,Resi,Mortage,Loan,Linear,4/25/2045,4/30/2045,USD,116285.71,116714.29,20.89,116735.17,0.040,fixed,fixed,,0.03,7/26/2019,0.00,341.27,0.04,non-performing,360
bc00019645,ZLP27494,Broker,9/15/2013,USA,Resi,Mortage,Loan,Linear,4/26/2045,5/1/2045,USD,132714.29,107614.29,20.33,107634.61,0.040,fixed,fixed,,0.03,7/26/2019,332.14,332.14,0.04,non-performing,90
bc00019646,ZLP27495,Branch,9/16/2013,USA,Resi,Mortage,Loan,Linear,4/27/2045,5/2/2045,USD,129428.57,113960.00,19.77,113979.77,0.040,fixed,fixed,,0.03,7/26/2019,323.02,323.02,0.04,non-performing,91
bc00019647,ZLP27496,Branch,9/17/2013,USA,CRE,Mortage,Loan,Linear,4/28/2045,5/3/2045,USD,126142.86,190000.00,500.00,190500.00,0.040,fixed,fixed,,0.03,7/26/2019,555.56,555.56,0.04,non-performing,95
bc00019648,ZLP27497,Web,9/18/2013,USA,Resi,Mortage,Loan,Linear,4/29/2045,4/28/2051,USD,122857.14,142500.00,405.00,142905.00,0.040,fixed,fixed,,0.03,7/26/2019,416.67,416.67,0.04,non-performing,97
bc00019649,ZLP27498,Broker,9/19/2013,USA,Resi,Mortage,Loan,Linear,4/30/2045,4/29/2050,USD,119571.43,100020.00,578.00,100598.00,0.040,mixed,fixed,,0.03,7/26/2019,277.78,277.78,0.04,non-performing,93
bc00019650,ZLP27499,Branch,9/20/2013,USA,Resi,Mortage,Loan,Linear,5/1/2045,4/30/2050,USD,116285.71,80750.00,425.00,81175.00,0.040,fixed,fixed,,0.03,7/26/2019,236.11,236.11,0.04,non-performing,90
bc00019651,ZLP27500,Web,9/21/2013,USA,Resi,Mortage,Loan,Linear,5/2/2045,5/1/2050,USD,119571.43,180000.00,34.00,180034.00,0.040,fixed,fixed,,0.03,7/26/2019,555.56,555.56,0.04,non-performing,92
bc00019652,ZLP27501,Broker,9/22/2013,USA,Resi,Mortage,Loan,Linear,5/3/2045,5/2/2050,USD,116285.71,147000.00,750.00,147750.00,0.040,fixed,fixed,,0.03,7/23/2019,416.67,416.67,0.04,non-performing,180
bc00019653,ZLP27502,Branch,9/23/2013,USA,Resi,Mortage,Loan,Linear,5/4/2045,5/3/2050,USD,200000.00,129200.00,680.00,129880.00,0.040,mixed,fixed,,0.03,7/26/2019,377.78,377.78,0.04,non-performing,90
bc00019654,ZLP27503,Branch,9/24/2013,USA,Resi,Mortage,Loan,Linear,5/5/2045,5/3/2053,USD,200000.00,126078.57,331.79,126410.36,0.040,fixed,fixed,,0.03,7/26/2019,368.65,368.65,0.04,non-performing,91
bc00019655,ZLP27504,Web,9/25/2013,USA,Resi,Mortage,Loan,Balloon,5/6/2045,5/11/2045,USD,150000.00,122957.14,349.46,123306.60,0.050,fixed,fixed,,0.03,7/26/2019,359.52,359.52,0.04,non-performing,95
bc00019656,ZLP27505,Broker,9/26/2013,USA,Resi,Mortage,Loan,Linear,5/7/2045,5/12/2045,USD,200000.00,119835.71,729.11,120564.82,0.041,fixed,fixed,,0.03,7/26/2019,350.40,350.40,0.04,non-performing,97
bc00019657,ZLP27506,Branch,9/27/2013,USA,Resi,Mortage,Loan,Linear,5/8/2045,5/13/2045,USD,175000.00,110571.43,614.29,111185.71,0.042,fixed,fixed,,0.03,7/26/2019,341.27,341.27,0.04,non-performing,93
bc00019658,ZLP27507,Web,9/28/2013,USA,Resi,Mortage,Loan,Linear,5/9/2045,5/14/2045,USD,170000.00,117180.00,322.84,117502.84,0.042,fixed,fixed,,0.03,7/26/2019,332.14,332.14,0.04,non-performing,270
bc00019659,ZLP27508,Broker,9/29/2013,USA,Resi,Mortage,Loan,Linear,5/10/2045,5/15/2045,USD,165000.00,110471.43,672.13,111143.56,0.042,fixed,fixed,,0.03,7/26/2019,323.02,323.02,0.04,non-performing,90
bc00019660,ZLP27509,Branch,9/30/2013,USA,Resi,Mortage,Loan,Linear,5/11/2045,5/16/2045,USD,160000.00,135000.00,750.00,135750.00,0.042,fixed,fixed,,0.03,7/26/2019,416.67,416.67,0.04,non-performing,91
bc00019661,ZLP27510,Branch,10/1/2013,USA,Resi,Mortage,Loan,Linear,5/12/2045,5/11/2051,USD,155000.00,98000.00,17.00,98017.00,0.042,fixed,fixed,,0.03,7/26/2019,277.78,277.78,0.04,non-performing,95
bc00019662,ZLP27511,Web,10/2/2013,USA,Resi,Mortage,Loan,Linear,5/13/2045,5/12/2050,USD,150000.00,80750.00,14.45,80764.45,0.042,fixed,fixed,,0.03,7/26/2019,236.11,236.11,0.04,non-performing,97
bc00019663,ZLP27512,Broker,10/3/2013,USA,CRE,Mortage,Loan,Linear,5/14/2045,5/13/2050,USD,145000.00,190000.00,34.00,190034.00,0.042,fixed,fixed,,0.03,7/26/2019,555.56,555.56,0.04,non-performing,93
bc00019664,ZLP27513,Branch,10/4/2013,USA,Resi,Mortage,Loan,Linear,5/15/2045,5/14/2050,USD,140000.00,150030.00,375.00,150405.00,0.042,fixed,fixed,,0.03,7/26/2019,416.67,416.67,0.04,non-performing,75
bc00019665,ZLP27514,Web,10/5/2013,USA,Resi,Mortage,Loan,Linear,5/16/2045,5/15/2050,USD,135000.00,129200.00,367.20,129567.20,0.042,fixed,fixed,,0.03,7/22/2019,377.78,377.78,0.04,non-performing,90
bc00019666,ZLP27515,Broker,10/6/2013,USA,Resi,Mortage,Loan,Linear,5/17/2045,5/16/2050,USD,130000.00,140700.00,903.61,141603.61,0.042,fixed,fixed,,0.03,7/26/2019,434.26,434.26,0.04,non-performing,91
bc00019667,ZLP27516,Branch,10/7/2013,USA,Resi,Mortage,Loan,Linear,5/18/2045,5/16/2053,USD,125000.00,158666.67,809.52,159476.19,0.043,mixed,fixed,,0.03,7/26/2019,449.74,449.74,0.04,non-performing,95
bc00019668,ZLP27517,Branch,10/8/2013,USA,CRE,Mortage,Loan,Linear,5/19/2045,5/24/2045,USD,200000.00,159102.38,28.47,159130.85,0.043,variable,fixed,LIBOR,0.03,7/26/2019,465.21,465.21,0.04,non-performing,97
bc00019669,ZLP27518,Web,10/9/2013,USA,Resi,Mortage,Loan,Linear,5/20/2045,5/25/2045,USD,200000.00,164395.24,865.24,165260.48,0.043,fixed,fixed,,0.03,7/26/2019,480.69,480.69,0.04,non-performing,93
bc00019670,ZLP27519,Broker,10/10/2013,USA,Resi,Mortage,Loan,Linear,5/21/2045,5/26/2045,USD,150000.00,169688.10,893.10,170581.19,0.043,fixed,fixed,,0.03,7/26/2019,496.16,496.16,0.04,non-performing,170
bc00019671,ZLP27520,Branch,10/11/2013,USA,Resi,Mortage,Loan,Linear,5/22/2045,5/27/2045,USD,200000.00,174980.95,460.48,175441.43,0.043,mixed,fixed,,0.03,7/26/2019,511.64,511.64,0.04,non-performing,90
bc00019672,ZLP27521,Web,10/12/2013,USA,Resi,Mortage,Loan,Linear,5/23/2045,5/28/2045,USD,175000.00,170785.71,512.36,171298.07,0.043,fixed,fixed,,0.03,7/26/2019,527.12,527.12,0.04,non-performing,91
bc00019673,ZLP27522,Broker,10/13/2013,USA,Resi,Mortage,Loan,Linear,5/24/2045,5/29/2045,USD,170000.00,191426.67,1129.03,192555.69,0.043,fixed,fixed,,0.03,7/26/2019,0.00,542.59,0.04,non-performing,95
bc00019674,ZLP27523,Branch,10/14/2013,USA,Resi,Mortage,Loan,Linear,5/25/2045,5/24/2051,USD,165000.00,190000.00,1000.00,191000.00,0.043,fixed,fixed,,0.03,7/26/2019,555.56,555.56,0.04,non-performing,97
bc00019675,ZLP27524,Branch,10/15/2013,USA,Resi,Mortage,Loan,Balloon,5/26/2045,5/25/2050,USD,160000.00,135000.00,405.00,135405.00,0.043,fixed,fixed,,0.03,7/26/2019,416.67,416.67,0.04,non-performing,93
bc00019676,ZLP27525,Web,10/16/2013,USA,Resi,Mortage,Loan,Linear,5/27/2045,5/26/2050,USD,155000.00,98000.00,578.00,98578.00,0.044,fixed,fixed,,0.03,7/26/2019,277.78,277.78,0.04,non-performing,90
bc00019677,ZLP27526,Broker,10/17/2013,USA,Resi,Mortage,Loan,Linear,5/28/2045,5/27/2050,USD,150000.00,80750.00,425.00,81175.00,0.044,fixed,fixed,,0.03,7/26/2019,236.11,236.11,0.04,non-performing,92
bc00019678,ZLP27527,Branch,10/18/2013,USA,Resi,Mortage,Loan,Linear,5/29/2045,5/28/2050,USD,145000.00,190000.00,34.00,190034.00,0.044,mixed,fixed,,0.03,7/23/2019,555.56,555.56,0.04,non-performing,91
bc00019679,ZLP27528,Web,10/19/2013,USA,Resi,Mortage,Loan,Linear,5/30/2045,5/29/2050,USD,140000.00,150030.00,25.50,150055.50,0.044,fixed,fixed,,0.03,7/26/2019,416.67,416.67,0.04,non-performing,95
bc00019680,ZLP27529,Broker,10/20/2013,USA,Resi,Mortage,Loan,Linear,5/31/2045,5/29/2053,USD,135000.00,129200.00,23.12,129223.12,0.044,fixed,fixed,,0.03,7/26/2019,377.78,377.78,0.04,non-performing,97
bc00019681,ZLP27530,Branch,10/21/2013,USA,Resi,Mortage,Loan,Linear,6/1/2045,6/6/2045,USD,130000.00,119442.86,331.79,119774.64,0.044,fixed,fixed,,0.03,7/26/2019,368.65,368.65,0.04,non-performing,93
bc00019682,ZLP27531,Branch,10/22/2013,USA,Resi,Mortage,Loan,Linear,6/2/2045,6/7/2045,USD,125000.00,126840.00,349.46,127189.46,0.044,mixed,fixed,,0.03,7/26/2019,359.52,359.52,0.04,non-performing,90
bc00019683,ZLP27532,Web,10/23/2013,USA,Resi,Mortage,Loan,Linear,6/3/2045,6/8/2045,USD,200000.00,119835.71,729.11,120564.82,0.044,fixed,fixed,,0.03,7/26/2019,350.40,350.40,0.04,non-performing,92
bc00019684,ZLP27533,Broker,10/24/2013,USA,CRE,Mortage,Loan,Linear,6/4/2045,6/9/2045,USD,221666.67,116714.29,614.29,117328.57,0.044,fixed,fixed,,0.03,7/26/2019,341.27,341.27,0.04,non-performing,180
bc00019685,ZLP27534,Branch,10/25/2013,USA,Resi,Mortage,Loan,Linear,6/5/2045,6/10/2045,USD,256666.67,113592.86,20.33,113613.18,0.044,fixed,fixed,,0.03,7/26/2019,332.14,332.14,0.04,non-performing,170
bc00019686,ZLP27535,Web,10/26/2013,USA,Resi,Mortage,Loan,Linear,6/6/2045,6/11/2045,USD,291666.67,110471.43,581.43,111052.86,0.045,fixed,fixed,,0.03,7/26/2019,323.02,323.02,0.04,non-performing,213
bc00019687,ZLP27536,Broker,10/27/2013,USA,Resi,Mortage,Loan,Linear,6/7/2045,6/6/2051,USD,326666.67,180000.00,1000.00,181000.00,0.045,fixed,fixed,,0.03,7/26/2019,0.00,555.56,0.04,non-performing,360
bc00019688,ZLP27537,Branch,10/28/2013,USA,Resi,Mortage,Loan,Linear,6/8/2045,6/7/2050,USD,361666.67,147000.00,375.00,147375.00,0.045,fixed,fixed,,0.03,7/26/2019,416.67,416.67,0.04,non-performing,90
bc00019689,ZLP27538,Branch,10/29/2013,USA,CRE,Mortage,Loan,Linear,6/9/2045,6/8/2050,USD,396666.67,95000.00,270.00,95270.00,0.045,fixed,fixed,,0.03,7/26/2019,277.78,277.78,0.04,non-performing,91
bc00019690,ZLP27539,Web,10/30/2013,USA,Resi,Mortage,Loan,Linear,6/10/2045,6/9/2050,USD,431666.67,76500.00,491.30,76991.30,0.040,fixed,fixed,,0.03,7/26/2019,236.11,236.11,0.04,non-performing,95
bc00019691,ZLP27540,Broker,10/31/2013,USA,Resi,Mortage,Loan,Linear,6/11/2045,6/10/2050,USD,200000.00,196000.00,1000.00,197000.00,0.035,fixed,fixed,,0.03,7/29/2019,555.56,555.56,0.04,non-performing,97
bc00019692,ZLP27541,Branch,11/1/2013,USA,Resi,Mortage,Loan,Linear,6/12/2045,6/11/2050,USD,150000.00,142500.00,405.00,142905.00,0.040,fixed,fixed,,0.03,7/26/2019,416.67,416.67,0.04,non-performing,93
bc00019693,ZLP27542,Web,11/2/2013,USA,Resi,Mortage,Loan,Linear,6/13/2045,6/11/2053,USD,136000.00,129200.00,786.08,129986.08,0.040,fixed,fixed,,0.03,7/26/2019,377.78,377.78,0.04,non-performing,213
bc00019694,ZLP27543,Broker,11/3/2013,USA,Resi,Mortage,Loan,Linear,6/14/2045,6/19/2045,USD,132714.29,132740.83,663.57,133404.40,0.040,fixed,fixed,,0.03,7/26/2019,331.79,368.65,0.04,non-performing,170
bc00019695,ZLP27544,Branch,11/4/2013,USA,Resi,Mortage,Loan,Balloon,6/15/2045,6/20/2045,USD,129428.57,122957.14,22.00,122979.15,0.038,fixed,fixed,,0.03,7/26/2019,359.52,359.52,0.04,non-performing,90
bc00019696,ZLP27545,Branch,11/5/2013,USA,Resi,Mortage,Loan,Linear,6/16/2045,6/21/2045,USD,126142.86,113528.57,21.44,113550.02,0.040,mixed,fixed,,0.03,7/26/2019,350.40,350.40,0.04,non-performing,91
bc00019697,ZLP27546,Web,11/6/2013,USA,Resi,Mortage,Loan,Linear,6/17/2045,6/22/2045,USD,122857.14,120400.00,20.89,120420.89,0.040,variable,fixed,LIBOR,0.03,7/26/2019,341.27,341.27,0.04,non-performing,95
bc00019698,ZLP27547,Broker,11/7/2013,USA,Resi,Mortage,Loan,Linear,6/18/2045,6/23/2045,USD,119571.43,113592.86,298.93,113891.79,0.040,fixed,fixed,,0.03,7/26/2019,332.14,332.14,0.04,non-performing,97
bc00019699,ZLP27548,Branch,11/8/2013,USA,Resi,Mortage,Loan,Linear,6/19/2045,6/24/2045,USD,116285.71,110471.43,313.97,110785.40,0.040,fixed,fixed,,0.03,7/26/2019,323.02,323.02,0.04,non-performing,93
bc00019700,ZLP27549,Web,11/9/2013,USA,Resi,Mortage,Loan,Linear,6/20/2045,6/19/2051,USD,150000.00,142500.00,867.00,143367.00,0.040,mixed,fixed,,0.03,7/26/2019,0.00,416.67,0.04,non-performing,320
bc00019701,ZLP27550,Broker,11/10/2013,USA,Resi,Mortage,Loan,Linear,6/21/2045,6/20/2050,USD,100000.00,95000.00,500.00,95500.00,0.040,fixed,fixed,,0.03,7/26/2019,277.78,277.78,0.04,non-performing,90
bc00019702,ZLP27551,Branch,11/11/2013,USA,Resi,Mortage,Loan,Linear,4/12/2045,4/11/2050,USD,85000.00,76500.00,14.45,76514.45,0.038,fixed,fixed,,0.03,7/26/2019,236.11,236.11,0.04,non-performing,91
bc00019703,ZLP27552,Branch,11/12/2013,USA,Resi,Mortage,Loan,Linear,4/13/2045,4/12/2050,USD,200000.00,196000.00,1000.00,197000.00,0.040,fixed,fixed,,0.03,7/26/2019,555.56,555.56,0.04,non-performing,95
bc00019704,ZLP27553,Web,11/13/2013,USA,Resi,Mortage,Loan,Linear,4/14/2045,4/13/2050,USD,150000.00,142500.00,750.00,143250.00,0.040,fixed,fixed,,0.03,7/23/2019,416.67,416.67,0.04,non-performing,97
bc00019705,ZLP27554,Broker,11/14/2013,USA,CRE,Mortage,Loan,Linear,4/15/2045,4/14/2050,USD,136000.00,122400.00,340.00,122740.00,0.040,fixed,fixed,,0.03,7/26/2019,377.78,377.78,0.04,non-performing,93
bc00019706,ZLP27555,Branch,11/15/2013,USA,Resi,Mortage,Loan,Linear,4/16/2045,4/14/2053,USD,156333.33,153206.67,422.10,153628.77,0.035,fixed,fixed,,0.03,7/26/2019,434.26,434.26,0.04,non-performing,97
bc00019707,ZLP27556,Web,11/16/2013,USA,Resi,Mortage,Loan,Linear,4/17/2045,4/22/2045,USD,161904.76,153809.52,935.81,154745.33,0.040,mixed,fixed,,0.03,7/26/2019,449.74,449.74,0.04,non-performing,90
bc00019708,ZLP27557,Broker,11/17/2013,USA,Resi,Mortage,Loan,Linear,4/18/2045,4/23/2045,USD,167476.19,159102.38,837.38,159939.76,0.040,fixed,fixed,,0.03,7/26/2019,465.21,465.21,0.04,non-performing,91
bc00019709,ZLP27558,Branch,11/18/2013,USA,Resi,Mortage,Loan,Linear,4/19/2045,4/24/2045,USD,173047.62,173082.23,467.23,173549.46,0.040,fixed,fixed,,0.03,7/26/2019,480.69,480.69,0.04,non-performing,95
bc00019710,ZLP27559,Branch,11/19/2013,USA,CRE,Mortage,Loan,Linear,4/20/2045,4/25/2045,USD,178619.05,169688.10,1032.42,170720.51,0.040,fixed,fixed,,0.03,7/26/2019,496.16,496.16,0.04,non-performing,97
bc00019711,ZLP27560,Web,11/20/2013,USA,Resi,Mortage,Loan,Linear,4/21/2045,4/26/2045,USD,184190.48,165771.43,920.95,166692.38,0.040,mixed,fixed,,0.03,7/26/2019,511.64,511.64,0.04,non-performing,93
bc00019712,ZLP27561,Broker,11/21/2013,USA,Resi,Mortage,Loan,Linear,4/22/2045,4/27/2045,USD,189761.90,185966.67,32.26,185998.93,0.040,fixed,fixed,,0.03,7/26/2019,527.12,527.12,0.04,non-performing,360
bc00019713,ZLP27562,Branch,11/22/2013,USA,Resi,Mortage,Loan,Linear,4/23/2045,4/22/2051,USD,195333.33,185566.67,33.21,185599.87,0.040,fixed,fixed,,0.03,7/26/2019,542.59,542.59,0.04,non-performing,90
bc00019714,ZLP27563,Web,11/23/2013,USA,Resi,Mortage,Loan,Linear,4/24/2045,4/23/2050,USD,200000.00,190000.00,34.00,190034.00,0.040,fixed,fixed,,0.03,7/26/2019,555.56,555.56,0.04,non-performing,92
bc00019715,ZLP27564,Broker,11/24/2013,USA,Resi,Mortage,Loan,Balloon,4/25/2045,4/24/2050,USD,150000.00,142500.00,375.00,142875.00,0.040,fixed,fixed,,0.03,7/26/2019,600.00,416.67,0.04,non-performing,180
bc00019716,ZLP27565,Branch,11/25/2013,USA,Resi,Mortage,Loan,Linear,4/26/2045,4/25/2050,USD,100000.00,95000.00,270.00,95270.00,0.040,fixed,fixed,,0.03,7/26/2019,277.78,277.78,0.04,non-performing,170
bc00019717,ZLP27566,Branch,11/26/2013,USA,Resi,Mortage,Loan,Linear,4/27/2045,4/26/2050,USD,85000.00,76500.00,491.30,76991.30,0.040,fixed,fixed,,0.03,7/26/2019,236.11,236.11,0.04,non-performing,213
bc00019718,ZLP27567,Web,11/27/2013,USA,Resi,Mortage,Loan,Linear,4/28/2045,4/27/2050,USD,200000.00,196000.00,1000.00,197000.00,0.040,fixed,fixed,,0.03,7/26/2019,555.56,555.56,0.04,non-performing,180
bc00019719,ZLP27568,Broker,11/28/2013,USA,Resi,Mortage,Loan,Linear,4/29/2045,4/27/2053,USD,150000.00,142500.00,25.50,142525.50,0.050,fixed,fixed,,0.03,7/26/2019,416.67,416.67,0.04,non-performing,90
bc00019720,ZLP27569,Branch,11/29/2013,USA,Resi,Mortage,Loan,Linear,4/30/2045,5/5/2045,USD,136000.00,122400.00,680.00,123080.00,0.041,fixed,fixed,,0.03,7/26/2019,377.78,377.78,0.04,non-performing,91
bc00019721,ZLP27570,Web,11/30/2013,USA,Resi,Mortage,Loan,Linear,5/1/2045,5/6/2045,USD,132714.29,130060.00,663.57,130723.57,0.042,fixed,fixed,,0.03,7/26/2019,368.65,368.65,0.04,non-performing,95
bc00019722,ZLP27571,Broker,12/1/2013,USA,Resi,Mortage,Loan,Linear,5/2/2045,5/7/2045,USD,129428.57,122957.14,323.57,123280.71,0.042,fixed,fixed,,0.03,7/26/2019,359.52,359.52,0.04,non-performing,97
bc00019723,ZLP27572,Branch,12/2/2013,USA,Resi,Mortage,Loan,Linear,5/3/2045,5/8/2045,USD,126142.86,119835.71,340.59,120176.30,0.042,fixed,fixed,,0.03,7/26/2019,350.40,350.40,0.04,non-performing,93
bc00019724,ZLP27573,Branch,12/3/2013,USA,Resi,Mortage,Loan,Linear,5/4/2045,5/9/2045,USD,122857.14,122881.71,710.11,123591.83,0.042,fixed,fixed,,0.03,7/26/2019,341.27,341.27,0.04,non-performing,213
bc00019725,ZLP27574,Web,12/4/2013,USA,Resi,Mortage,Loan,Linear,5/5/2045,5/10/2045,USD,119571.43,113592.86,597.86,114190.71,0.042,mixed,fixed,,0.03,7/26/2019,332.14,332.14,0.04,non-performing,290
bc00019726,ZLP27575,Broker,12/5/2013,USA,CRE,Mortage,Loan,Linear,5/6/2045,5/5/2051,USD,116285.71,104657.14,313.97,104971.11,0.042,variable,fixed,LIBOR,0.03,7/26/2019,323.02,323.02,0.04,non-performing,90
bc00019727,ZLP27576,Branch,12/6/2013,USA,Resi,Mortage,Loan,Linear,5/7/2045,5/6/2050,USD,200000.00,196000.00,1156.00,197156.00,0.042,fixed,fixed,,0.03,7/26/2019,555.56,555.56,0.04,non-performing,91
bc00019728,ZLP27577,Web,12/7/2013,USA,Resi,Mortage,Loan,Linear,5/8/2045,5/7/2050,USD,150000.00,142500.00,750.00,143250.00,0.042,fixed,fixed,,0.03,7/26/2019,416.67,416.67,0.04,non-performing,95
bc00019729,ZLP27578,Broker,12/8/2013,USA,Resi,Mortage,Loan,Linear,5/9/2045,5/8/2050,USD,100000.00,95000.00,17.00,95017.00,0.042,mixed,fixed,,0.03,7/23/2019,277.78,277.78,0.04,non-performing,97
bc00019730,ZLP27579,Branch,12/9/2013,USA,Resi,Mortage,Loan,Linear,5/10/2045,5/9/2050,USD,85000.00,80750.00,14.45,80764.45,0.042,fixed,fixed,,0.03,7/26/2019,236.11,236.11,0.04,non-performing,93
bc00019731,ZLP27580,Branch,12/10/2013,USA,CRE,Mortage,Loan,Linear,5/11/2045,5/10/2050,USD,200000.00,190000.00,34.00,190034.00,0.043,fixed,fixed,,0.03,7/26/2019,555.56,555.56,0.04,non-performing,185
bc00019732,ZLP27581,Web,12/11/2013,USA,Resi,Mortage,Loan,Linear,5/12/2045,5/10/2053,USD,150000.00,135000.00,375.00,135375.00,0.043,fixed,fixed,,0.03,7/26/2019,416.67,416.67,0.04,non-performing,90
bc00019733,ZLP27582,Broker,12/12/2013,USA,Resi,Mortage,Loan,Linear,5/13/2045,5/18/2045,USD,136000.00,133280.00,367.20,133647.20,0.043,fixed,fixed,,0.03,7/26/2019,377.78,377.78,0.04,non-performing,91
bc00019734,ZLP27583,Branch,12/13/2013,USA,Resi,Mortage,Loan,Linear,5/14/2045,5/19/2045,USD,132714.29,126078.57,767.09,126845.66,0.043,fixed,fixed,,0.03,7/26/2019,368.65,368.65,0.04,non-performing,95
bc00019735,ZLP27584,Web,12/14/2013,USA,Resi,Mortage,Loan,Balloon,5/15/2045,5/20/2045,USD,129428.57,116485.71,647.14,117132.86,0.043,fixed,fixed,,0.03,7/26/2019,359.52,359.52,0.04,non-performing,97
bc00019736,ZLP27585,Broker,12/15/2013,USA,Resi,Mortage,Loan,Linear,5/16/2045,5/21/2045,USD,126142.86,123620.00,21.44,123641.44,0.043,mixed,fixed,,0.03,7/26/2019,350.40,350.40,0.04,non-performing,93
bc00019737,ZLP27586,Branch,12/16/2013,USA,Resi,Mortage,Loan,Linear,5/17/2045,5/22/2045,USD,122857.14,116714.29,614.29,117328.57,0.043,fixed,fixed,,0.03,7/26/2019,341.27,341.27,0.04,non-performing,90
bc00019738,ZLP27587,Branch,12/17/2013,USA,Resi,Mortage,Loan,Linear,5/18/2045,5/23/2045,USD,119571.43,113592.86,597.86,114190.71,0.043,fixed,fixed,,0.03,7/26/2019,0.00,332.14,0.04,non-performing,92
bc00019739,ZLP27588,Web,12/18/2013,USA,Resi,Mortage,Loan,Linear,5/19/2045,5/18/2051,USD,116285.71,116308.97,290.71,116599.69,0.043,fixed,fixed,,0.03,7/26/2019,323.02,323.02,0.04,non-performing,180
bc00019740,ZLP27589,Broker,12/19/2013,USA,Resi,Mortage,Loan,Linear,5/20/2045,5/19/2050,USD,150000.00,142500.00,405.00,142905.00,0.044,mixed,fixed,,0.03,7/26/2019,416.67,416.67,0.04,non-performing,170
bc00019741,ZLP27590,Branch,12/20/2013,USA,Resi,Mortage,Loan,Linear,5/21/2045,5/20/2050,USD,100000.00,90000.00,578.00,90578.00,0.044,fixed,fixed,,0.03,7/26/2019,277.78,277.78,0.04,non-performing,213
bc00019742,ZLP27591,Web,12/21/2013,USA,Resi,Mortage,Loan,Linear,5/22/2045,5/21/2050,USD,85000.00,83300.00,425.00,83725.00,0.044,fixed,fixed,,0.03,7/22/2019,236.11,236.11,0.04,non-performing,200
bc00019743,ZLP27592,Broker,12/22/2013,USA,Resi,Mortage,Loan,Linear,5/23/2045,5/22/2050,USD,200000.00,190000.00,540.00,190540.00,0.044,fixed,fixed,,0.03,7/31/2019,555.56,555.56,0.04,non-performing,90
bc00019744,ZLP27593,Branch,12/23/2013,USA,Resi,Mortage,Loan,Linear,5/24/2045,5/23/2050,USD,150000.00,142500.00,867.00,143367.00,0.044,fixed,fixed,,0.03,7/26/2019,416.67,416.67,0.04,non-performing,91
bc00019745,ZLP27594,Branch,12/24/2013,USA,Resi,Mortage,Loan,Linear,5/25/2045,5/23/2053,USD,136000.00,129200.00,680.00,129880.00,0.044,fixed,fixed,,0.03,7/26/2019,377.78,377.78,0.04,non-performing,95
bc00019746,ZLP27595,Web,12/25/2013,USA,Resi,Mortage,Loan,Linear,5/26/2045,5/31/2045,USD,156333.33,148516.67,26.58,148543.24,0.044,fixed,fixed,,0.03,7/26/2019,434.26,434.26,0.04,non-performing,97
bc00019747,ZLP27596,Broker,12/26/2013,USA,CRE,Mortage,Loan,Linear,5/27/2045,6/1/2045,USD,161904.76,145714.29,27.52,145741.81,0.044,fixed,fixed,,0.03,7/26/2019,449.74,449.74,0.04,non-performing,93
bc00019748,ZLP27597,Branch,12/27/2013,USA,Resi,Mortage,Loan,Linear,5/28/2045,6/2/2045,USD,167476.19,164126.67,28.47,164155.14,0.044,fixed,fixed,,0.03,7/26/2019,465.21,465.21,0.04,non-performing,213
bc00019749,ZLP27598,Web,12/28/2013,USA,Resi,Mortage,Loan,Linear,5/29/2045,6/3/2045,USD,173047.62,164395.24,432.62,164827.86,0.044,fixed,fixed,,0.03,7/26/2019,480.69,480.69,0.04,non-performing,187
bc00019750,ZLP27599,Broker,12/29/2013,USA,Resi,Mortage,Loan,Linear,5/30/2045,6/4/2045,USD,178619.05,160757.14,482.27,161239.41,0.045,fixed,fixed,,0.03,7/26/2019,496.16,496.16,0.04,non-performing,90
bc00019751,ZLP27600,Branch,12/30/2013,USA,Resi,Mortage,Loan,Linear,5/31/2045,6/5/2045,USD,184190.48,180506.67,1064.62,181571.29,0.045,fixed,fixed,,0.03,7/26/2019,511.64,511.64,0.04,non-performing,91
bc00019752,ZLP27601,Branch,12/31/2013,USA,CRE,Mortage,Loan,Linear,6/1/2045,5/31/2051,USD,189761.90,180273.81,948.81,181222.62,0.045,fixed,fixed,,0.03,7/26/2019,527.12,527.12,0.04,non-performing,95
bc00019753,ZLP27602,Web,1/1/2014,USA,Resi,Mortage,Loan,Linear,6/2/2045,6/1/2050,USD,195333.33,185566.67,33.21,185599.87,0.045,fixed,fixed,,0.03,7/26/2019,542.59,542.59,0.04,non-performing,97
bc00019754,ZLP27603,Broker,1/2/2014,USA,Resi,Mortage,Loan,Linear,6/3/2045,6/2/2050,USD,200000.00,200040.00,1000.00,201040.00,0.040,mixed,fixed,,0.03,7/26/2019,555.56,555.56,0.04,non-performing,93
bc00019755,ZLP27604,Branch,1/3/2014,USA,Resi,Mortage,Loan,Balloon,6/4/2045,6/3/2050,USD,150000.00,142500.00,750.00,143250.00,0.035,variable,fixed,LIBOR,0.03,7/26/2019,416.67,416.67,0.04,non-performing,200
bc00019756,ZLP27605,Web,1/4/2014,USA,Resi,Mortage,Loan,Linear,6/5/2045,6/4/2050,USD,100000.00,90000.00,250.00,90250.00,0.040,fixed,fixed,,0.03,7/23/2019,277.78,277.78,0.04,non-performing,90
bc00019757,ZLP27606,Broker,1/5/2014,USA,Resi,Mortage,Loan,Linear,6/6/2045,6/5/2050,USD,85000.00,83300.00,229.50,83529.50,0.040,fixed,fixed,,0.03,7/26/2019,236.11,236.11,0.04,non-performing,91
bc00019758,ZLP27607,Branch,1/6/2014,USA,Resi,Mortage,Loan,Linear,6/7/2045,6/5/2053,USD,200000.00,190000.00,1156.00,191156.00,0.040,mixed,fixed,,0.03,7/26/2019,555.56,555.56,0.04,non-performing,95
bc00019759,ZLP27608,Branch,1/7/2014,USA,Resi,Mortage,Loan,Linear,6/8/2045,6/13/2045,USD,150000.00,142500.00,750.00,143250.00,0.038,fixed,fixed,,0.03,7/26/2019,416.67,416.67,0.04,non-performing,97
bc00019760,ZLP27609,Web,1/8/2014,USA,Resi,Mortage,Loan,Linear,6/9/2045,6/14/2045,USD,136000.00,129200.00,367.20,129567.20,0.040,fixed,fixed,,0.03,7/26/2019,377.78,377.78,0.04,non-performing,93
bc00019761,ZLP27610,Broker,1/9/2014,USA,Resi,Mortage,Loan,Linear,6/10/2045,6/15/2045,USD,132714.29,126078.57,767.09,126845.66,0.040,fixed,fixed,,0.03,7/26/2019,368.65,368.65,0.04,non-performing,190
bc00019762,ZLP27611,Branch,1/10/2014,USA,Resi,Mortage,Loan,Linear,6/11/2045,6/16/2045,USD,129428.57,116485.71,647.14,117132.86,0.040,fixed,fixed,,0.03,7/26/2019,359.52,359.52,0.04,non-performing,90
bc00019763,ZLP27612,Web,1/11/2014,USA,Resi,Mortage,Loan,Linear,6/12/2045,6/17/2045,USD,126142.86,123620.00,21.44,123641.44,0.040,fixed,fixed,,0.03,7/26/2019,350.40,350.40,0.04,non-performing,91
bc00019764,ZLP27613,Broker,1/12/2014,USA,Resi,Mortage,Loan,Linear,6/13/2045,6/18/2045,USD,122857.14,116714.29,20.89,116735.17,0.040,fixed,fixed,,0.03,7/26/2019,341.27,341.27,0.04,non-performing,95
bc00019765,ZLP27614,Branch,1/13/2014,USA,Resi,Mortage,Loan,Linear,6/14/2045,6/13/2051,USD,119571.43,107614.29,20.33,107634.61,0.040,mixed,fixed,,0.03,7/26/2019,332.14,332.14,0.04,non-performing,97
bc00019766,ZLP27615,Branch,1/14/2014,USA,Resi,Mortage,Loan,Linear,6/15/2045,6/14/2050,USD,116285.71,113960.00,290.71,114250.71,0.038,fixed,fixed,,0.03,7/26/2019,323.02,323.02,0.04,non-performing,93
bc00019767,ZLP27616,Web,1/15/2014,USA,Resi,Mortage,Loan,Linear,6/16/2045,6/15/2050,USD,200000.00,190000.00,540.00,190540.00,0.040,fixed,fixed,,0.03,7/26/2019,0.00,555.56,0.04,non-performing,320
bc00019768,ZLP27617,Broker,1/16/2014,USA,CRE,Mortage,Loan,Linear,6/17/2045,6/16/2050,USD,150000.00,142500.00,867.00,143367.00,0.040,fixed,fixed,,0.03,7/26/2019,416.67,416.67,0.04,non-performing,90
bc00019769,ZLP27618,Branch,1/17/2014,USA,Resi,Mortage,Loan,Linear,6/18/2045,6/17/2050,USD,100000.00,100020.00,500.00,100520.00,0.040,mixed,fixed,,0.03,7/29/2019,277.78,277.78,0.04,non-performing,91
bc00019770,ZLP27619,Web,1/18/2014,USA,Resi,Mortage,Loan,Linear,6/19/2045,6/18/2050,USD,85000.00,80750.00,14.45,80764.45,0.035,fixed,fixed,,0.03,7/26/2019,236.11,236.11,0.04,non-performing,95
bc00019771,ZLP27620,Broker,1/19/2014,USA,Resi,Mortage,Loan,Linear,6/20/2045,6/18/2053,USD,200000.00,180000.00,1000.00,181000.00,0.040,fixed,fixed,,0.03,7/26/2019,555.56,555.56,0.04,non-performing,97
bc00019772,ZLP27621,Branch,1/20/2014,USA,Resi,Mortage,Loan,Linear,6/21/2045,6/26/2045,USD,150000.00,147000.00,750.00,147750.00,0.040,fixed,fixed,,0.03,7/26/2019,416.67,416.67,0.04,non-performing,93
bc00019773,ZLP27622,Branch,1/21/2014,USA,CRE,Mortage,Loan,Linear,2/8/2045,2/13/2045,USD,136000.00,129200.00,340.00,129540.00,0.040,fixed,fixed,,0.03,7/26/2019,377.78,377.78,0.04,non-performing,90
bc00019774,ZLP27623,Web,1/22/2014,USA,Resi,Mortage,Loan,Linear,2/9/2045,2/14/2045,USD,132714.29,126078.57,358.33,126436.90,0.040,fixed,fixed,,0.03,7/26/2019,368.65,368.65,0.04,non-performing,92
bc00019775,ZLP27624,Broker,1/23/2014,USA,Resi,Mortage,Loan,Balloon,2/10/2045,2/15/2045,USD,129428.57,122957.14,748.10,123705.24,0.040,fixed,fixed,,0.03,7/26/2019,359.52,359.52,0.04,non-performing,300
bc00019776,ZLP27625,Branch,1/24/2014,USA,Resi,Mortage,Loan,Linear,2/11/2045,2/16/2045,USD,126142.86,119835.71,630.71,120466.43,0.040,fixed,fixed,,0.03,7/26/2019,350.40,350.40,0.04,non-performing,90
bc00019777,ZLP27626,Web,1/25/2014,USA,Resi,Mortage,Loan,Linear,2/12/2045,2/17/2045,USD,122857.14,110571.43,331.71,110903.14,0.040,fixed,fixed,,0.03,7/26/2019,341.27,341.27,0.04,non-performing,91
bc00019778,ZLP27627,Broker,1/26/2014,USA,Resi,Mortage,Loan,Linear,2/13/2045,2/12/2051,USD,119571.43,117180.00,691.12,117871.12,0.040,fixed,fixed,,0.03,7/26/2019,332.14,332.14,0.04,non-performing,95
bc00019779,ZLP27628,Branch,1/27/2014,USA,Resi,Mortage,Loan,Linear,2/14/2045,2/13/2050,USD,116285.71,110471.43,581.43,111052.86,0.040,fixed,fixed,,0.03,7/26/2019,323.02,323.02,0.04,non-performing,97
bc00019780,ZLP27629,Branch,1/28/2014,USA,Resi,Mortage,Loan,Linear,2/15/2045,2/14/2050,USD,150000.00,135000.00,25.50,135025.50,0.040,fixed,fixed,,0.03,7/26/2019,416.67,416.67,0.04,non-performing,93
bc00019781,ZLP27630,Web,1/29/2014,USA,Resi,Mortage,Loan,Linear,2/16/2045,2/15/2050,USD,100000.00,98000.00,17.00,98017.00,0.040,fixed,fixed,,0.03,7/26/2019,277.78,277.78,0.04,non-performing,198
bc00019782,ZLP27631,Broker,1/30/2014,USA,Resi,Mortage,Loan,Linear,2/17/2045,2/16/2050,USD,85000.00,80750.00,14.45,80764.45,0.040,fixed,fixed,,0.03,7/23/2019,236.11,236.11,0.04,non-performing,90
bc00019783,ZLP27632,Branch,1/31/2014,USA,Resi,Mortage,Loan,Linear,2/18/2045,2/17/2050,USD,200000.00,190000.00,500.00,190500.00,0.050,mixed,fixed,,0.03,7/26/2019,555.56,555.56,0.04,non-performing,91
bc00019784,ZLP27633,Web,2/1/2014,USA,Resi,Mortage,Loan,Linear,2/19/2045,2/17/2053,USD,150000.00,150030.00,405.00,150435.00,0.041,variable,fixed,LIBOR,0.03,7/26/2019,416.67,416.67,0.04,non-performing,95
bc00019785,ZLP27634,Broker,2/2/2014,USA,Resi,Mortage,Loan,Linear,2/20/2045,2/25/2045,USD,136000.00,129200.00,786.08,129986.08,0.042,fixed,fixed,,0.03,7/26/2019,377.78,377.78,0.04,non-performing,97
bc00019786,ZLP27635,Branch,2/3/2014,USA,Resi,Mortage,Loan,Linear,2/21/2045,2/26/2045,USD,156333.33,140700.00,781.67,141481.67,0.042,fixed,fixed,,0.03,7/26/2019,434.26,434.26,0.04,non-performing,93
bc00019787,ZLP27636,Branch,2/4/2014,USA,Resi,Mortage,Loan,Linear,2/22/2045,2/27/2045,USD,161904.76,158666.67,27.52,158694.19,0.042,mixed,fixed,,0.03,7/26/2019,449.74,449.74,0.04,non-performing,400
bc00019788,ZLP27637,Web,2/5/2014,USA,Resi,Mortage,Loan,Linear,2/23/2045,2/28/2045,USD,167476.19,159102.38,837.38,159939.76,0.042,fixed,fixed,,0.03,7/26/2019,465.21,465.21,0.04,non-performing,90
bc00019789,ZLP27638,Broker,2/6/2014,USA,CRE,Mortage,Loan,Linear,2/24/2045,3/1/2045,USD,173047.62,164395.24,865.24,165260.48,0.042,fixed,fixed,,0.03,7/26/2019,480.69,480.69,0.04,non-performing,91
bc00019790,ZLP27639,Branch,2/7/2014,USA,Resi,Mortage,Loan,Linear,2/25/2045,3/2/2045,USD,178619.05,169688.10,446.55,170134.64,0.042,fixed,fixed,,0.03,7/26/2019,496.16,496.16,0.04,non-performing,95
bc00019791,ZLP27640,Web,2/8/2014,USA,Resi,Mortage,Loan,Linear,2/26/2045,2/25/2051,USD,184190.48,174980.95,497.31,175478.27,0.042,fixed,fixed,,0.03,7/26/2019,511.64,511.64,0.04,non-performing,97
bc00019792,ZLP27641,Broker,2/9/2014,USA,Resi,Mortage,Loan,Linear,2/27/2045,2/26/2050,USD,189761.90,170785.71,1096.82,171882.54,0.042,fixed,fixed,,0.03,7/26/2019,527.12,527.12,0.04,non-performing,93
bc00019793,ZLP27642,Branch,2/10/2014,USA,Resi,Mortage,Loan,Linear,2/28/2045,2/27/2050,USD,195333.33,191426.67,976.67,192403.33,0.042,fixed,fixed,,0.03,7/26/2019,542.59,542.59,0.04,non-performing,260
bc00019794,ZLP27643,Branch,2/11/2014,USA,CRE,Mortage,Loan,Linear,3/1/2045,2/28/2050,USD,200000.00,190000.00,540.00,190540.00,0.042,mixed,fixed,,0.03,7/26/2019,555.56,555.56,0.04,non-performing,90
bc00019795,ZLP27644,Web,2/12/2014,USA,Resi,Mortage,Loan,Balloon,3/2/2045,3/1/2050,USD,150000.00,135000.00,867.00,135867.00,0.043,fixed,fixed,,0.03,7/26/2019,416.67,416.67,0.04,non-performing,91
bc00019796,ZLP27645,Broker,2/13/2014,USA,Resi,Mortage,Loan,Linear,3/3/2045,3/2/2050,USD,100000.00,98000.00,500.00,98500.00,0.043,fixed,fixed,,0.03,7/26/2019,277.78,277.78,0.04,non-performing,95
bc00019797,ZLP27646,Branch,2/14/2014,USA,Resi,Mortage,Loan,Linear,3/4/2045,3/2/2053,USD,85000.00,80750.00,14.45,80764.45,0.043,fixed,fixed,,0.03,7/26/2019,236.11,236.11,0.04,non-performing,97
bc00019798,ZLP27647,Web,2/15/2014,USA,Resi,Mortage,Loan,Linear,3/5/2045,3/10/2045,USD,200000.00,190000.00,34.00,190034.00,0.043,mixed,fixed,,0.03,7/26/2019,555.56,555.56,0.04,non-performing,93
bc00019799,ZLP27648,Broker,2/16/2014,USA,Resi,Mortage,Loan,Linear,3/6/2045,3/11/2045,USD,150000.00,150030.00,25.50,150055.50,0.043,fixed,fixed,,0.03,7/26/2019,0.00,416.67,0.04,non-performing,90
bc00019800,ZLP27649,Branch,2/17/2014,USA,Resi,Mortage,Loan,Linear,3/7/2045,3/12/2045,USD,136000.00,129200.00,340.00,129540.00,0.043,fixed,fixed,,0.03,7/26/2019,377.78,377.78,0.04,non-performing,92
bc00019801,ZLP27650,Branch,2/18/2014,USA,Resi,Mortage,Loan,Linear,3/8/2045,3/13/2045,USD,132714.29,119442.86,358.33,119801.19,0.043,fixed,fixed,,0.03,7/26/2019,368.65,368.65,0.04,non-performing,91
bc00019802,ZLP27651,Web,2/19/2014,USA,Resi,Mortage,Loan,Linear,3/9/2045,3/14/2045,USD,129428.57,126840.00,748.10,127588.10,0.043,fixed,fixed,,0.03,7/26/2019,359.52,359.52,0.04,non-performing,95
bc00019803,ZLP27652,Broker,2/20/2014,USA,Resi,Mortage,Loan,Linear,5/23/2045,5/28/2045,USD,126142.86,119835.71,630.71,120466.43,0.043,fixed,fixed,,0.03,7/26/2019,350.40,350.40,0.04,non-performing,97
bc00019804,ZLP27653,Branch,2/21/2014,USA,Resi,Mortage,Loan,Linear,5/24/2045,5/23/2051,USD,122857.14,116714.29,20.89,116735.17,0.044,fixed,fixed,,0.03,7/26/2019,341.27,341.27,0.04,non-performing,93
bc00019805,ZLP27654,Web,2/22/2014,USA,Resi,Mortage,Loan,Linear,5/25/2045,5/24/2050,USD,119571.43,113592.86,597.86,114190.71,0.044,fixed,fixed,,0.03,7/26/2019,332.14,332.14,0.04,non-performing,90
bc00019806,ZLP27655,Broker,2/23/2014,USA,Resi,Mortage,Loan,Linear,5/26/2045,5/25/2050,USD,116285.71,110471.43,581.43,111052.86,0.044,fixed,fixed,,0.03,7/26/2019,323.02,323.02,0.04,non-performing,92
bc00019807,ZLP27656,Branch,2/24/2014,USA,Resi,Mortage,Loan,Linear,5/27/2045,5/26/2050,USD,200000.00,180000.00,500.00,180500.00,0.044,fixed,fixed,,0.03,7/23/2019,555.56,555.56,0.04,non-performing,180
bc00019808,ZLP27657,Branch,2/25/2014,USA,Resi,Mortage,Loan,Linear,5/28/2045,5/27/2050,USD,150000.00,147000.00,405.00,147405.00,0.044,fixed,fixed,,0.03,7/26/2019,416.67,416.67,0.04,non-performing,170
bc00019809,ZLP27658,Web,2/26/2014,USA,Resi,Mortage,Loan,Linear,5/29/2045,5/28/2050,USD,100000.00,95000.00,578.00,95578.00,0.044,fixed,fixed,,0.03,7/26/2019,200.00,277.78,0.04,non-performing,213
bc00019810,ZLP27659,Broker,2/27/2014,USA,CRE,Mortage,Loan,Linear,5/30/2045,5/28/2053,USD,85000.00,76500.00,425.00,76925.00,0.044,fixed,fixed,,0.03,7/26/2019,236.11,236.11,0.04,non-performing,280
bc00019811,ZLP27660,Branch,2/28/2014,USA,Resi,Mortage,Loan,Linear,5/31/2045,6/5/2045,USD,200000.00,196000.00,540.00,196540.00,0.044,fixed,fixed,,0.03,7/26/2019,555.56,555.56,0.04,non-performing,90
bc00019812,ZLP27661,Web,3/1/2014,USA,Resi,Mortage,Loan,Linear,6/1/2045,6/6/2045,USD,150000.00,142500.00,867.00,143367.00,0.044,mixed,fixed,,0.03,7/26/2019,416.67,416.67,0.04,non-performing,91
bc00019813,ZLP27662,Broker,3/2/2014,USA,Resi,Mortage,Loan,Linear,6/2/2045,6/7/2045,USD,136000.00,129200.00,680.00,129880.00,0.044,variable,fixed,LIBOR,0.03,7/26/2019,377.78,377.78,0.04,non-performing,95
bc00019814,ZLP27663,Branch,3/3/2014,USA,Resi,Mortage,Loan,Linear,6/3/2045,6/8/2045,USD,132714.29,132740.83,22.56,132763.39,0.045,fixed,fixed,,0.03,7/26/2019,368.65,368.65,0.04,non-performing,97
bc00019815,ZLP27664,Branch,3/4/2014,USA,CRE,Mortage,Loan,Balloon,6/4/2045,6/9/2045,USD,129428.57,122957.14,22.00,122979.15,0.045,fixed,fixed,,0.03,7/26/2019,359.52,359.52,0.04,non-performing,93
bc00019816,ZLP27665,Web,3/5/2014,USA,Resi,Mortage,Loan,Linear,6/5/2045,6/10/2045,USD,126142.86,113528.57,21.44,113550.02,0.045,mixed,fixed,,0.03,7/26/2019,350.40,350.40,0.04,non-performing,213
bc00019817,ZLP27666,Broker,3/6/2014,USA,Resi,Mortage,Loan,Linear,6/6/2045,6/5/2051,USD,122857.14,120400.00,307.14,120707.14,0.045,fixed,fixed,,0.03,7/26/2019,0.00,341.27,0.04,non-performing,350
bc00019818,ZLP27667,Branch,3/7/2014,USA,Resi,Mortage,Loan,Linear,6/7/2045,6/6/2050,USD,119571.43,113592.86,322.84,113915.70,0.040,fixed,fixed,,0.03,7/26/2019,332.14,332.14,0.04,non-performing,90
bc00019819,ZLP27668,Web,3/8/2014,USA,Resi,Mortage,Loan,Linear,6/8/2045,6/7/2050,USD,116285.71,110471.43,672.13,111143.56,0.035,fixed,fixed,,0.03,7/26/2019,323.02,323.02,0.04,non-performing,91
bc00019820,ZLP27669,Broker,3/9/2014,USA,Resi,Mortage,Loan,Linear,6/9/2045,6/8/2050,USD,150000.00,142500.00,750.00,143250.00,0.040,fixed,fixed,,0.03,7/22/2019,416.67,416.67,0.04,non-performing,95
bc00019821,ZLP27670,Branch,3/10/2014,USA,Resi,Mortage,Loan,Linear,6/10/2045,6/9/2050,USD,100000.00,95000.00,17.00,95017.00,0.040,fixed,fixed,,0.03,7/26/2019,277.78,277.78,0.04,non-performing,97
bc00019822,ZLP27671,Branch,3/11/2014,USA,Resi,Mortage,Loan,Linear,6/11/2045,6/10/2050,USD,85000.00,76500.00,425.00,76925.00,0.040,fixed,fixed,,0.03,7/26/2019,236.11,236.11,0.04,non-performing,93
bc00019823,ZLP27672,Web,3/12/2014,USA,Resi,Mortage,Loan,Linear,6/12/2045,6/10/2053,USD,200000.00,196000.00,1000.00,197000.00,0.038,mixed,fixed,,0.03,7/26/2019,555.56,555.56,0.04,non-performing,270
bc00019824,ZLP27673,Broker,3/13/2014,USA,Resi,Mortage,Loan,Linear,6/13/2045,6/18/2045,USD,150000.00,142500.00,375.00,142875.00,0.040,fixed,fixed,,0.03,7/26/2019,416.67,416.67,0.04,non-performing,90
bc00019825,ZLP27674,Branch,3/14/2014,USA,Resi,Mortage,Loan,Linear,6/14/2045,6/19/2045,USD,136000.00,122400.00,367.20,122767.20,0.040,fixed,fixed,,0.03,7/26/2019,377.78,377.78,0.04,non-performing,91
bc00019826,ZLP27675,Web,3/15/2014,USA,Resi,Mortage,Loan,Linear,6/15/2045,6/20/2045,USD,156333.33,153206.67,903.61,154110.27,0.040,fixed,fixed,,0.03,7/26/2019,434.26,434.26,0.04,non-performing,95
bc00019827,ZLP27676,Broker,3/16/2014,USA,Resi,Mortage,Loan,Linear,6/16/2045,6/21/2045,USD,161904.76,153809.52,809.52,154619.05,0.040,mixed,fixed,,0.03,7/26/2019,449.74,449.74,0.04,non-performing,97
bc00019828,ZLP27677,Branch,3/17/2014,USA,Resi,Mortage,Loan,Linear,6/17/2045,6/22/2045,USD,167476.19,159102.38,452.19,159554.57,0.040,fixed,fixed,,0.03,7/26/2019,465.21,465.21,0.04,non-performing,93
bc00019829,ZLP27678,Branch,3/18/2014,USA,Resi,Mortage,Loan,Linear,6/18/2045,6/23/2045,USD,173047.62,173082.23,1000.22,174082.44,0.040,fixed,fixed,,0.03,7/26/2019,480.69,480.69,0.04,non-performing,200
bc00019830,ZLP27679,Web,3/19/2014,USA,Resi,Mortage,Loan,Linear,6/19/2045,6/18/2051,USD,178619.05,169688.10,893.10,170581.19,0.038,fixed,fixed,,0.03,7/26/2019,496.16,496.16,0.04,non-performing,90
bc00019831,ZLP27680,Broker,3/20/2014,USA,CRE,Mortage,Loan,Linear,6/20/2045,6/19/2050,USD,184190.48,165771.43,31.31,165802.74,0.040,fixed,fixed,,0.03,7/26/2019,0.00,511.64,0.04,non-performing,400
bc00019832,ZLP27681,Branch,3/21/2014,USA,Resi,Mortage,Loan,Linear,6/21/2045,6/20/2050,USD,189761.90,185966.67,32.26,185998.93,0.040,fixed,fixed,,0.03,7/26/2019,527.12,527.12,0.04,non-performing,95
bc00019833,ZLP27682,Web,3/22/2014,USA,Resi,Mortage,Loan,Linear,4/12/2045,4/11/2050,USD,195333.33,185566.67,33.21,185599.87,0.040,fixed,fixed,,0.03,7/23/2019,542.59,542.59,0.04,non-performing,97
bc00019834,ZLP27683,Broker,3/23/2014,USA,Resi,Mortage,Loan,Linear,4/13/2045,4/12/2050,USD,200000.00,190000.00,500.00,190500.00,0.035,fixed,fixed,,0.03,7/26/2019,555.56,555.56,0.04,non-performing,93
bc00019835,ZLP27684,Branch,3/24/2014,USA,Resi,Mortage,Loan,Balloon,4/14/2045,4/13/2050,USD,150000.00,142500.00,405.00,142905.00,0.040,fixed,fixed,,0.03,7/26/2019,416.67,416.67,0.04,non-performing,20
bc00019836,ZLP27685,Branch,3/25/2014,USA,CRE,Mortage,Loan,Linear,4/15/2045,4/13/2053,USD,100000.00,95000.00,578.00,95578.00,0.040,fixed,fixed,,0.03,7/26/2019,277.78,277.78,0.04,non-performing,90
bc00019837,ZLP27686,Web,3/26/2014,USA,Resi,Mortage,Loan,Linear,4/16/2045,4/21/2045,USD,85000.00,76500.00,425.00,76925.00,0.040,fixed,fixed,,0.03,7/26/2019,236.11,236.11,0.04,non-performing,92
bc00019838,ZLP27687,Broker,3/27/2014,USA,Resi,Mortage,Loan,Linear,4/17/2045,4/22/2045,USD,200000.00,196000.00,34.00,196034.00,0.040,fixed,fixed,,0.03,7/26/2019,555.56,555.56,0.04,non-performing,180
bc00019839,ZLP27688,Branch,3/28/2014,USA,Resi,Mortage,Loan,Linear,4/18/2045,4/23/2045,USD,150000.00,142500.00,750.00,143250.00,0.040,fixed,fixed,,0.03,7/26/2019,416.67,416.67,0.04,non-performing,170
bc00019840,ZLP27689,Web,3/29/2014,USA,Resi,Mortage,Loan,Linear,4/19/2045,4/24/2045,USD,136000.00,122400.00,680.00,123080.00,0.040,fixed,fixed,,0.03,7/26/2019,377.78,377.78,0.04,non-performing,213
bc00019841,ZLP27690,Broker,3/30/2014,USA,Resi,Mortage,Loan,Linear,4/20/2045,4/25/2045,USD,132714.29,130060.00,331.79,130391.79,0.040,mixed,fixed,,0.03,7/26/2019,368.65,368.65,0.04,non-performing,200
bc00019842,ZLP27691,Branch,3/31/2014,USA,Resi,Mortage,Loan,Linear,4/21/2045,4/26/2045,USD,129428.57,122957.14,349.46,123306.60,0.040,variable,fixed,LIBOR,0.03,7/26/2019,359.52,359.52,0.04,non-performing,90
bc00019843,ZLP27692,Branch,4/1/2014,USA,Resi,Mortage,Loan,Linear,4/22/2045,4/21/2051,USD,126142.86,119835.71,729.11,120564.82,0.040,fixed,fixed,,0.03,7/26/2019,350.40,350.40,0.04,non-performing,91
bc00019844,ZLP27693,Web,4/2/2014,USA,Resi,Mortage,Loan,Linear,4/23/2045,4/22/2050,USD,122857.14,122881.71,614.29,123496.00,0.040,fixed,fixed,,0.03,7/26/2019,341.27,341.27,0.04,non-performing,93
bc00019845,ZLP27694,Broker,4/3/2014,USA,Resi,Mortage,Loan,Linear,4/24/2045,4/23/2050,USD,119571.43,113592.86,322.84,113915.70,0.040,mixed,fixed,,0.03,7/26/2019,332.14,332.14,0.04,non-performing,200
bc00019846,ZLP27695,Branch,4/4/2014,USA,Resi,Mortage,Loan,Linear,4/25/2045,4/24/2050,USD,116285.71,104657.14,672.13,105329.27,0.040,fixed,fixed,,0.03,7/29/2019,323.02,323.02,0.04,non-performing,90
bc00019847,ZLP27696,Web,4/5/2014,USA,Resi,Mortage,Loan,Linear,4/26/2045,4/25/2050,USD,200000.00,196000.00,1000.00,197000.00,0.050,fixed,fixed,,0.03,7/26/2019,555.56,555.56,0.04,non-performing,91
bc00019848,ZLP27697,Broker,4/6/2014,USA,Resi,Mortage,Loan,Linear,4/27/2045,4/26/2050,USD,150000.00,142500.00,25.50,142525.50,0.041,fixed,fixed,,0.03,7/26/2019,416.67,416.67,0.04,non-performing,95
bc00019849,ZLP27698,Branch,4/7/2014,USA,Resi,Mortage,Loan,Linear,4/28/2045,4/26/2053,USD,100000.00,95000.00,17.00,95017.00,0.042,fixed,fixed,,0.03,7/26/2019,277.78,277.78,0.04,non-performing,97
bc00019850,ZLP27699,Branch,4/8/2014,USA,Resi,Mortage,Loan,Linear,4/29/2045,5/4/2045,USD,85000.00,80750.00,14.45,80764.45,0.042,fixed,fixed,,0.03,7/26/2019,236.11,236.11,0.04,non-performing,93
bc00019851,ZLP27700,Web,4/9/2014,USA,Resi,Mortage,Loan,Linear,4/30/2045,5/5/2045,USD,200000.00,190000.00,500.00,190500.00,0.042,fixed,fixed,,0.03,7/26/2019,555.56,555.56,0.04,non-performing,190
bc00019852,ZLP27701,Broker,4/10/2014,USA,CRE,Mortage,Loan,Linear,5/1/2045,5/6/2045,USD,150000.00,135000.00,405.00,135405.00,0.042,mixed,fixed,,0.03,7/26/2019,416.67,416.67,0.04,non-performing,90
bc00019853,ZLP27702,Branch,4/11/2014,USA,Resi,Mortage,Loan,Linear,5/2/2045,5/7/2045,USD,136000.00,133280.00,786.08,134066.08,0.042,fixed,fixed,,0.03,7/26/2019,377.78,377.78,0.04,non-performing,91
bc00019854,ZLP27703,Web,4/12/2014,USA,Resi,Mortage,Loan,Linear,5/3/2045,5/8/2045,USD,132714.29,126078.57,663.57,126742.14,0.042,fixed,fixed,,0.03,7/26/2019,368.65,368.65,0.04,non-performing,95
bc00019855,ZLP27704,Broker,4/13/2014,USA,Resi,Mortage,Loan,Balloon,5/4/2045,5/9/2045,USD,129428.57,116485.71,22.00,116507.72,0.042,fixed,fixed,,0.03,7/26/2019,359.52,359.52,0.04,non-performing,97
bc00019856,ZLP27705,Branch,4/14/2014,USA,Resi,Mortage,Loan,Linear,5/5/2045,5/4/2051,USD,126142.86,123620.00,630.71,124250.71,0.042,mixed,fixed,,0.03,7/26/2019,350.40,350.40,0.04,non-performing,93
bc00019857,ZLP27706,Branch,4/15/2014,USA,CRE,Mortage,Loan,Linear,5/6/2045,5/5/2050,USD,122857.14,116714.29,614.29,117328.57,0.042,fixed,fixed,,0.03,7/26/2019,0.00,341.27,0.04,non-performing,320
bc00019858,ZLP27707,Web,4/16/2014,USA,Resi,Mortage,Loan,Linear,5/7/2045,5/6/2050,USD,119571.43,113592.86,298.93,113891.79,0.042,fixed,fixed,,0.03,7/26/2019,332.14,332.14,0.04,non-performing,90
bc00019859,ZLP27708,Broker,4/17/2014,USA,Resi,Mortage,Loan,Linear,5/8/2045,5/7/2050,USD,116285.71,116308.97,313.97,116622.94,0.043,fixed,fixed,,0.03,7/23/2019,323.02,323.02,0.04,non-performing,91
bc00019860,ZLP27709,Branch,4/18/2014,USA,Resi,Mortage,Loan,Linear,5/9/2045,5/8/2050,USD,150000.00,142500.00,867.00,143367.00,0.043,fixed,fixed,,0.03,7/26/2019,416.67,416.67,0.04,non-performing,95
bc00019861,ZLP27710,Web,4/19/2014,USA,Resi,Mortage,Loan,Linear,5/10/2045,5/9/2050,USD,100000.00,90000.00,500.00,90500.00,0.043,fixed,fixed,,0.03,7/26/2019,277.78,277.78,0.04,non-performing,97
bc00019862,ZLP27711,Broker,4/20/2014,USA,Resi,Mortage,Loan,Linear,5/11/2045,5/9/2053,USD,85000.00,83300.00,229.50,83529.50,0.043,fixed,fixed,,0.03,7/26/2019,236.11,236.11,0.04,non-performing,93
bc00019863,ZLP27712,Branch,4/21/2014,USA,Resi,Mortage,Loan,Linear,5/12/2045,5/17/2045,USD,200000.00,190000.00,1156.00,191156.00,0.043,fixed,fixed,,0.03,7/26/2019,689.66,555.56,0.04,non-performing,90
bc00019864,ZLP27713,Branch,4/22/2014,USA,Resi,Mortage,Loan,Linear,5/13/2045,5/18/2045,USD,150000.00,142500.00,750.00,143250.00,0.043,fixed,fixed,,0.03,7/26/2019,0.00,416.67,0.04,non-performing,92
bc00019865,ZLP27714,Web,4/23/2014,USA,CRE,Mortage,Loan,Linear,5/14/2045,5/19/2045,USD,136000.00,129200.00,23.12,129223.12,0.043,fixed,fixed,,0.03,7/26/2019,377.78,377.78,0.04,non-performing,300
bc00019866,ZLP27715,Broker,4/24/2014,USA,Resi,Mortage,Loan,Linear,5/15/2045,5/20/2045,USD,156333.33,148516.67,26.58,148543.24,0.043,fixed,fixed,,0.03,7/26/2019,434.26,434.26,0.04,non-performing,90
bc00019867,ZLP27716,Branch,4/25/2014,USA,Resi,Mortage,Loan,Linear,5/16/2045,5/21/2045,USD,161904.76,145714.29,27.52,145741.81,0.043,fixed,fixed,,0.03,7/26/2019,449.74,449.74,0.04,non-performing,91
bc00019868,ZLP27717,Web,4/26/2014,USA,Resi,Mortage,Loan,Linear,5/17/2045,5/22/2045,USD,167476.19,164126.67,418.69,164545.36,0.044,fixed,fixed,,0.03,7/26/2019,465.21,465.21,0.04,non-performing,95
bc00019869,ZLP27718,Broker,4/27/2014,USA,Resi,Mortage,Loan,Linear,5/18/2045,5/17/2051,USD,173047.62,164395.24,467.23,164862.47,0.044,fixed,fixed,,0.03,7/26/2019,480.69,480.69,0.04,non-performing,97
bc00019870,ZLP27719,Branch,4/28/2014,USA,Resi,Mortage,Loan,Linear,5/19/2045,5/18/2050,USD,178619.05,160757.14,1032.42,161789.56,0.044,mixed,fixed,,0.03,7/26/2019,496.16,496.16,0.04,non-performing,93
bc00019871,ZLP27720,Branch,4/29/2014,USA,Resi,Mortage,Loan,Linear,5/20/2045,5/19/2050,USD,184190.48,180506.67,920.95,181427.62,0.044,variable,fixed,LIBOR,0.03,7/26/2019,511.64,511.64,0.04,non-performing,198
bc00019872,ZLP27721,Web,4/30/2014,USA,Resi,Mortage,Loan,Linear,5/21/2045,5/20/2050,USD,189761.90,180273.81,32.26,180306.07,0.044,fixed,fixed,,0.03,7/26/2019,527.12,527.12,0.04,non-performing,90
bc00019873,ZLP27722,Broker,5/1/2014,USA,CRE,Mortage,Loan,Linear,5/22/2045,5/21/2050,USD,195333.33,185566.67,976.67,186543.33,0.044,fixed,fixed,,0.03,7/26/2019,542.59,542.59,0.04,non-performing,91
bc00019874,ZLP27723,Branch,5/2/2014,USA,Resi,Mortage,Loan,Linear,5/23/2045,5/22/2050,USD,200000.00,200040.00,1000.00,201040.00,0.044,mixed,fixed,,0.03,7/26/2019,555.56,555.56,0.04,non-performing,95
bc00019875,ZLP27724,Web,5/3/2014,USA,Resi,Mortage,Loan,Balloon,5/24/2045,5/22/2053,USD,150000.00,142500.00,375.00,142875.00,0.044,fixed,fixed,,0.03,7/26/2019,416.67,416.67,0.04,non-performing,97
bc00019876,ZLP27725,Broker,5/4/2014,USA,Resi,Mortage,Loan,Linear,5/25/2045,5/30/2045,USD,100000.00,90000.00,270.00,90270.00,0.044,fixed,fixed,,0.03,7/26/2019,277.78,277.78,0.04,non-performing,93
bc00019877,ZLP27726,Branch,5/5/2014,USA,Resi,Mortage,Loan,Linear,5/26/2045,5/31/2045,USD,85000.00,83300.00,491.30,83791.30,0.044,fixed,fixed,,0.03,7/26/2019,0.00,236.11,0.04,non-performing,400
bc00019878,ZLP27727,Branch,5/6/2014,USA,Resi,Mortage,Loan,Linear,5/27/2045,6/1/2045,USD,200000.00,190000.00,1000.00,191000.00,0.045,fixed,fixed,,0.03,7/26/2019,555.56,555.56,0.04,non-performing,90
bc00019879,ZLP27728,Web,5/7/2014,USA,Resi,Mortage,Loan,Linear,5/28/2045,6/2/2045,USD,150000.00,142500.00,405.00,142905.00,0.045,fixed,fixed,,0.03,7/26/2019,416.67,416.67,0.04,non-performing,91
bc00019880,ZLP27729,Broker,5/8/2014,USA,Resi,Mortage,Loan,Linear,5/29/2045,6/3/2045,USD,136000.00,129200.00,786.08,129986.08,0.045,fixed,fixed,,0.03,7/26/2019,377.78,377.78,0.04,non-performing,95
bc00019881,ZLP27730,Branch,5/9/2014,USA,CRE,Mortage,Loan,Linear,5/30/2045,6/4/2045,USD,132714.29,126078.57,663.57,126742.14,0.045,mixed,fixed,,0.03,7/26/2019,368.65,368.65,0.04,non-performing,97
bc00019882,ZLP27731,Web,5/10/2014,USA,Resi,Mortage,Loan,Linear,5/31/2045,5/30/2051,USD,129428.57,116485.71,22.00,116507.72,0.040,fixed,fixed,,0.03,7/26/2019,359.52,359.52,0.04,non-performing,93
bc00019883,ZLP27732,Broker,5/11/2014,USA,Resi,Mortage,Loan,Linear,6/1/2045,5/31/2050,USD,126142.86,123620.00,21.44,123641.44,0.035,fixed,fixed,,0.03,7/26/2019,350.40,350.40,0.04,non-performing,260
bc00019884,ZLP27733,Branch,5/12/2014,USA,Resi,Mortage,Loan,Linear,6/2/2045,6/1/2050,USD,122857.14,116714.29,20.89,116735.17,0.040,fixed,fixed,,0.03,7/23/2019,341.27,341.27,0.04,non-performing,90
bc00019885,ZLP27734,Branch,5/13/2014,USA,Resi,Mortage,Loan,Linear,6/3/2045,6/2/2050,USD,119571.43,107614.29,298.93,107913.21,0.040,mixed,fixed,,0.03,7/26/2019,332.14,332.14,0.04,non-performing,91
bc00019886,ZLP27735,Web,5/14/2014,USA,Resi,Mortage,Loan,Linear,6/4/2045,6/3/2050,USD,116285.71,113960.00,313.97,114273.97,0.040,fixed,fixed,,0.03,7/26/2019,323.02,323.02,0.04,non-performing,95
bc00019887,ZLP27736,Broker,5/15/2014,USA,Resi,Mortage,Loan,Linear,6/5/2045,6/4/2050,USD,200000.00,190000.00,1156.00,191156.00,0.038,fixed,fixed,,0.03,7/26/2019,555.56,555.56,0.04,non-performing,97
bc00019888,ZLP27737,Branch,5/16/2014,USA,Resi,Mortage,Loan,Linear,6/6/2045,6/4/2053,USD,150000.00,142500.00,750.00,143250.00,0.040,fixed,fixed,,0.03,7/26/2019,416.67,416.67,0.04,non-performing,93
bc00019889,ZLP27738,Web,5/17/2014,USA,CRE,Mortage,Loan,Linear,6/7/2045,6/12/2045,USD,100000.00,100020.00,17.00,100037.00,0.040,fixed,fixed,,0.03,7/26/2019,277.78,277.78,0.04,non-performing,90
bc00019890,ZLP27739,Broker,5/18/2014,USA,Resi,Mortage,Loan,Linear,6/8/2045,6/13/2045,USD,85000.00,80750.00,425.00,81175.00,0.040,fixed,fixed,,0.03,7/26/2019,236.11,236.11,0.04,non-performing,92
bc00019891,ZLP27740,Branch,5/19/2014,USA,Resi,Mortage,Loan,Linear,6/9/2045,6/14/2045,USD,200000.00,180000.00,1000.00,181000.00,0.040,fixed,fixed,,0.03,7/26/2019,555.56,555.56,0.04,non-performing,91
bc00019892,ZLP27741,Branch,5/20/2014,USA,Resi,Mortage,Loan,Linear,6/10/2045,6/15/2045,USD,150000.00,147000.00,375.00,147375.00,0.040,fixed,fixed,,0.03,7/26/2019,416.67,416.67,0.04,non-performing,95
bc00019893,ZLP27742,Web,5/21/2014,USA,Resi,Mortage,Loan,Linear,6/11/2045,6/16/2045,USD,136000.00,129200.00,367.20,129567.20,0.040,fixed,fixed,,0.03,7/26/2019,377.78,377.78,0.04,non-performing,97
bc00019894,ZLP27743,Broker,5/22/2014,USA,Resi,Mortage,Loan,Linear,6/12/2045,6/17/2045,USD,132714.29,126078.57,767.09,126845.66,0.038,fixed,fixed,,0.03,7/26/2019,368.65,368.65,0.04,non-performing,93
bc00019895,ZLP27744,Branch,5/23/2014,USA,Resi,Mortage,Loan,Balloon,6/13/2045,6/12/2051,USD,129428.57,122957.14,647.14,123604.29,0.040,fixed,fixed,,0.03,7/26/2019,359.52,359.52,0.04,non-performing,90
bc00019896,ZLP27745,Web,5/24/2014,USA,Resi,Mortage,Loan,Linear,6/14/2045,6/13/2050,USD,126142.86,119835.71,340.59,120176.30,0.040,fixed,fixed,,0.03,7/26/2019,350.40,350.40,0.04,non-performing,92
bc00019897,ZLP27746,Broker,5/25/2014,USA,CRE,Mortage,Loan,Linear,6/15/2045,6/14/2050,USD,122857.14,110571.43,710.11,111281.54,0.040,fixed,fixed,,0.03,7/22/2019,341.27,341.27,0.04,non-performing,180
bc00019898,ZLP27747,Branch,5/26/2014,USA,Resi,Mortage,Loan,Linear,6/16/2045,6/15/2050,USD,119571.43,117180.00,597.86,117777.86,0.035,fixed,fixed,,0.03,7/31/2019,332.14,332.14,0.04,non-performing,170
bc00019899,ZLP27748,Branch,5/27/2014,USA,Resi,Mortage,Loan,Linear,6/17/2045,6/16/2050,USD,116285.71,110471.43,19.77,110491.20,0.040,mixed,fixed,,0.03,8/1/2019,323.02,323.02,0.04,non-performing,213
bc00019900,ZLP27749,Web,5/28/2014,USA,Resi,Mortage,Loan,Linear,6/18/2045,6/17/2050,USD,150000.00,135000.00,25.50,135025.50,0.040,variable,fixed,LIBOR,0.03,7/26/2019,416.67,416.67,0.04,non-performing,280
bc00019901,ZLP27750,Broker,5/29/2014,USA,Resi,Mortage,Loan,Linear,6/19/2045,6/17/2053,USD,100000.00,98000.00,17.00,98017.00,0.040,fixed,fixed,,0.03,7/26/2019,277.78,277.78,0.04,non-performing,90
bc00019902,ZLP27751,Branch,5/30/2014,USA,Resi,Mortage,Loan,Linear,6/20/2045,6/25/2045,USD,85000.00,80750.00,212.50,80962.50,0.040,fixed,fixed,,0.03,7/26/2019,0.00,236.11,0.04,non-performing,91
bc00019903,ZLP27752,Web,5/31/2014,USA,Resi,Mortage,Loan,Linear,6/21/2045,6/26/2045,USD,200000.00,190000.00,540.00,190540.00,0.040,mixed,fixed,,0.03,7/26/2019,555.56,555.56,0.04,non-performing,95
bc00019904,ZLP27753,Broker,6/1/2014,USA,Resi,Mortage,Loan,Linear,2/8/2045,2/13/2045,USD,150000.00,150030.00,867.00,150897.00,0.040,fixed,fixed,,0.03,7/26/2019,416.67,416.67,0.04,non-performing,97
bc00019905,ZLP27754,Branch,6/2/2014,USA,CRE,Mortage,Loan,Linear,2/9/2045,2/14/2045,USD,136000.00,129200.00,680.00,129880.00,0.040,fixed,fixed,,0.03,7/26/2019,377.78,377.78,0.04,non-performing,93
bc00019906,ZLP27755,Branch,6/3/2014,USA,Resi,Mortage,Loan,Linear,2/10/2045,2/15/2045,USD,156333.33,140700.00,26.58,140726.58,0.040,fixed,fixed,,0.03,7/26/2019,434.26,434.26,0.04,non-performing,213
bc00019907,ZLP27756,Web,6/4/2014,USA,Resi,Mortage,Loan,Linear,5/23/2045,5/28/2045,USD,161904.76,158666.67,809.52,159476.19,0.040,fixed,fixed,,0.03,7/26/2019,0.00,449.74,0.04,non-performing,350
bc00019908,ZLP27757,Broker,6/5/2014,USA,Resi,Mortage,Loan,Linear,5/24/2045,5/23/2051,USD,167476.19,159102.38,837.38,159939.76,0.040,fixed,fixed,,0.03,7/26/2019,465.21,465.21,0.04,non-performing,90
bc00019909,ZLP27758,Branch,6/6/2014,USA,Resi,Mortage,Loan,Linear,5/25/2045,5/24/2050,USD,173047.62,164395.24,432.62,164827.86,0.040,fixed,fixed,,0.03,7/26/2019,480.69,480.69,0.04,non-performing,91
bc00019910,ZLP27759,Web,6/7/2014,USA,Resi,Mortage,Loan,Linear,5/26/2045,5/25/2050,USD,178619.05,169688.10,482.27,170170.37,0.040,mixed,fixed,,0.03,7/26/2019,496.16,496.16,0.04,non-performing,95
bc00019911,ZLP27760,Broker,6/8/2014,USA,Resi,Mortage,Loan,Linear,5/27/2045,5/26/2050,USD,184190.48,174980.95,1064.62,176045.57,0.050,fixed,fixed,,0.03,7/26/2019,511.64,511.64,0.04,non-performing,97
bc00019912,ZLP27761,Branch,6/9/2014,USA,Resi,Mortage,Loan,Linear,5/28/2045,5/27/2050,USD,189761.90,170785.71,948.81,171734.52,0.041,fixed,fixed,,0.03,7/23/2019,527.12,527.12,0.04,non-performing,93
bc00019913,ZLP27762,Branch,6/10/2014,USA,CRE,Mortage,Loan,Linear,5/29/2045,5/28/2050,USD,195333.33,191426.67,527.40,191954.07,0.042,fixed,fixed,,0.03,7/26/2019,542.59,542.59,0.04,non-performing,270
bc00019914,ZLP27763,Web,6/11/2014,USA,Resi,Mortage,Loan,Linear,5/30/2045,5/28/2053,USD,200000.00,190000.00,1156.00,191156.00,0.042,mixed,fixed,,0.03,7/26/2019,555.56,555.56,0.04,non-performing,90
bc00019915,ZLP27764,Broker,6/12/2014,USA,Resi,Mortage,Loan,Balloon,5/31/2045,6/5/2045,USD,150000.00,135000.00,750.00,135750.00,0.042,fixed,fixed,,0.03,7/26/2019,416.67,416.67,0.04,non-performing,91
bc00019916,ZLP27765,Branch,6/13/2014,USA,Resi,Mortage,Loan,Linear,6/1/2045,6/6/2045,USD,100000.00,98000.00,17.00,98017.00,0.042,fixed,fixed,,0.03,7/26/2019,277.78,277.78,0.04,non-performing,95
bc00019917,ZLP27766,Web,6/14/2014,USA,Resi,Mortage,Loan,Linear,6/2/2045,6/7/2045,USD,85000.00,80750.00,14.45,80764.45,0.042,fixed,fixed,,0.03,7/26/2019,236.11,236.11,0.04,non-performing,97
bc00019918,ZLP27767,Broker,6/15/2014,USA,Resi,Mortage,Loan,Linear,6/3/2045,6/8/2045,USD,200000.00,190000.00,34.00,190034.00,0.042,fixed,fixed,,0.03,7/26/2019,555.56,555.56,0.04,non-performing,93
bc00019919,ZLP27768,Branch,6/16/2014,USA,Resi,Mortage,Loan,Linear,6/4/2045,6/9/2045,USD,150000.00,150030.00,375.00,150405.00,0.042,fixed,fixed,,0.03,7/26/2019,416.67,416.67,0.04,non-performing,200
bc00019920,ZLP27769,Branch,6/17/2014,USA,Resi,Mortage,Loan,Linear,6/5/2045,6/10/2045,USD,136000.00,129200.00,367.20,129567.20,0.042,fixed,fixed,,0.03,7/26/2019,377.78,377.78,0.04,non-performing,90
bc00019921,ZLP27770,Web,6/18/2014,USA,CRE,Mortage,Loan,Linear,6/6/2045,6/5/2051,USD,132714.29,119442.86,767.09,120209.95,0.042,fixed,fixed,,0.03,7/26/2019,0.00,368.65,0.04,non-performing,400
bc00019922,ZLP27771,Broker,6/19/2014,USA,Resi,Mortage,Loan,Linear,6/7/2045,6/6/2050,USD,129428.57,126840.00,647.14,127487.14,0.042,fixed,fixed,,0.03,7/26/2019,359.52,359.52,0.04,non-performing,95
bc00019923,ZLP27772,Branch,6/20/2014,USA,Resi,Mortage,Loan,Linear,6/8/2045,6/7/2050,USD,126142.86,119835.71,21.44,119857.16,0.043,fixed,fixed,,0.03,7/26/2019,350.40,350.40,0.04,non-performing,97
bc00019924,ZLP27773,Web,6/21/2014,USA,Resi,Mortage,Loan,Linear,6/9/2045,6/8/2050,USD,122857.14,116714.29,614.29,117328.57,0.043,fixed,fixed,,0.03,7/26/2019,341.27,341.27,0.04,non-performing,93
bc00019925,ZLP27774,Broker,6/22/2014,USA,Resi,Mortage,Loan,Linear,6/10/2045,6/9/2050,USD,119571.43,113592.86,597.86,114190.71,0.043,fixed,fixed,,0.03,7/29/2019,332.14,332.14,0.04,non-performing,20
bc00019926,ZLP27775,Branch,6/23/2014,USA,Resi,Mortage,Loan,Linear,6/11/2045,6/10/2050,USD,116285.71,110471.43,290.71,110762.14,0.043,fixed,fixed,,0.03,7/26/2019,323.02,323.02,0.04,non-performing,90
bc00019927,ZLP27776,Branch,6/24/2014,USA,Resi,Mortage,Loan,Linear,6/12/2045,6/10/2053,USD,200000.00,180000.00,540.00,180540.00,0.043,fixed,fixed,,0.03,7/26/2019,555.56,555.56,0.04,non-performing,92
bc00019928,ZLP27777,Web,6/25/2014,USA,Resi,Mortage,Loan,Linear,6/13/2045,6/18/2045,USD,150000.00,147000.00,867.00,147867.00,0.043,mixed,fixed,,0.03,7/26/2019,416.67,416.67,0.04,non-performing,180
bc00019929,ZLP27778,Broker,6/26/2014,USA,CRE,Mortage,Loan,Linear,6/14/2045,6/19/2045,USD,100000.00,95000.00,500.00,95500.00,0.043,variable,fixed,LIBOR,0.03,7/26/2019,277.78,277.78,0.04,non-performing,170
bc00019930,ZLP27779,Branch,6/27/2014,USA,Resi,Mortage,Loan,Linear,6/15/2045,6/20/2045,USD,85000.00,76500.00,229.50,76729.50,0.043,fixed,fixed,,0.03,7/26/2019,236.11,236.11,0.04,non-performing,213
bc00019931,ZLP27780,Web,6/28/2014,USA,Resi,Mortage,Loan,Linear,6/16/2045,6/21/2045,USD,200000.00,196000.00,1156.00,197156.00,0.043,fixed,fixed,,0.03,7/26/2019,555.56,555.56,0.04,non-performing,200
bc00019932,ZLP27781,Broker,6/29/2014,USA,Resi,Mortage,Loan,Linear,6/17/2045,6/22/2045,USD,150000.00,142500.00,750.00,143250.00,0.044,mixed,fixed,,0.03,7/26/2019,416.67,416.67,0.04,non-performing,90
bc00019933,ZLP27782,Branch,6/30/2014,USA,Resi,Mortage,Loan,Linear,6/18/2045,6/23/2045,USD,136000.00,129200.00,23.12,129223.12,0.044,fixed,fixed,,0.03,7/26/2019,377.78,377.78,0.04,non-performing,91