Commerce: CC,Commerce: CC type,Commerce: Currency,Commerce: Currency code,Commerce: money,Commerce: money big
5893879738582415259,maestro,Marka,BAM,$3.55,$4445814.22
3534784059106540,jcb,Yuan Renminbi,CNY,$9.14,$1622024.63
3559557379609207,jcb,Yuan Renminbi,CNY,$0.14,$9737411.86
6709846683208166,laser,Euro,EUR,$5.60,$4800795.72
3541112794922263,jcb,Dollar,CAD,$4.31,$8991017.77
5610336923327489,bankcard,Peso,ARS,$9.32,$9986361.00
5108754373935271,mastercard,Dinar,RSD,$8.83,$7725737.42
6331104592234675,switch,Euro,EUR,$3.36,$1899545.02
372301313909295,americanexpress,Euro,EUR,$3.79,$9932117.46
4913752720398944,visa-electron,Yuan Renminbi,CNY,$9.33,$6425.75
3570071595253761,jcb,Euro,EUR,$0.28,$4403725.27
3554914527092064,jcb,Ariary,MGA,$5.29,$151951.76
30549120177076,diners-club-carte-blanche,Real,BRL,$6.69,$9039305.19
201697719644734,diners-club-enroute,Rupiah,IDR,$7.16,$630695.87
347736925706450,americanexpress,Zloty,PLN,$0.91,$5027772.44
060418935281413341,maestro,Peso,ARS,$7.98,$921340.54
3558219948208125,jcb,Euro,EUR,$8.68,$8021103.73
5577553734321300,mastercard,Yuan Renminbi,CNY,$1.52,$4962593.31
3530688999896587,jcb,Euro,EUR,$3.96,$3548546.11
5602217413162182,bankcard,Euro,EUR,$2.84,$7976337.85
3568675414852001,jcb,Yen,JPY,$6.41,$5748621.41
4250463164523911,visa,Peso,COP,$1.23,$9057968.73
5602233700434796,bankcard,Yuan Renminbi,CNY,$1.48,$5126557.17
4913374743300268,visa-electron,Rand,ZAR,$7.97,$3040892.15
5100139596434864,mastercard,Leone,SLL,$5.11,$6746097.62
67091151205009137,laser,Real,BRL,$8.80,$9384339.69
3548192128214549,jcb,Shekel,ILS,$0.90,$5502049.14
3530509388723564,jcb,Guarani,PYG,$9.40,$8351482.89
5531922993695230,mastercard,Euro,EUR,$5.21,$9110987.43
6370280355335255,instapayment,Yuan Renminbi,CNY,$8.63,$120697.91
3561329934381227,jcb,Euro,EUR,$7.96,$2235563.84
3571925263963010,jcb,Yuan Renminbi,CNY,$4.36,$3667899.42
3554460836739680,jcb,Tugrik,MNT,$4.87,$29652.45
3551525431474199,jcb,Krona,SEK,$8.50,$4700009.28
6763986383915620,maestro,Yuan Renminbi,CNY,$6.77,$7477315.24
5010128692492669,mastercard,Euro,EUR,$5.91,$7947443.52
67590605761794354,maestro,Yuan Renminbi,CNY,$5.57,$7433283.57
5100141365491638,mastercard,Euro,EUR,$1.89,$3547097.94
5588980781936663,mastercard,Sol,PEN,$0.04,$8050453.36
6759726653138743,switch,Ruble,RUB,$8.39,$4026779.30
3565251653589705,jcb,Euro,EUR,$6.82,$1205385.38
5563247926371134,mastercard,Franc,XOF,$8.11,$9628364.84
30111295807100,diners-club-carte-blanche,Rupiah,IDR,$5.88,$3111328.14
6759321807169511,switch,Euro,EUR,$7.81,$575089.01
3537917998193602,jcb,Taka,BDT,$4.16,$9018388.34
6763235402237123,maestro,Naira,NGN,$7.37,$1468275.45
201856557166909,diners-club-enroute,Krona,SEK,$2.30,$1841879.19
3546535580772424,jcb,Krone,DKK,$1.91,$1440824.00
3585211593385503,jcb,Euro,EUR,$2.52,$2097279.61
3542701736568132,jcb,Rupiah,IDR,$2.76,$7523503.87
6304372862095675255,laser,Euro,EUR,$9.99,$96228.12
633110919507232359,switch,Kuna,HRK,$1.18,$9863980.56
3550548596024311,jcb,Rupiah,IDR,$0.90,$4384143.86
3550598640367810,jcb,Euro,EUR,$0.45,$5915174.37
3535493730166548,jcb,Peso,PHP,$0.56,$4448803.12
3531416262885163,jcb,Euro,EUR,$5.10,$7174244.27
4844765594992489,visa-electron,Dollar,USD,$2.88,$1940209.01
30103619554807,diners-club-carte-blanche,Yuan Renminbi,CNY,$9.49,$8484203.14
4407884573134598,visa,Rial,IRR,$8.25,$1663431.44
3547415961303421,jcb,Euro,EUR,$9.88,$1338310.18
3553643981564414,jcb,Krona,SEK,$9.56,$2889466.48
6394177534040594,instapayment,Yuan Renminbi,CNY,$8.59,$2435844.16
6377583732954943,instapayment,Yuan Renminbi,CNY,$9.97,$9393429.43
5048377473661069,mastercard,Rupiah,IDR,$3.33,$2046598.00
3577756703968895,jcb,Manat,AZN,$9.43,$7737450.51
4905059523207243,switch,Franc,XAF,$2.64,$8531587.84
3542943675141956,jcb,Euro,EUR,$0.58,$2440647.38
4936653490082044,switch,Rupee,PKR,$2.80,$4892117.09
67624093979547551,maestro,Yuan Renminbi,CNY,$6.01,$8834580.80
5048373234739161,mastercard,Ruble,RUB,$7.60,$2337442.34
3555805783251015,jcb,Krone,DKK,$4.43,$8267397.89
3589218403620215,jcb,Real,BRL,$2.34,$35555.14
3554990976109328,jcb,Euro,EUR,$6.37,$379113.60
3562344907756866,jcb,Yuan Renminbi,CNY,$1.25,$7239111.97
5467074914842752,diners-club-us-ca,Yuan Renminbi,CNY,$1.71,$7925104.40
4913122890201353,visa-electron,Ruble,RUB,$8.72,$7523547.81
3558293497696428,jcb,Ruble,RUB,$5.04,$4196511.06
3559931564147515,jcb,Yuan Renminbi,CNY,$3.00,$2263808.40
67060690521253512,laser,Krona,SEK,$2.30,$2671195.95
5602214444056236,bankcard,Yuan Renminbi,CNY,$1.11,$8110353.16
3529335287661967,jcb,Dinar,RSD,$9.59,$2992467.43
372301865539136,americanexpress,Koruna,CZK,$6.68,$4868133.85
3567053421492594,jcb,Sol,PEN,$5.41,$777743.39
3532337948405805,jcb,Krona,SEK,$3.32,$6868772.85
4917669197336338,visa-electron,Marka,BAM,$4.33,$9220710.20
345275453759351,americanexpress,Yuan Renminbi,CNY,$5.64,$1323454.95
5582105460845714,mastercard,Dollar,AUD,$7.80,$1431904.92
30078216075739,diners-club-carte-blanche,Balboa,PAB,$9.14,$9844626.40
3575472652033473,jcb,Ruble,RUB,$6.19,$6418388.35
6767751771594262,solo,Euro,EUR,$6.38,$1086903.90
3553381869348713,jcb,Euro,EUR,$4.45,$3035384.70
3547603136563801,jcb,Euro,EUR,$3.23,$364125.36
3556436914825318,jcb,Euro,EUR,$8.07,$6121944.12
3574740896395721,jcb,Yuan Renminbi,CNY,$0.14,$178167.99
3546207811333364,jcb,Yuan Renminbi,CNY,$1.42,$7501531.76
30130659228380,diners-club-carte-blanche,Yen,JPY,$7.20,$8025030.79
589381351783203837,maestro,Rupiah,IDR,$7.90,$2343877.15
4911569404433140,switch,Rupiah,IDR,$5.01,$1357129.66
3539986254395316,jcb,Euro,EUR,$2.09,$7259056.83
5100148091906987,mastercard,Dollar,CAD,$0.01,$5021555.21
6709524273780755500,laser,Yuan Renminbi,CNY,$7.22,$2685398.72
6398294660511516,instapayment,Peso,PHP,$5.86,$2463558.98
4405796100437280,visa-electron,Dinar,TND,$4.98,$2226555.39
3561673709758022,jcb,Yuan Renminbi,CNY,$3.71,$7961733.30
3554715012256472,jcb,Zloty,PLN,$2.50,$2476639.21
6759025204956749,switch,Rupiah,IDR,$6.57,$7715649.38
3548736145966208,jcb,Yuan Renminbi,CNY,$1.31,$6990033.39
5100141137133021,mastercard,Ruble,BYR,$6.41,$7216886.02
4508200191216915,visa-electron,Zloty,PLN,$8.62,$6916399.13
201654527983366,diners-club-enroute,Peso,UYU,$1.87,$522142.68
6334520797883213,solo,Rupiah,IDR,$2.62,$6272160.51
3551822505822415,jcb,Ruble,RUB,$9.70,$2074903.48
4936750972501983731,switch,Real,BRL,$3.79,$8381710.85
5602243615604243,bankcard,Rial,IRR,$2.49,$4041786.19
677100929823182211,laser,Euro,EUR,$5.48,$4613986.16
3564795661691342,jcb,Yuan Renminbi,CNY,$9.66,$1743992.62
3565498243271423,jcb,Rupiah,IDR,$2.69,$4051977.77
3561895110609243,jcb,Manat,AZN,$8.96,$8515268.90
3549147742978928,jcb,Sol,PEN,$1.72,$2188168.70
3580721875997614,jcb,Yen,JPY,$2.11,$3716974.35
67617003812206660,maestro,Rupiah,IDR,$2.45,$8039938.42
560222483180304753,china-unionpay,Rial,YER,$4.77,$204568.44
3533645105237897,jcb,Yuan Renminbi,CNY,$7.66,$5547148.80
3587459253876984,jcb,Yen,JPY,$2.02,$7794890.29
3551700552036503,jcb,Peso,PHP,$6.78,$9642930.48
3536235157339978,jcb,Ruble,RUB,$0.68,$538711.50
3577845057953288,jcb,Euro,EUR,$6.90,$7676295.49
5100172419642868,mastercard,Denar,MKD,$1.91,$1537761.76
6759781241884415,switch,Peso,PHP,$8.18,$817792.19
3578877623260087,jcb,Rupiah,IDR,$3.45,$1563243.32
372301530189465,americanexpress,Yuan Renminbi,CNY,$0.18,$91868.35
3564429624948918,jcb,Ruble,BYR,$4.01,$8243970.43
3566915171273435,jcb,Ruble,RUB,$4.27,$5941389.95
5020013907982052981,maestro,Euro,EUR,$8.48,$4095689.72
56022166017363891,china-unionpay,Peso,COP,$2.38,$4401719.63
5148439579365349,mastercard,Dollar,CAD,$6.48,$2776968.45
30489362274374,diners-club-carte-blanche,Yuan Renminbi,CNY,$7.38,$3474034.52
4017950916441636,visa,Peso,COP,$1.56,$6273150.77
589322750776225016,maestro,Koruna,CZK,$1.88,$1229277.14
5100148947681552,mastercard,Zloty,PLN,$9.88,$6545977.58
3562609346406491,jcb,Euro,EUR,$9.97,$4024668.38
5048378882931705,mastercard,Yuan Renminbi,CNY,$8.36,$1137786.08
3578159690214267,jcb,Peso,ARS,$1.44,$5655550.82
56022445548531709,china-unionpay,Yen,JPY,$1.59,$6412971.89
4844332147235757,visa-electron,Rupiah,IDR,$5.77,$5917768.18
3555383215446603,jcb,Dollar,USD,$5.66,$6817883.22
6762278639551531345,maestro,Yen,JPY,$2.81,$1997360.83
3579238441180719,jcb,Tugrik,MNT,$5.05,$5332422.91
5540435144902206,diners-club-us-ca,Baht,THB,$0.13,$1946015.06
6395682641875849,instapayment,Quetzal,GTQ,$2.78,$2459287.44
3538696196920458,jcb,Euro,EUR,$6.35,$3803653.87
3540791768980729,jcb,Gourde,HTG,$0.49,$4616102.64
630401230300884154,laser,Real,BRL,$8.80,$7834121.13
3557498830185275,jcb,Yuan Renminbi,CNY,$1.85,$8828603.31
3561150049317215,jcb,Euro,EUR,$5.92,$8442458.23
4844204362022931,visa-electron,Euro,EUR,$8.57,$7918224.50
4917060188124471,visa-electron,Zloty,PLN,$0.10,$9039481.06
5893795575192586421,maestro,Euro,EUR,$5.51,$7435013.50
5610644561931490,china-unionpay,Dirham,MAD,$2.70,$2792518.09
4844701391648800,visa-electron,Zloty,PLN,$6.78,$7452262.69
3532635010192247,jcb,Rial,YER,$5.73,$401517.04
3529948135520209,jcb,Peso,COP,$6.05,$7138828.87
3543723954009366,jcb,Hryvnia,UAH,$5.10,$7751223.84
3589782364012894,jcb,Euro,EUR,$5.77,$7511868.67
6759236663535656,maestro,Peso,COP,$7.19,$3413435.08
3580885653147377,jcb,Rupiah,IDR,$8.95,$9565102.43
3539162858045075,jcb,Yuan Renminbi,CNY,$8.52,$9616826.29
201987279192764,diners-club-enroute,Krone,NOK,$7.07,$7217868.50
3566878271093626,jcb,Yuan Renminbi,CNY,$6.98,$5708792.48
5602244566174970,china-unionpay,Yuan Renminbi,CNY,$6.49,$2635687.15
3554095306596895,jcb,Yuan Renminbi,CNY,$3.06,$9797358.63
5436469415914365,diners-club-us-ca,Koruna,CZK,$7.59,$4662327.05
6372259031562852,instapayment,Sol,PEN,$8.44,$2159453.98
3558494111788688,jcb,Shilling,KES,$7.67,$9755452.82
30505604714156,diners-club-carte-blanche,Real,BRL,$7.90,$8885194.32
3569958284833742,jcb,Ruble,RUB,$5.85,$9269684.29
676753356017576069,solo,Shilling,UGX,$6.27,$8846696.29
4017954913771482,visa,Ruble,RUB,$6.93,$8436662.56
490509841777645108,switch,Euro,EUR,$5.17,$8181456.49
6767339809923313,solo,Rupiah,IDR,$3.65,$5245624.24
3544029968254934,jcb,Ruble,RUB,$1.88,$7340484.84
30046248179084,diners-club-carte-blanche,Yuan Renminbi,CNY,$3.32,$4375299.73
4041593798119,visa,Yuan Renminbi,CNY,$2.76,$2034467.26
3568897193227185,jcb,Euro,EUR,$9.26,$6810775.46
3537092389380489,jcb,Peso,PHP,$8.00,$9895526.85
0604383287203632,maestro,Som,KGS,$4.22,$1767243.63
5327560542541055,mastercard,Yuan Renminbi,CNY,$4.63,$9002601.35
3584118085763942,jcb,Naira,NGN,$7.05,$4229708.19
3564461037356306,jcb,Baht,THB,$5.78,$4792122.56
3554410554930532,jcb,Colon,CRC,$8.21,$1793483.25
4905299140719969453,switch,Rupiah,IDR,$8.03,$3463394.12
3557316481080746,jcb,Rupiah,IDR,$9.34,$1744577.68
201626603639542,diners-club-enroute,Peso,PHP,$6.17,$9582684.61
3561916237877446,jcb,Yuan Renminbi,CNY,$9.51,$7183110.52
5602225509404798,bankcard,Rupiah,IDR,$8.09,$7080465.57
3547759511558566,jcb,Franc,CDF,$2.04,$7759530.43
3541803552976463,jcb,Peso,PHP,$1.86,$6059866.43
5610184392154798,bankcard,Shilling,UGX,$1.92,$3818433.26
3576959034336466,jcb,Koruna,CZK,$5.40,$8481276.91
4175000672515278,visa-electron,Peso,ARS,$5.88,$4487178.40
36929106492232,diners-club-international,Peso,COP,$0.47,$3503404.23
3556114566279668,jcb,Rupiah,IDR,$2.48,$8904836.95
3542197189668604,jcb,Bolivar,VEF,$8.26,$9694936.19
3546849282049761,jcb,Afghani,AFN,$7.10,$9090534.22
3548058850710469,jcb,Euro,EUR,$2.01,$5703447.98
30447180625482,diners-club-carte-blanche,Yuan Renminbi,CNY,$7.83,$5513929.59
6388247994568380,instapayment,Yuan Renminbi,CNY,$8.03,$6604986.30
201826844924824,diners-club-enroute,Tenge,KZT,$7.98,$8906749.60
5100146695683119,mastercard,Yuan Renminbi,CNY,$2.08,$8025231.84
5100146285658059,mastercard,Yuan Renminbi,CNY,$3.06,$2795083.87
337941083615236,americanexpress,Ruble,RUB,$3.33,$6829351.24
6763324402973166,maestro,Baht,THB,$0.55,$4900414.34
4913087283589658,visa-electron,Euro,EUR,$8.18,$1295415.93
3578084372435735,jcb,Yen,JPY,$2.40,$7744458.44
3547759945895618,jcb,Hryvnia,UAH,$9.21,$5615253.70
3545575797247415,jcb,Yuan Renminbi,CNY,$4.12,$4403623.06
30278669276905,diners-club-carte-blanche,Krone,NOK,$9.69,$2640125.84
5020676487703848759,maestro,Zloty,PLN,$2.55,$257582.01
6304393328909634,laser,Yuan Renminbi,CNY,$7.04,$4865281.91
3536334486033913,jcb,Ruble,RUB,$1.39,$4204071.65
3558755690118624,jcb,Rupiah,IDR,$9.05,$8931883.79
5542314281182997,mastercard,Koruna,CZK,$0.37,$6136248.16
5602231244166715675,china-unionpay,Rial,YER,$9.68,$4197789.73
5596247138858598,diners-club-us-ca,Peso,PHP,$7.57,$4132535.87
3575452370236491,jcb,Yuan Renminbi,CNY,$6.38,$9151281.25
502029633981070014,maestro,Yuan Renminbi,CNY,$7.64,$3845911.14
6331106826940836426,switch,Ruble,RUB,$8.49,$336460.38
5007665322458359,mastercard,Denar,MKD,$8.98,$8756376.11
5002354491069421,mastercard,Zloty,PLN,$1.69,$8264605.88
6379182329235747,instapayment,Franc,XOF,$0.28,$3863748.51
6381457715332134,instapayment,Rupiah,IDR,$4.87,$2509252.02
201891516471645,diners-club-enroute,Peso,PHP,$4.04,$9735920.91
3536409153145792,jcb,Rupiah,IDR,$9.70,$4217235.84
3528219957096590,jcb,Ringgit,MYR,$0.45,$8338590.34
5893956585465059,maestro,Peso,PHP,$9.97,$5384454.89
3584672499724692,jcb,Yuan Renminbi,CNY,$4.29,$6620845.17
5602216472885766,bankcard,Euro,EUR,$6.24,$3033159.19
060496990467981202,maestro,Rupiah,IDR,$5.02,$9773043.27
36458344550049,diners-club-international,Real,BRL,$1.61,$6159984.00
5515263575493037,diners-club-us-ca,Peso,UYU,$9.97,$1689152.94
3549037024901963,jcb,Dinar,TND,$6.73,$3106914.90
3589444927341779,jcb,Dollar,USD,$1.07,$9384182.81
4911492084723065846,switch,Tenge,KZT,$9.10,$6104924.02
3576060005292869,jcb,Euro,EUR,$4.01,$4826395.21
5572997301407999,mastercard,Yuan Renminbi,CNY,$8.84,$9910100.73
5572340048257551,mastercard,Yen,JPY,$6.95,$557317.34
3576559962183409,jcb,Euro,EUR,$3.17,$7659108.48
5100144280509609,mastercard,Rupiah,IDR,$0.87,$4741142.26
201476132429738,diners-club-enroute,Yuan Renminbi,CNY,$7.17,$5169271.70
5108755923258692,mastercard,Kuna,HRK,$1.41,$9268261.16
3545391315444918,jcb,Yuan Renminbi,CNY,$8.17,$7978531.37
3577875298896269,jcb,Peso,ARS,$4.95,$6472638.58
4807367523077,visa,Peso,ARS,$7.02,$1131594.48
3576999579738866,jcb,Euro,EUR,$7.51,$6939016.91
5100134608742099,mastercard,Euro,EUR,$5.31,$8458438.67
3551737967745328,jcb,Dram,AMD,$0.51,$6874101.46
5602221538479547,bankcard,Dong,VND,$1.25,$5784513.22
5007668138950940,mastercard,Peso,DOP,$1.58,$1712036.17
3553422443582698,jcb,Peso,PHP,$3.73,$1028362.72
4017956814255,visa,Rupiah,IDR,$9.79,$3311674.23
30373657875766,diners-club-carte-blanche,Krone,NOK,$1.68,$3386207.25
633450616156061711,solo,Dollar,USD,$1.92,$5646924.24
3577896855961973,jcb,Ruble,RUB,$6.50,$5866932.20
3560193129965652,jcb,Yuan Renminbi,CNY,$4.75,$6920372.50
201551207415794,diners-club-enroute,Real,BRL,$9.84,$644863.19
4508474614513352,visa-electron,Kwacha,ZMW,$1.93,$605919.45
3530895293623472,jcb,Dollar,CAD,$1.44,$2742010.11
372301659209359,americanexpress,Euro,EUR,$1.81,$8317048.01
4017958355234453,visa,Cordoba,NIO,$0.98,$8540630.67
6396348505003493,instapayment,Yuan Renminbi,CNY,$6.89,$698128.42
3585352676020201,jcb,Sol,PEN,$7.28,$4796975.27
5048377537320611,mastercard,Real,BRL,$4.87,$887124.54
3571118640946185,jcb,Peso,PHP,$5.45,$7512962.47
5602248463569687,bankcard,Peso,PHP,$1.59,$5433689.76
3572460008946913,jcb,Euro,EUR,$0.26,$1947986.97
3534764475067385,jcb,Ruble,RUB,$3.67,$7424247.00
201967919470804,diners-club-enroute,Euro,EUR,$0.81,$9050710.19
4026003284597156,visa-electron,Naira,NGN,$1.43,$8458111.08
4175008377259233,visa-electron,Lek,ALL,$6.43,$77838.49
560224854706036392,china-unionpay,Yen,JPY,$6.51,$3284196.30
4022247814267608,visa,Euro,EUR,$1.72,$2464357.78
4913434988774641,visa-electron,Euro,EUR,$5.82,$5303489.36
6761857466702128982,maestro,Yuan Renminbi,CNY,$8.11,$9541981.93
5610414771141011,bankcard,Yuan Renminbi,CNY,$6.25,$5893517.02
5002352576245023,mastercard,Yuan Renminbi,CNY,$9.94,$5273284.79
6333251514536539906,switch,Zloty,PLN,$3.56,$9277334.44
63046538082296446,laser,Dollar,KYD,$2.96,$2612317.78
3585338653645508,jcb,Dollar,USD,$1.54,$7577924.12
3538937974381863,jcb,Euro,EUR,$1.41,$2816826.14
3567977049627746,jcb,Euro,EUR,$4.41,$1116254.00
5602246449029461,china-unionpay,Euro,EUR,$6.30,$2266412.67
3563149077402939,jcb,Rupiah,IDR,$7.32,$3906084.59
5602231591571957,bankcard,Rial,OMR,$3.54,$9678358.82
6767844172055996008,solo,Rupiah,IDR,$2.13,$9007487.39
372301293472934,americanexpress,Peso,PHP,$5.46,$2790509.97
3583223747215793,jcb,Zloty,PLN,$9.47,$3602161.23
3528556678805480,jcb,Dinar,RSD,$5.96,$8662003.97
5428324316444204,diners-club-us-ca,Euro,EUR,$3.01,$1870016.32
3576243644037883,jcb,Yuan Renminbi,CNY,$0.31,$613266.99
4917896434351255,visa-electron,Euro,EUR,$3.26,$1686218.39
36790027516867,diners-club-international,Zloty,PLN,$6.54,$2999877.44
4026001393161658,visa-electron,Colon,CRC,$5.52,$8963036.06
3550846318696188,jcb,Marka,BAM,$7.61,$4350136.12
5602255542260980,china-unionpay,Ruble,RUB,$7.56,$8326922.44
3582947939952125,jcb,Euro,EUR,$4.17,$967120.29
3532118294020673,jcb,Peso,PHP,$1.32,$9183908.05
3566084272010459,jcb,Rupiah,IDR,$8.84,$8239270.03
372301251535474,americanexpress,Afghani,AFN,$4.84,$5660868.59
4911402576067100,switch,Yuan Renminbi,CNY,$6.55,$1305200.49
0604455574703783681,maestro,Real,BRL,$6.74,$4682568.11
3562832622276012,jcb,Yuan Renminbi,CNY,$8.09,$6320763.16
3580751378013734,jcb,Ruble,RUB,$7.26,$5244125.54
6761008761114765621,maestro,Peso,PHP,$6.99,$9915759.06
5161354102333387,mastercard,Yuan Renminbi,CNY,$9.75,$7769913.23
675985907831950187,maestro,Hryvnia,UAH,$6.27,$4558696.62
3551595279836585,jcb,Rupiah,IDR,$9.92,$5332010.05
4026397630383984,visa-electron,Won,KPW,$8.85,$9114497.00
374622156001496,americanexpress,Ruble,RUB,$1.62,$1666963.41
201688777360735,diners-club-enroute,Peso,PHP,$8.87,$9856281.37
3552772874336043,jcb,Euro,EUR,$7.00,$8459023.85
4175005513059683,visa-electron,Peso,PHP,$4.73,$2692887.55
4815135932306,visa,Krona,SEK,$7.37,$3536733.67
375734445050132,americanexpress,Rupiah,IDR,$3.76,$2445660.18
3559298416448933,jcb,Yuan Renminbi,CNY,$5.22,$4871474.28
372301537020606,americanexpress,Euro,EUR,$8.55,$9211447.10
3570215725097222,jcb,Franc,XOF,$7.40,$9832169.52
6380094550969489,instapayment,Yuan Renminbi,CNY,$6.97,$1961181.43
3575013766104485,jcb,Ruble,RUB,$9.64,$8879952.07
337941151103693,americanexpress,Real,BRL,$2.91,$7304654.06
3568553411907922,jcb,Yuan Renminbi,CNY,$8.27,$5633864.37
6395211437235982,instapayment,Yuan Renminbi,CNY,$5.76,$2263305.56
36545095323608,diners-club-international,Quetzal,GTQ,$0.07,$6577446.26
6383633325222646,instapayment,Franc,KMF,$6.03,$1838432.83
6334505274483622484,solo,Colon,CRC,$8.21,$1652375.71
3543075519214241,jcb,Euro,EUR,$3.03,$360118.00
3555296082127439,jcb,Yuan Renminbi,CNY,$4.56,$3974618.04
3555794005734430,jcb,Kuna,HRK,$6.11,$3128508.89
676278558470610816,maestro,Yuan Renminbi,CNY,$3.59,$6060107.82
5641826037816561377,switch,Dollar,USD,$5.07,$6399635.65
6767991671749174,solo,Real,BRL,$8.31,$4474881.43
3571962738205529,jcb,Rupiah,IDR,$5.52,$154344.87
3583571652734673,jcb,Yuan Renminbi,CNY,$9.68,$205701.72
675985859277829997,switch,Koruna,CZK,$0.62,$7117112.37
3529747124842461,jcb,Ruble,RUB,$1.87,$2760720.94
6333500449975873,switch,Rupiah,IDR,$4.39,$8663737.91
3557006787487170,jcb,Euro,EUR,$0.02,$2917459.78
3555261407605774,jcb,Peso,COP,$7.21,$9482904.98
201640374250140,diners-club-enroute,Tenge,KZT,$2.95,$2965608.51
3571349895389363,jcb,Rand,ZAR,$4.67,$2378529.05
5602221204087186,china-unionpay,Yen,JPY,$6.20,$3132991.27
3564303498843333,jcb,Denar,MKD,$9.54,$6181732.92
3533336984221968,jcb,Ruble,RUB,$5.78,$4086648.92
3583393830011746,jcb,Dollar,CAD,$2.52,$4283171.41
5602225689817124,bankcard,Krona,SEK,$0.42,$4415185.81
201656756044570,diners-club-enroute,Kyat,MMK,$6.14,$8984846.95
4911773349468043,switch,Krona,SEK,$7.49,$6882890.50
5048371064792961,mastercard,Yuan Renminbi,CNY,$4.54,$8549494.24
5100136668481351,mastercard,Peso,CUP,$9.77,$2099815.88
3537678375262986,jcb,Peso,PHP,$8.00,$7460935.14
5147071104378710,mastercard,Sol,PEN,$7.39,$8440306.74
560221660884244770,china-unionpay,Krona,SEK,$2.12,$5774605.31
30020558922169,diners-club-carte-blanche,Peso,ARS,$7.85,$5203523.94
3562036352834673,jcb,Yuan Renminbi,CNY,$3.56,$2243923.87
3558518832746482,jcb,Yuan Renminbi,CNY,$6.91,$9961587.36
5602245950999294,bankcard,Koruna,CZK,$2.32,$2092259.35
3549399333795944,jcb,Shilling,TZS,$7.45,$3268313.79
4913026745101884,visa-electron,Yuan Renminbi,CNY,$1.46,$1653435.01
3558928871185684,jcb,Zloty,PLN,$1.02,$3167050.66
5108758056210027,mastercard,Ruble,RUB,$8.59,$9486521.81
3558737580402326,jcb,Lempira,HNL,$3.74,$2504802.00
4529728625629,visa,Rupiah,IDR,$8.69,$3805643.08
67612174371589088,maestro,Naira,NGN,$7.21,$8901305.20
36094594151665,diners-club-international,Ruble,RUB,$8.87,$6654977.68
3575327907728485,jcb,Euro,EUR,$8.77,$9006305.97
3582175751377714,jcb,Euro,EUR,$5.52,$9204520.58
630460846288151890,maestro,Yuan Renminbi,CNY,$3.42,$6309120.49
201881750495194,diners-club-enroute,Rupiah,IDR,$3.56,$4801515.03
3546708066640874,jcb,Denar,MKD,$4.00,$8010034.84
3533489201456147,jcb,Dong,VND,$8.53,$106922.77
3572173147206137,jcb,Peso,COP,$3.91,$7523898.49
67632828982139320,maestro,Yuan Renminbi,CNY,$6.73,$2981504.67
5602249635431095,bankcard,Euro,EUR,$6.32,$1434236.61
3577954527285246,jcb,Dollar,USD,$5.29,$4942143.46
3546769709000470,jcb,Yuan Renminbi,CNY,$6.06,$2549846.15
5641822689311117,switch,Boliviano,BOB,$1.25,$2987813.09
6761028079952997024,maestro,Yen,JPY,$7.07,$9669350.81
3535168743518386,jcb,Baht,THB,$3.80,$2004434.93
6771809146472277,laser,Naira,NGN,$3.37,$8783908.84
060465932857237883,maestro,Euro,EUR,$6.45,$9017367.48
3589919470323969,jcb,Real,BRL,$2.20,$5037816.61
5602226642897971,china-unionpay,Real,BRL,$1.79,$3044233.08
633386267457878095,switch,Yen,JPY,$5.49,$6546102.36
3529367976195866,jcb,Koruna,CZK,$7.00,$9843847.38
3566430642659618,jcb,Baht,THB,$4.37,$6376704.29
3540010988719415,jcb,Yuan Renminbi,CNY,$6.45,$4563352.50
5100170595903526,mastercard,Dollar,USD,$4.58,$1315360.30
3533794239107764,jcb,Zloty,PLN,$6.17,$7918100.33
4405715018314852,visa-electron,Real,BRL,$6.31,$191140.83
3555726259475278,jcb,Rupiah,IDR,$7.13,$4582331.63
201743531200360,diners-club-enroute,Peso,COP,$9.28,$6969358.15
4913220036342808,visa-electron,Rupiah,IDR,$8.84,$7252932.01
4911225311504274832,switch,Real,BRL,$3.93,$2452795.57
30209830353729,diners-club-carte-blanche,Euro,EUR,$4.24,$7657682.47
3555865823947584,jcb,Yuan Renminbi,CNY,$0.97,$532957.28
36312864680431,diners-club-international,Ruble,RUB,$0.80,$1381265.13
3587329779199825,jcb,Yuan Renminbi,CNY,$4.01,$8740411.40
4911381506111836283,switch,Krona,SEK,$7.40,$1416499.23
6387077000562528,instapayment,Real,BRL,$4.35,$3709097.66
5602229298488020,bankcard,Yuan Renminbi,CNY,$6.83,$2993665.61
6767800643958906,solo,Yuan Renminbi,CNY,$5.60,$7499588.82
3587041614488186,jcb,Ruble,RUB,$9.93,$7808323.26
5602223688108652,bankcard,Ruble,RUB,$1.89,$5329085.19
4175002461282250,visa-electron,Yuan Renminbi,CNY,$2.27,$3294816.09
3531163503080515,jcb,Yen,JPY,$0.68,$6776473.98
3587673513754589,jcb,Real,BRL,$1.56,$8605047.88
3584365364760236,jcb,Dollar,USD,$2.88,$2054862.69
3568391046563061,jcb,Yuan Renminbi,CNY,$1.58,$7102920.76
560224793571413296,china-unionpay,Zloty,PLN,$1.47,$1353621.86
3537840756677444,jcb,Franc,XOF,$0.62,$2854802.29
3574733104098203,jcb,Dollar,USD,$1.86,$9027518.92
5610236814898426,bankcard,Ruble,RUB,$5.97,$6355826.04
5355612651666572,mastercard,Euro,EUR,$2.79,$7640908.19
5602227143217743,bankcard,Zloty,PLN,$8.72,$3632302.35
201884292589565,diners-club-enroute,Rupiah,IDR,$9.93,$9112176.04
6759744249234702,switch,Rupiah,IDR,$9.96,$6331744.55
374283921694659,americanexpress,Euro,EUR,$4.44,$6518989.03
3578276043976879,jcb,Yuan Renminbi,CNY,$0.32,$3128341.13
5602222642283999,bankcard,Yuan Renminbi,CNY,$7.86,$7260632.11
5414587801654448,mastercard,Yuan Renminbi,CNY,$1.43,$6305158.41
3528047505658946,jcb,Yuan Renminbi,CNY,$6.42,$4972878.62
4844492361921530,visa-electron,Escudo,CVE,$4.17,$283273.82
30396755111669,diners-club-carte-blanche,Ruble,RUB,$4.40,$5121431.38
6334378146014505,solo,Ruble,RUB,$8.93,$7708670.95
3531732115523391,jcb,Rupiah,IDR,$1.13,$3129875.26
5602217631458313,bankcard,Rupiah,IDR,$6.56,$183250.07
3569799751114491,jcb,Yuan Renminbi,CNY,$5.99,$5774885.90
6759820535191046547,maestro,Yuan Renminbi,CNY,$9.11,$5024556.19
3549618851950221,jcb,Yuan Renminbi,CNY,$8.97,$8949033.53
4508792904262244,visa-electron,Rupiah,IDR,$5.03,$5583050.37
374622826228644,americanexpress,Dollar,USD,$5.20,$8928708.21
6763186140052081434,maestro,Yuan Renminbi,CNY,$8.14,$482567.49
3578303914465889,jcb,Baht,THB,$9.96,$7227911.82
3541996627436230,jcb,Dollar,USD,$2.65,$627149.39
6771419214791316849,laser,Dinar,TND,$5.41,$6628746.89
63044774499364996,maestro,Rupiah,IDR,$5.41,$8818748.88
5360425773668563,mastercard,Ruble,RUB,$9.80,$4996060.63
502078317593514524,maestro,Euro,EUR,$8.77,$6096471.26
30141056361856,diners-club-carte-blanche,Peso,PHP,$4.95,$334264.54
4041598631349,visa,Yen,JPY,$6.59,$2501838.68
3534236022765951,jcb,Euro,EUR,$7.43,$468982.69
3568025356781489,jcb,Dollar,USD,$6.11,$8469203.63
3580810723125591,jcb,Rupiah,IDR,$6.98,$7024758.26
5599048058035036,diners-club-us-ca,Euro,EUR,$2.81,$945197.23
675972560096404534,switch,Zloty,PLN,$0.51,$261507.59
337941298106575,americanexpress,Dollar,USD,$5.17,$9430268.11
3556140779361712,jcb,Rupiah,IDR,$5.96,$4583751.14
6759782524209049,maestro,Dirham,MAD,$2.94,$5220306.11
3565802094169497,jcb,Balboa,PAB,$4.29,$313415.24
3557298011089712,jcb,Som,UZS,$8.23,$4326686.27
4041373415136195,visa,Peso,PHP,$7.25,$6990000.62
3548021638911312,jcb,Yuan Renminbi,CNY,$3.34,$5574328.87
06040038846123882,maestro,Dollar,CAD,$4.61,$2915248.20
3579997277575181,jcb,Rupiah,IDR,$9.88,$4601993.71
3558393703867746,jcb,Dollar,USD,$8.77,$4077783.44
3568995234260825,jcb,Yuan Renminbi,CNY,$3.99,$5676654.01
3574913044968943,jcb,Euro,EUR,$5.58,$1728864.25
3534538563277266,jcb,Peso,PHP,$0.57,$6792577.76
5010124722628158,mastercard,Yuan Renminbi,CNY,$5.20,$877379.99
3540436055604463,jcb,Yuan Renminbi,CNY,$6.18,$4601111.37
30151876395034,diners-club-carte-blanche,Ruble,RUB,$7.76,$3295901.95
30473213402202,diners-club-carte-blanche,Rupiah,IDR,$0.45,$3707025.02
4508912053838889,visa-electron,Euro,EUR,$0.73,$944426.52
3533008879297110,jcb,Krona,SEK,$4.58,$3060836.81
5602247053839765120,china-unionpay,Dollar,USD,$2.22,$777665.41
376299684649449,americanexpress,Yuan Renminbi,CNY,$5.17,$469305.94
3580965588399952,jcb,Real,BRL,$3.15,$241993.39
5602215986263270018,china-unionpay,Yuan Renminbi,CNY,$6.36,$6964259.23
3587175749832452,jcb,Peso,MXN,$3.86,$5958554.86
3583688089602693,jcb,Rupiah,IDR,$2.96,$8735026.15
3580434041627244,jcb,Ruble,RUB,$5.03,$2499239.75
201810307402783,diners-club-enroute,Rupiah,IDR,$5.85,$867622.08
372301630072074,americanexpress,Yuan Renminbi,CNY,$9.97,$5758172.69
3577273668813934,jcb,Sol,PEN,$6.51,$82137.77
67635795095030125,maestro,Riels,KHR,$9.47,$6721993.61
6709740522230350,laser,Franc,KMF,$10.00,$3764798.49
5602216328856649,bankcard,Yuan Renminbi,CNY,$7.31,$2929482.84
5602214356951203336,china-unionpay,Yuan Renminbi,CNY,$0.26,$8078912.87
5100175120970668,mastercard,Tugrik,MNT,$1.31,$3298837.55
30298872903137,diners-club-carte-blanche,Rupiah,IDR,$5.54,$1863231.18
675926435580248514,switch,Dollar,CAD,$1.02,$5457724.99
50387254505346883,maestro,Shilling,KES,$6.17,$9857140.63
3535817106838738,jcb,Peso,MXN,$4.76,$3247927.61
3551272138308087,jcb,Sol,PEN,$7.63,$8714776.83
3589895391707565,jcb,Yuan Renminbi,CNY,$3.74,$9530472.06
6390091466188541,instapayment,Yuan Renminbi,CNY,$2.47,$6846837.50
30227767143889,diners-club-carte-blanche,Euro,EUR,$6.43,$549019.47
3586732293601658,jcb,Real,BRL,$8.16,$8048279.47
3582972042939280,jcb,Yuan Renminbi,CNY,$6.98,$907022.35
3546846315525106,jcb,Euro,EUR,$2.13,$5174648.30
3538180995576563,jcb,Tugrik,MNT,$5.39,$6322053.74
3537084418672515,jcb,Dollar,USD,$7.19,$8871574.69
5020849813744245,maestro,Real,BRL,$9.10,$6806060.85
4903756296794474909,switch,Dollar,USD,$8.81,$2116588.85
3563661475202588,jcb,Dollar,USD,$9.84,$5360646.53
3581372806922674,jcb,Krona,SEK,$3.15,$8507086.10
56022514566807760,china-unionpay,Boliviano,BOB,$5.94,$8124827.64
36712203619521,diners-club-international,Peso,CUP,$3.21,$7900171.27
6390471084727013,instapayment,Zloty,PLN,$0.31,$6030933.39
30599186237090,diners-club-carte-blanche,Dollar,CAD,$1.55,$5596422.17
3531766383613823,jcb,Yuan Renminbi,CNY,$1.36,$1081816.96
3529670253115758,jcb,Won,KRW,$0.59,$2412967.87
3574801402198320,jcb,Yuan Renminbi,CNY,$7.92,$2186510.03
6767956969788834941,solo,Peso,CLP,$6.08,$8026599.34
3550876879321298,jcb,Marka,BAM,$6.86,$5293519.50
6763968796022822,maestro,Rial,IRR,$6.20,$5477297.30
3539369081565239,jcb,Yuan Renminbi,CNY,$6.58,$568175.08
67092851892479829,laser,Rupiah,IDR,$7.24,$1393697.00
3574091440954344,jcb,Yuan Renminbi,CNY,$8.58,$2156400.22
6334878522338444,solo,Euro,EUR,$5.84,$7763397.17
30043740043199,diners-club-carte-blanche,Euro,EUR,$5.06,$4051039.67
3588503380572815,jcb,Rupiah,IDR,$1.22,$1622268.15
630469568748580622,laser,Rupiah,IDR,$2.28,$5944789.93
5362032474461047,mastercard,Euro,EUR,$1.52,$2682116.57
3562225712426409,jcb,Peso,ARS,$5.49,$8528451.37
4913942307000720,visa-electron,Baht,THB,$5.18,$488504.26
3559292909931372,jcb,Ringgit,MYR,$4.71,$2781481.20
5610844828776296,bankcard,Euro,EUR,$9.54,$7556009.53
5602227743711285,bankcard,Rupiah,IDR,$5.43,$3273397.23
676106728454381829,maestro,Euro,EUR,$5.86,$627283.08
5108758376121615,mastercard,Dollar,USD,$8.86,$9594943.69
3555961096448077,jcb,Real,BRL,$2.91,$3347697.11
3542616460430517,jcb,Zloty,PLN,$3.57,$9400211.55
201920593352996,diners-club-enroute,Ringgit,MYR,$8.20,$9913781.11
30193427412645,diners-club-carte-blanche,Yuan Renminbi,CNY,$4.09,$2411531.17
3564248296960807,jcb,Euro,EUR,$6.88,$4360040.09
5020773627014597,maestro,Peso,PHP,$9.91,$8425580.50
30056263229821,diners-club-carte-blanche,Euro,EUR,$9.25,$4397471.59
5294008949787037,mastercard,Peso,PHP,$9.81,$9643371.60
3573068377661630,jcb,Yen,JPY,$0.37,$8104074.19
3565030793884097,jcb,Pound,SSP,$9.22,$5243109.23
3585937513462432,jcb,Baht,THB,$5.16,$5044317.51
377710556109816,americanexpress,Zloty,PLN,$7.00,$5167358.64
201888882385516,diners-club-enroute,Rupiah,IDR,$9.70,$4691770.73
3589053940020037,jcb,Pound,SYP,$7.00,$1713199.87
3589516477821449,jcb,Dollar,CAD,$5.69,$2160720.45
3560942140164996,jcb,Euro,EUR,$0.24,$536960.91
3588697471236494,jcb,Ruble,RUB,$0.10,$4245235.18
3546396425761639,jcb,Krone,NOK,$5.74,$2784837.11
5459654916389983,diners-club-us-ca,Ruble,RUB,$4.98,$9570269.72
6762249738680132961,maestro,Euro,EUR,$7.05,$1311608.61
30420606019051,diners-club-carte-blanche,Ruble,RUB,$9.79,$5464465.85
5602257164964683181,china-unionpay,Yuan Renminbi,CNY,$4.95,$9600001.10
5602238681587827,bankcard,Baht,THB,$4.31,$7269997.18
3538186968665101,jcb,Peso,CUP,$2.52,$559160.02
5279914258160493,mastercard,Ruble,RUB,$0.26,$6539842.04
5530892779239357,diners-club-us-ca,Dollar,USD,$3.70,$3801306.82
6304324134909799,maestro,Dinar,RSD,$8.28,$8384386.79
3578876858456360,jcb,Pula,BWP,$6.46,$3783403.35
5191410786574847,mastercard,Sol,PEN,$7.19,$2599839.56
30558505806829,diners-club-carte-blanche,Peso,MXN,$9.11,$1611782.40
5602243225584595,bankcard,Ruble,RUB,$0.84,$6861120.12
374288603020222,americanexpress,Yuan Renminbi,CNY,$2.92,$7351424.56
3571896729256994,jcb,Rupiah,IDR,$0.81,$230690.91
3547352637820993,jcb,Baht,THB,$2.44,$4318856.39
5179775622052851,mastercard,Rupiah,IDR,$2.66,$4039906.44
3531034955319877,jcb,Zloty,PLN,$7.93,$6113612.36
30149808407828,diners-club-carte-blanche,Yuan Renminbi,CNY,$6.94,$574561.28
4405088831485733,visa-electron,Yuan Renminbi,CNY,$5.07,$9273333.84
3549422809762915,jcb,Yuan Renminbi,CNY,$9.83,$1738383.97
491135278912606713,switch,Taka,BDT,$2.08,$9478189.00
5472621467000551,diners-club-us-ca,Dalasi,GMD,$5.12,$8660680.06
4017957280414115,visa,Peso,PHP,$8.56,$1728756.23
3574583348152484,jcb,Yuan Renminbi,CNY,$2.51,$7711813.45
3534081304722050,jcb,Rupiah,IDR,$5.27,$205212.35
676133826581089922,maestro,Naira,NGN,$8.29,$5891431.43
3545561842788355,jcb,Metical,MZN,$4.12,$7024466.13
3578539538777387,jcb,Real,BRL,$8.69,$2899580.39
3578337498562489,jcb,Dinar,LYD,$0.40,$6218082.68
3559122934097289,jcb,Krona,SEK,$3.10,$576388.62
4041379620224528,visa,Peso,PHP,$8.06,$4691422.32
3574568411966548,jcb,Yuan Renminbi,CNY,$2.80,$6382944.67
3562744021415093,jcb,Baht,THB,$1.50,$4682638.50
201900512004696,diners-club-enroute,Hryvnia,UAH,$4.01,$3556920.92
5610201815373365,bankcard,Quetzal,GTQ,$2.61,$3853697.84
6334609066021031003,solo,Peso,PHP,$5.50,$8971862.11
502028440259357789,maestro,Real,BRL,$3.67,$6382722.20
30422814269114,diners-club-carte-blanche,Naira,NGN,$6.28,$7027978.39
374622728590521,americanexpress,Manat,AZN,$8.52,$5435213.88
30108560303849,diners-club-carte-blanche,Yuan Renminbi,CNY,$0.52,$7066151.90
201854942266195,diners-club-enroute,Rupiah,IDR,$7.05,$9748956.57
3577292575332424,jcb,Yuan Renminbi,CNY,$3.06,$72133.29
560224249358238059,china-unionpay,Peso,PHP,$3.19,$567201.33
30349199912424,diners-club-carte-blanche,Euro,EUR,$9.59,$685544.58
5602216742871398,bankcard,Euro,EUR,$4.80,$9545978.04
30579330366821,diners-club-carte-blanche,Franc,XOF,$8.35,$2446227.85
3584290312697803,jcb,Peso,PHP,$1.36,$3729933.48
3537008075287960,jcb,Yuan Renminbi,CNY,$3.45,$6507620.44
490389290116695280,switch,Peso,ARS,$8.51,$144416.72
5602256386447840,bankcard,Rupiah,IDR,$7.47,$1347561.77
3563861373234002,jcb,Leone,SLL,$4.75,$5512377.65
6382723340660077,instapayment,Yuan Renminbi,CNY,$9.44,$1280902.71
5048378517143643,mastercard,Yuan Renminbi,CNY,$5.69,$6439974.56
4026607946377250,visa-electron,Ruble,RUB,$3.34,$4077364.80
4913732072755479,visa-electron,Boliviano,BOB,$2.84,$3472430.82
374288280747352,americanexpress,Peso,PHP,$0.70,$6657053.68
6381063944393572,instapayment,Rupiah,IDR,$2.35,$1757826.37
3553734837784254,jcb,Hryvnia,UAH,$7.05,$4033296.35
5100139603031323,mastercard,Yuan Renminbi,CNY,$9.54,$7421999.43
3528419025499509,jcb,Rupiah,IDR,$1.05,$5512151.99
4936200322956316936,switch,Euro,EUR,$8.00,$6516521.64
5100143063791319,mastercard,Yuan Renminbi,CNY,$1.15,$2931098.20
201812921393752,diners-club-enroute,Yuan Renminbi,CNY,$1.79,$1739651.97
3531322309500338,jcb,Rupiah,IDR,$4.09,$4701033.84
3561940656861616,jcb,Dinar,TND,$9.68,$3885418.81
4761621704587,visa,Euro,EUR,$1.22,$5839357.74
3560973820969602,jcb,Ruble,RUB,$8.55,$1331880.93
374836445711372,americanexpress,Ringgit,MYR,$2.58,$6176016.04
6767953178512706085,solo,Yuan Renminbi,CNY,$2.75,$5796318.10
201898700870755,diners-club-enroute,Guarani,PYG,$0.77,$1789732.32
4026296623832603,visa-electron,Yuan Renminbi,CNY,$9.39,$2236661.67
3528611232434242,jcb,Yuan Renminbi,CNY,$4.94,$1302506.73
30001659750055,diners-club-carte-blanche,Dinar,RSD,$7.19,$9952076.67
5010125662830167,mastercard,Peso,PHP,$6.37,$7522203.80
633110593576755804,switch,Rupiah,IDR,$4.56,$719890.47
63042681904232530,maestro,Ruble,RUB,$3.69,$7790746.18
4490494933558,visa,Real,BRL,$9.21,$2893981.51
4844755766855317,visa-electron,Peso,PHP,$7.33,$6473231.26
5007664663656846,mastercard,Euro,EUR,$5.69,$143137.58
3579479027376632,jcb,Ruble,RUB,$4.00,$6642957.33
30353764048796,diners-club-carte-blanche,Ruble,RUB,$3.59,$6163657.63
3538873292124646,jcb,Peso,DOP,$4.98,$6174105.48
5602210646251104,bankcard,Yuan Renminbi,CNY,$9.30,$2325419.82
3559308816784686,jcb,Yuan Renminbi,CNY,$6.58,$7352415.85
3589558117914374,jcb,Euro,EUR,$4.34,$9080654.10
50383384515938090,maestro,Yuan Renminbi,CNY,$6.46,$3016324.14
3556161896144666,jcb,Real,BRL,$6.92,$5046149.17
376259967319763,americanexpress,Yuan Renminbi,CNY,$0.63,$468554.06
30344101255079,diners-club-carte-blanche,Rial,IRR,$6.16,$663082.29
3562134997401253,jcb,Rupiah,IDR,$6.48,$1330961.74
5100170680814950,mastercard,Quetzal,GTQ,$8.69,$7407534.27
201631164111964,diners-club-enroute,Rial,YER,$0.03,$8714596.06
4405882322180500,visa-electron,Zloty,PLN,$8.79,$9966084.52
5155578528325118,mastercard,Hryvnia,UAH,$9.65,$8150186.10
201591163861151,diners-club-enroute,Yen,JPY,$2.58,$9535603.81
4913369429133850,visa-electron,Euro,EUR,$1.07,$4933208.32
5610276283315650,bankcard,Shilling,UGX,$1.87,$2027642.43
3563609972907860,jcb,Real,BRL,$5.85,$9540466.73
30413968720093,diners-club-carte-blanche,Ruble,RUB,$1.65,$9701296.88
201596042368401,diners-club-enroute,Cordoba,NIO,$5.99,$1325933.68
5602249833261454063,china-unionpay,Rupiah,IDR,$2.74,$7034975.90
3539471112702656,jcb,Real,BRL,$3.01,$5569629.16
3552996295792548,jcb,Peso,CLP,$7.28,$3693292.71
30142325149213,diners-club-carte-blanche,Rupiah,IDR,$9.27,$745361.85
3554828965586744,jcb,Dirham,MAD,$9.32,$7805252.50
4041592807234,visa,Somoni,TJS,$6.67,$1383308.99
670649250514127941,laser,Ruble,RUB,$0.46,$8293576.58
3588682097154727,jcb,Euro,EUR,$6.84,$5692606.71
3558476812965863,jcb,Euro,EUR,$1.53,$2726070.97
6706044153687332,laser,Ruble,RUB,$1.54,$5157896.45
3567252232419057,jcb,Pound,SYP,$1.68,$3363754.45
4913973733104943,visa-electron,Real,BRL,$3.23,$2396855.33
3548547447620140,jcb,Rupiah,IDR,$2.10,$2559059.41
3562985414179651,jcb,Peso,CLP,$1.71,$811000.72
30003596992808,diners-club-carte-blanche,Yuan Renminbi,CNY,$1.14,$6738358.16
3584097189327418,jcb,Lempira,HNL,$7.88,$6851042.71
676308178321870925,maestro,Rupiah,IDR,$7.86,$1028150.30
50381089074394872,maestro,Krona,SEK,$4.77,$120580.54
4917934945075178,visa-electron,Yen,JPY,$0.27,$1593722.96
5602225617356997,bankcard,Ruble,RUB,$8.92,$5450311.81
5100177187136977,mastercard,Yuan Renminbi,CNY,$7.95,$6661804.28
490326656923542889,switch,Rupee,PKR,$4.58,$833521.05
3544658666994829,jcb,Dong,VND,$7.94,$8679369.40
4041373259772642,visa,Dollar,USD,$6.79,$2311783.90
3574004972159539,jcb,Rupiah,IDR,$3.42,$869484.55
4017958963924412,visa,Euro,EUR,$8.14,$7839699.04
3569797724469745,jcb,Yuan Renminbi,CNY,$5.25,$8533330.16
5252270534822344,mastercard,Kuna,HRK,$6.97,$2783344.51
5602227046580635,bankcard,Yuan Renminbi,CNY,$2.66,$5376202.44
5602248984852380,bankcard,Yuan Renminbi,CNY,$5.86,$9515610.03
3546552536019123,jcb,Yuan Renminbi,CNY,$2.48,$3427081.25
3557120741800806,jcb,Yuan Renminbi,CNY,$2.06,$5764683.42
3575219731647728,jcb,Ruble,BYR,$7.49,$135559.37
3530040064467847,jcb,Rupiah,IDR,$7.97,$5259981.56
5002358013457485,mastercard,Peso,PHP,$5.69,$1658306.95
5020809066521633,maestro,Rupiah,IDR,$7.35,$8734055.27
633110005984260145,switch,Peso,PHP,$9.10,$4841710.38
4936093401324674,switch,Zloty,PLN,$7.39,$6890124.37
633429309017479698,solo,Peso,COP,$5.27,$7424153.55
5343448735621621,mastercard,Real,BRL,$4.96,$2637720.90
4913150428336326,visa-electron,Marka,BAM,$3.50,$9222871.32
675960012992052649,maestro,Dinar,LYD,$9.36,$2994418.08
344646432445281,americanexpress,Dollar,NAD,$4.48,$394630.03
5100175335832034,mastercard,Hryvnia,UAH,$5.32,$1723253.32
30117969383724,diners-club-carte-blanche,Bolivar,VEF,$9.50,$1172962.97
5610468872396262,bankcard,Peso,PHP,$4.34,$3804626.43
490368456402962685,switch,Peso,PHP,$6.32,$9967554.50
5100174752821679,mastercard,Naira,NGN,$9.35,$3018686.50
3529745497981684,jcb,Zloty,PLN,$9.77,$7617347.08
30075251332744,diners-club-carte-blanche,Franc,XAF,$9.69,$7962153.85
675990361102613301,switch,Yuan Renminbi,CNY,$0.04,$2421394.72
3533933366832121,jcb,Ruble,RUB,$9.04,$2873452.56
5100146940918278,mastercard,Yuan Renminbi,CNY,$2.47,$5169926.82
4041374532257237,visa,Peso,PHP,$4.41,$3490351.50
3563968253140736,jcb,Real,BRL,$8.75,$1021584.57
3538659950580025,jcb,Sol,PEN,$7.08,$7977376.74
67090138914191075,laser,Dong,VND,$0.31,$1151308.11
4026698144221036,visa-electron,Tugrik,MNT,$1.32,$8370993.91
5469890634166679,mastercard,Dollar,USD,$4.72,$5815511.24
3553799423370206,jcb,Hryvnia,UAH,$4.41,$9457281.85
3572251137413358,jcb,Ruble,RUB,$8.60,$3615827.18
3567814178175975,jcb,Euro,EUR,$7.12,$4103485.39
374622917869454,americanexpress,Hryvnia,UAH,$7.14,$1238859.82
5007662218970464,mastercard,Yuan Renminbi,CNY,$4.51,$1615596.31
493601131117359870,switch,Rupiah,IDR,$4.67,$695730.24
5100143287440842,mastercard,Krona,SEK,$4.55,$6911105.90
3557164196375534,jcb,Yuan Renminbi,CNY,$3.29,$260022.63
4913897832610056,visa-electron,Ruble,RUB,$7.62,$2738714.86
3584944900270908,jcb,Euro,EUR,$0.01,$9826092.01
3571386203079625,jcb,Lempira,HNL,$7.59,$8560469.57
3587931344389227,jcb,Yuan Renminbi,CNY,$5.72,$3927365.66
3545609540265208,jcb,Boliviano,BOB,$0.47,$4163408.18
3534315189887764,jcb,Euro,EUR,$1.96,$9843237.87
5504751962851182,diners-club-us-ca,Rupiah,IDR,$7.20,$2506237.78
3585781067062531,jcb,Dollar,CAD,$1.56,$2147192.70
491157426138910178,switch,Euro,EUR,$2.02,$3731880.83
5602234930957903,bankcard,Birr,ETB,$3.84,$4919451.96
4175006056753096,visa-electron,Yuan Renminbi,CNY,$4.14,$4139065.79
3528233828839963,jcb,Real,BRL,$7.36,$6403294.99
3535326378727033,jcb,Yuan Renminbi,CNY,$6.42,$1387793.37
3564448534809358,jcb,Yuan Renminbi,CNY,$0.89,$6317013.43
4041591351410916,visa,Yuan Renminbi,CNY,$7.47,$6818217.69
5505771427972992,mastercard,Peso,MXN,$8.90,$4241847.77
3570828888946439,jcb,Zloty,PLN,$9.48,$942626.71
5048374017311749,mastercard,Rupiah,IDR,$6.68,$6868889.01
5010128329336081,mastercard,Dollar,CAD,$2.74,$9400579.26
5568699504381353,mastercard,Koruna,CZK,$0.48,$9188859.90
6331107588234633,switch,Euro,EUR,$4.06,$831518.44
6767887563562636293,solo,Ringgit,MYR,$7.93,$5747753.98
50180244841571590,maestro,Pound,EGP,$2.18,$8717770.47
3571674466839979,jcb,Franc,XOF,$7.44,$803287.36
5641827679994779716,switch,Euro,EUR,$1.97,$552877.58
3566653527114504,jcb,Peso,CUP,$8.30,$3568902.90
3547023716122706,jcb,Naira,NGN,$4.88,$3032052.75
3542013316174723,jcb,Peso,PHP,$3.11,$7621715.20
5602246215099011,bankcard,Ruble,BYR,$7.75,$1693951.49
374288812947066,americanexpress,Zloty,PLN,$6.80,$5375121.94
3575395140903553,jcb,Krona,SEK,$6.75,$3700519.39
3544984527837951,jcb,Yuan Renminbi,CNY,$2.32,$2299622.47
3548468935841249,jcb,Manat,AZN,$3.07,$3411892.70
3529618380348834,jcb,Peso,DOP,$5.67,$9543188.04
5048375897824123,mastercard,Peso,PHP,$0.72,$2662017.93
5602225696277858,bankcard,Rupiah,IDR,$8.44,$5451099.86
5100135362626287,mastercard,Euro,EUR,$7.46,$6851442.19
3556609488995812,jcb,Euro,EUR,$1.36,$8815364.03
560221249775433112,china-unionpay,Naira,NGN,$8.10,$547521.26
3548283724837039,jcb,Taka,BDT,$7.10,$8959222.01
3577566872123226,jcb,Won,KPW,$5.26,$4913966.77
201626677566076,diners-club-enroute,Krone,NOK,$1.35,$9446114.57
3554781669843475,jcb,Rupiah,IDR,$9.99,$3037511.21
3581852889084211,jcb,Real,BRL,$9.57,$6592871.99
3563207557783788,jcb,Tugrik,MNT,$6.99,$5472663.12
4041596775623960,visa,Yen,JPY,$1.86,$2799581.39
30345607192906,diners-club-carte-blanche,Franc,XAF,$4.18,$6449056.14
3530860260734504,jcb,Koruna,CZK,$2.86,$402403.25
3543992874819010,jcb,Yen,JPY,$8.90,$7474375.00
6304568937655236245,laser,Kyat,MMK,$1.99,$4118214.49
3551870112148526,jcb,Yuan Renminbi,CNY,$7.31,$2419887.61
3584446142169781,jcb,Franc,XOF,$4.06,$1616600.16
3565889400868797,jcb,Rupiah,IDR,$0.46,$8119594.12
633110485215103589,switch,Yuan Renminbi,CNY,$9.22,$3125356.66
3546472485479006,jcb,Tenge,KZT,$8.10,$6420061.43
5602224795942180533,china-unionpay,Peso,PHP,$8.10,$4179234.33
4017959528639,visa,Rial,IRR,$5.36,$5462832.56
374283060175874,americanexpress,Rupiah,IDR,$0.37,$3419482.66
3543264432494946,jcb,Shilling,SOS,$7.02,$3641265.69
3573624926869619,jcb,Ruble,RUB,$5.44,$5590375.03
5100149168174582,mastercard,Real,BRL,$9.79,$6142850.39
3538385339031064,jcb,Cedi,GHS,$1.10,$1808456.75
30394679350539,diners-club-carte-blanche,Euro,EUR,$9.47,$9476828.10
372062245612247,americanexpress,Euro,EUR,$4.09,$6578786.65
30159936208261,diners-club-carte-blanche,Baht,THB,$8.85,$2166502.74
3566445115438423,jcb,Ruble,BYR,$2.13,$8140889.40
3532445385043383,jcb,Rupiah,IDR,$0.47,$4514640.99
560221240946866611,china-unionpay,Ruble,RUB,$3.44,$1509568.16
3568507227374917,jcb,Euro,EUR,$5.48,$620972.76
5048376345635665,mastercard,Dollar,USD,$7.88,$8625749.91
5602210469827857,china-unionpay,Dollar,NZD,$2.14,$6614059.38
3564327777255323,jcb,Real,BRL,$6.73,$6526538.75
5108759981982482,mastercard,Rupiah,IDR,$7.26,$9200213.74
4017950266216919,visa,Peso,PHP,$3.30,$1179348.84
3578628277599860,jcb,Euro,EUR,$6.46,$4564275.63
5893583746573606668,maestro,Euro,EUR,$9.90,$356406.52
5119351795077902,mastercard,Rupiah,IDR,$4.68,$4248863.99
3539170942032579,jcb,Koruna,CZK,$7.31,$6508650.95
374288019107704,americanexpress,Tenge,KZT,$9.11,$3811660.57
676264565184050490,maestro,Yuan Renminbi,CNY,$8.60,$794525.12
5150184716586598,mastercard,Rupiah,IDR,$2.20,$2917081.80
5599394499032996,mastercard,Yuan Renminbi,CNY,$9.67,$1093070.68
5602259686250971,bankcard,Hryvnia,UAH,$7.29,$4842319.92
675981560405073565,switch,Naira,NGN,$6.37,$6490977.60
63045013932774233,maestro,Ruble,RUB,$9.18,$3440985.30
3553190706325689,jcb,Lek,ALL,$5.18,$4376803.45
56022524058960431,china-unionpay,Yuan Renminbi,CNY,$0.31,$5283625.77
3587812054160117,jcb,Rupiah,IDR,$2.81,$860384.62
3588259571435185,jcb,Yuan Renminbi,CNY,$6.98,$539922.09
3550768371048554,jcb,Franc,DJF,$0.67,$8105015.18
3570535895946076,jcb,Naira,NGN,$1.50,$7776864.77
36628627406354,diners-club-international,Yuan Renminbi,CNY,$6.58,$6565592.98
3551444912723175,jcb,Peso,PHP,$3.50,$8400632.82
3570320986627335,jcb,Krona,SEK,$8.00,$3014257.08
4917742257914730,visa-electron,Rupiah,IDR,$0.65,$3256338.95
201890592871991,diners-club-enroute,Rupiah,IDR,$0.98,$2884450.55
201516521317620,diners-club-enroute,Sol,PEN,$7.50,$7522638.61
3561250847449747,jcb,Rupiah,IDR,$1.11,$3805471.48
3572495898699024,jcb,Euro,EUR,$2.28,$2572974.86
4026323050006244,visa-electron,Yuan Renminbi,CNY,$4.82,$8054586.41
4913928660638230,visa-electron,Euro,EUR,$7.04,$356165.57
5470691127910434,diners-club-us-ca,Rupiah,IDR,$2.55,$154928.55
6771276227819265,laser,Rupiah,IDR,$3.75,$9770868.23
3589090580164378,jcb,Manat,AZN,$3.13,$8698288.99
3542920951212552,jcb,Yuan Renminbi,CNY,$5.48,$9420636.54
3585452838966687,jcb,Dirham,MAD,$7.92,$2255035.57
3530642298454416,jcb,Yuan Renminbi,CNY,$6.98,$3900602.57
3576262163836210,jcb,Yuan Renminbi,CNY,$6.75,$3211687.79
3576431199243416,jcb,Yuan Renminbi,CNY,$1.41,$4750579.98
5100147826341833,mastercard,Yen,JPY,$8.74,$2502763.78
5187808675798086,mastercard,Ringgit,MYR,$3.72,$1237347.91
677164154049602032,laser,Tenge,KZT,$3.96,$1106562.61
5010127059055283,mastercard,Real,BRL,$8.81,$3927196.36
5893013937156422,maestro,Birr,ETB,$5.94,$8342657.54
4844868444137675,visa-electron,Dong,VND,$0.73,$3999140.57
3560958407279582,jcb,Koruna,CZK,$3.84,$7332651.40
3577623351951088,jcb,Rupiah,IDR,$2.81,$4261858.90
374622557181467,americanexpress,Rupiah,IDR,$5.08,$4858363.73
5602220752832613,bankcard,Dollar,USD,$9.23,$4987229.23
6396422966910916,instapayment,Koruna,CZK,$1.76,$7958729.15
5007669622012361,mastercard,Yuan Renminbi,CNY,$4.04,$2900164.73
5581125182153438,diners-club-us-ca,Shekel,ILS,$7.03,$4768558.86
3546585790620830,jcb,Yuan Renminbi,CNY,$1.08,$5260637.61
3588835488542021,jcb,Yuan Renminbi,CNY,$7.14,$7047354.97
4167086377281548,visa,Peso,ARS,$9.75,$3970641.33
4175000390903244,visa-electron,Yuan Renminbi,CNY,$4.39,$4765679.17
337941395961021,americanexpress,Peso,MXN,$1.68,$9291642.20
3589644950765998,jcb,Baht,THB,$5.54,$9477058.01
30141684662923,diners-club-carte-blanche,Rupiah,IDR,$2.18,$2908425.27
4903050531917449401,switch,Marka,BAM,$8.25,$9682834.12
3553770856720472,jcb,Dinar,RSD,$2.52,$6433844.15
501809257138999764,maestro,Rupiah,IDR,$0.18,$7150351.71
3588125255013509,jcb,Rupiah,IDR,$3.20,$4154307.35
5610686304998393,china-unionpay,Dollar,NZD,$5.98,$3476173.89
490598733553994325,switch,Peso,ARS,$8.76,$9276807.84
3544562886944558,jcb,Real,BRL,$3.38,$9087945.44
3531901920381044,jcb,Yuan Renminbi,CNY,$1.54,$9981105.97
3578172048057544,jcb,Sol,PEN,$0.16,$7205922.51
675908741275108471,switch,Yuan Renminbi,CNY,$3.70,$3400986.96
4913962317639499,visa-electron,Zloty,PLN,$7.85,$2212042.70
36862405124703,diners-club-international,Euro,EUR,$7.78,$5558020.43
201984730433663,diners-club-enroute,Yuan Renminbi,CNY,$9.95,$1877511.32
3574460868836640,jcb,Yuan Renminbi,CNY,$5.01,$2138536.72
3558997722600639,jcb,Leone,SLL,$5.55,$4779858.22
201451014916052,diners-club-enroute,Shilling,KES,$0.16,$3521485.03
3528500058938669,jcb,Peso,PHP,$2.03,$2917934.72
3532999536678307,jcb,Rupiah,IDR,$9.98,$4607455.02
344901488553987,americanexpress,Yuan Renminbi,CNY,$7.91,$6605057.44
3541178289261343,jcb,Euro,EUR,$1.99,$7847577.94
3529896402708231,jcb,Ruble,RUB,$5.99,$8973813.03
374622393684898,americanexpress,Rupiah,IDR,$9.29,$354204.02
3583289400212377,jcb,Rupiah,IDR,$9.99,$76678.83
377801841619626,americanexpress,Lempira,HNL,$3.16,$8358167.81
50189979797255554,maestro,Peso,PHP,$7.19,$2717429.67
633337623654352781,switch,Ruble,RUB,$6.25,$4909876.80
3588840439511836,jcb,Euro,EUR,$4.17,$5037847.54
6759058440599023,switch,Yuan Renminbi,CNY,$1.30,$799862.67
3579094955223712,jcb,Yuan Renminbi,CNY,$5.54,$4421458.04
5100174134420182,mastercard,Rupee,PKR,$2.03,$6145570.02
201464125154901,diners-club-enroute,Euro,EUR,$4.07,$7720020.78
5010123029829642,mastercard,Kuna,HRK,$1.91,$2974305.37
4936590711815163398,switch,Krona,SEK,$2.39,$458188.85
337941072253734,americanexpress,Balboa,PAB,$0.34,$2073839.29
5020753100559688130,maestro,Yuan Renminbi,CNY,$7.29,$2144228.13
3580172691887227,jcb,Peso,PHP,$0.25,$8280148.41
5509218661883291,mastercard,Yuan Renminbi,CNY,$2.77,$7956508.26
337941733599772,americanexpress,Dollar,ZWL,$3.01,$1670004.06
58931045589452835,maestro,Rupiah,IDR,$8.60,$3718092.26
5007662689466042,mastercard,Rupiah,IDR,$3.24,$4445466.98
374112777428039,americanexpress,Somoni,TJS,$6.01,$6274213.85
3580349514392367,jcb,Real,BRL,$1.06,$3848354.98
3577266566808592,jcb,Krone,NOK,$7.05,$4317286.26
5602224177475651,bankcard,Yuan Renminbi,CNY,$8.98,$5046444.63
5415108687038611,mastercard,Krona,SEK,$8.08,$6931668.38
5100133935127719,mastercard,Koruna,CZK,$9.23,$3132437.57
4041379436879937,visa,Rupiah,IDR,$2.78,$9036712.34
30419733495077,diners-club-carte-blanche,Yuan Renminbi,CNY,$6.56,$6733220.09
5602215710991477,bankcard,Yen,JPY,$4.39,$9889856.59
4914739911326288,visa,Yuan Renminbi,CNY,$1.75,$9000506.44
3531122289269502,jcb,Ruble,RUB,$6.51,$708317.31
30590511271904,diners-club-carte-blanche,Krone,NOK,$2.01,$1623321.33
4017954505921867,visa,Yuan Renminbi,CNY,$3.30,$4169471.24
4903139029111974,switch,Euro,EUR,$5.56,$2412413.92
3556270555885004,jcb,Franc,XOF,$6.66,$7828797.11
5243796745241975,mastercard,Ruble,RUB,$9.61,$5979371.40
3584200479016390,jcb,Yuan Renminbi,CNY,$6.22,$1916009.81
560223302028654188,china-unionpay,Rupiah,IDR,$4.44,$7833950.08
3569684976073278,jcb,Yuan Renminbi,CNY,$4.78,$7928574.44
5100130997366540,mastercard,Peso,ARS,$7.56,$4538140.54
4405966127889736,visa-electron,Sol,PEN,$1.46,$4181103.71
3564454461777535,jcb,Euro,EUR,$5.58,$157162.14
5602227300006160,china-unionpay,Rupiah,IDR,$3.82,$9176937.39
3533475179273630,jcb,Yuan Renminbi,CNY,$7.18,$1563444.86
348175922383873,americanexpress,Kuna,HRK,$1.40,$5463757.04
67591107047425308,maestro,Zloty,PLN,$3.57,$2212701.94
63040695079614506,laser,Dollar,USD,$6.78,$756745.68
5610892885656672454,china-unionpay,Yuan Renminbi,CNY,$0.80,$5898687.31
4405633818139447,visa-electron,Euro,EUR,$4.80,$8170473.13
3577341466055535,jcb,Yuan Renminbi,CNY,$5.42,$1934096.75
6334037335812706988,solo,Yuan Renminbi,CNY,$2.08,$9754259.49
6334191469970133503,solo,Rupiah,IDR,$6.10,$601310.68
4232061276472499,visa,Rupiah,IDR,$4.40,$26394.04
6759448819598806477,switch,Dollar,USD,$4.30,$2911968.62
6706524487476361,laser,Zloty,PLN,$4.94,$9553282.04
201536357324938,diners-club-enroute,Hryvnia,UAH,$9.43,$2875687.54
30129878448076,diners-club-carte-blanche,Peso,PHP,$6.88,$3949394.19
30522002393616,diners-club-carte-blanche,Euro,EUR,$1.69,$9052330.64
5122280328431408,mastercard,Ruble,RUB,$0.51,$2398461.03
3565080162524162,jcb,Dollar,USD,$6.60,$1147554.91
3530872208382965,jcb,Dong,VND,$9.61,$9395810.71
3555688199137279,jcb,Krona,SEK,$2.95,$5737329.71
30080679609756,diners-club-carte-blanche,Rupiah,IDR,$7.42,$1344041.56
58939011905322120,maestro,Rupiah,IDR,$9.28,$504631.52
3534288108575671,jcb,Zloty,PLN,$9.94,$6373685.86
3533050486981355,jcb,Yuan Renminbi,CNY,$7.06,$5874575.23
3546544953196401,jcb,Yuan Renminbi,CNY,$9.47,$6700921.94
3536736322221488,jcb,Franc,XOF,$1.88,$105570.13
490577569796028603,switch,Franc,XOF,$1.29,$4459483.85
4903729674928233660,switch,Yuan Renminbi,CNY,$2.25,$853724.77
36213636321454,diners-club-international,Marka,BAM,$2.00,$4827747.87
5485981305494563,mastercard,Krone,DKK,$1.23,$4433783.31
5602238607510747,bankcard,Zloty,PLN,$3.96,$7798968.30
5289667165631075,mastercard,Real,BRL,$1.55,$634560.26
58936073056321262,maestro,Ringgit,MYR,$3.11,$5737672.07
5108750963900048,mastercard,Rupiah,IDR,$2.11,$294321.10
3539413079020037,jcb,Naira,NGN,$7.67,$4850948.15
3539082518450491,jcb,Euro,EUR,$4.87,$1361811.27
6374309925145260,instapayment,Won,KRW,$6.88,$6740483.31
3552765434183756,jcb,Yuan Renminbi,CNY,$2.45,$7212450.73
30599988791781,diners-club-carte-blanche,Rupiah,IDR,$3.00,$6004249.51
371382063762283,americanexpress,Dollar,USD,$7.22,$4062890.90
5578670592287263,mastercard,Peso,PHP,$5.91,$7031838.34
4026496241303025,visa-electron,Euro,EUR,$7.01,$2881706.02
5602248909562387,bankcard,Ruble,RUB,$7.73,$8780082.95
4041597741727422,visa,Dinar,JOD,$6.52,$4133729.56
3559835894295367,jcb,Peso,ARS,$9.13,$1216272.17
3537747421170103,jcb,Naira,NGN,$7.07,$490153.58
201528234661962,diners-club-enroute,Kyat,MMK,$4.82,$8279975.91
201975230792087,diners-club-enroute,Dong,VND,$5.43,$9426175.74
201678517935854,diners-club-enroute,Rupiah,IDR,$6.27,$6820648.41
4508546462093858,visa-electron,Sol,PEN,$9.49,$5647461.82
5493707608631860,diners-club-us-ca,Rupiah,IDR,$5.55,$983943.06
3566174655379371,jcb,Rupiah,IDR,$0.25,$4475335.80
3530374278530755,jcb,Franc,KMF,$3.92,$2762541.06
3568816481990254,jcb,Rupiah,IDR,$4.03,$6709476.01
3563981804959454,jcb,Ruble,RUB,$0.64,$300974.67
3547493394016522,jcb,Peso,PHP,$7.46,$9910098.41
3536960900872138,jcb,Rupee,LKR,$8.20,$7351187.22
5007663762436944,mastercard,Dollar,USD,$4.17,$6851900.45
3567936660515085,jcb,Rial,IRR,$2.73,$5338852.86
3531617767692968,jcb,Rupiah,IDR,$4.69,$7923131.13
337941768940206,americanexpress,Euro,EUR,$8.52,$5934556.95
5007669583746585,mastercard,Dollar,USD,$4.98,$9524005.39
5562822477194639,diners-club-us-ca,Lek,ALL,$6.41,$1726815.24
3567901267157293,jcb,Rupiah,IDR,$8.48,$5219605.35
371150325538290,americanexpress,Lek,ALL,$9.42,$3886674.51
5020736243632720,maestro,Koruna,CZK,$3.68,$5886298.38
3575063943374527,jcb,Yuan Renminbi,CNY,$7.93,$7721563.31
67095141283230271,laser,Rupiah,IDR,$2.47,$7183948.17
5602216516482125,bankcard,Peso,COP,$9.36,$2655918.69
67622274425006796,maestro,Rupiah,IDR,$9.08,$2822106.16
4911853236017441884,switch,Peso,COP,$7.85,$6684710.42
5602248934459278,bankcard,Rupiah,IDR,$3.19,$2516651.99
3548210886179207,jcb,Koruna,CZK,$8.41,$2571301.16
6761256934619804,maestro,Yuan Renminbi,CNY,$7.98,$6323177.01
3536254523033231,jcb,Won,KRW,$8.00,$4760748.31
30249106028563,diners-club-carte-blanche,Yuan Renminbi,CNY,$5.06,$1542044.30
3541835463181601,jcb,Dollar,CAD,$5.92,$7016358.96
3531327060008934,jcb,Yuan Renminbi,CNY,$3.04,$221980.53
3574537870326908,jcb,Bolivar,VEF,$5.09,$3866320.29
675964065984143988,switch,Franc,XAF,$1.25,$4857279.73
30009276350563,diners-club-carte-blanche,Euro,EUR,$0.09,$6370117.74
342961430444117,americanexpress,Baht,THB,$3.65,$730844.22
3529615709996079,jcb,Dong,VND,$8.16,$9202788.48
3532874748479085,jcb,Franc,CDF,$1.49,$8223059.04
3534033185998812,jcb,Dollar,CAD,$4.40,$1745367.68
6706145145709332758,laser,Peso,PHP,$0.96,$4685965.15
3539243797294139,jcb,Peso,COP,$9.41,$8010085.60
201744550611495,diners-club-enroute,Peso,ARS,$9.47,$224688.25
3582186124422814,jcb,Zloty,PLN,$7.51,$1527.84
3533912141324893,jcb,Peso,PHP,$5.50,$2824537.82
560224755699113066,china-unionpay,Krone,NOK,$5.19,$8140652.78
3571693857665553,jcb,Yuan Renminbi,CNY,$6.28,$2142511.55
5414017672640979,mastercard,Real,BRL,$5.78,$1763168.72
