Timestamp,OAT (F),Power (kW)
1/1/2010 1:15,51,165.1
1/1/2010 1:30,51,151.6
1/1/2010 1:45,51,146.9
1/1/2010 2:00,51,153.7
1/1/2010 2:15,51,153.8
1/1/2010 2:30,51,159
1/1/2010 2:45,51,157.7
1/1/2010 3:00,51,163.2
1/1/2010 3:15,50,151.7
1/1/2010 3:30,50,148.7
1/1/2010 3:45,50,155.1
1/1/2010 4:00,50,161.5
1/1/2010 4:15,50,161.5
1/1/2010 4:30,50,162
1/1/2010 4:45,50,166
1/1/2010 5:00,50,159
1/1/2010 5:15,50,158.6
1/1/2010 5:30,50,152.1
1/1/2010 5:45,50,162
1/1/2010 6:00,50,164.4
1/1/2010 6:15,49,163.6
1/1/2010 6:30,49,168.8
1/1/2010 6:45,49,163.7
1/1/2010 7:00,49,156.2
1/1/2010 7:15,50,168.4
1/1/2010 7:30,50,165.1
1/1/2010 7:45,50,172.5
1/1/2010 8:00,50,177.3
1/1/2010 8:15,50,266.2
1/1/2010 8:30,50,255.6
1/1/2010 8:45,50,257.3
1/1/2010 9:00,50,255
1/1/2010 9:15,51,267.3
1/1/2010 9:30,51,260.8
1/1/2010 9:45,51,260.4
1/1/2010 10:00,51,258.2
1/1/2010 10:15,53,258.4
1/1/2010 10:30,53,259.4
1/1/2010 10:45,53,261.9
1/1/2010 11:00,53,264.1
1/1/2010 11:15,56,274.2
1/1/2010 11:30,56,267.1
1/1/2010 11:45,56,271.1
1/1/2010 12:00,56,275.7
1/1/2010 12:15,57,268.4
1/1/2010 12:30,57,272.3
1/1/2010 12:45,57,269.2
1/1/2010 13:00,57,274.1
1/1/2010 13:15,56,279.2
1/1/2010 13:30,56,276.1
1/1/2010 13:45,56,275.5
1/1/2010 14:00,56,277.9
1/1/2010 14:15,59,277.1
1/1/2010 14:30,59,282.1
1/1/2010 14:45,59,277.4
1/1/2010 15:00,59,275.6
1/1/2010 15:15,62,275.8
1/1/2010 15:30,62,278.4
1/1/2010 15:45,62,278.8
1/1/2010 16:00,62,274.2
1/1/2010 16:15,61,281.4
1/1/2010 16:30,61,281.8
1/1/2010 16:45,61,277.4
1/1/2010 17:00,61,297.6
1/1/2010 17:15,60,324.1
1/1/2010 17:30,60,316.5
1/1/2010 17:45,60,317.4
1/1/2010 18:00,60,318.3
1/1/2010 18:15,58,313
1/1/2010 18:30,58,333.4
1/1/2010 18:45,58,348.3
1/1/2010 19:00,58,311.2
1/1/2010 19:15,58,343.5
1/1/2010 19:30,58,349.6
1/1/2010 19:45,58,311.6
1/1/2010 20:00,58,329.3
1/1/2010 20:15,56,347.1
1/1/2010 20:30,56,310
1/1/2010 20:45,56,331.6
1/1/2010 21:00,56,313.7
1/1/2010 21:15,56,288.9
1/1/2010 21:30,56,327.4
1/1/2010 21:45,56,299.1
1/1/2010 22:00,56,288
1/1/2010 22:15,55,314.1
1/1/2010 22:30,55,308.8
1/1/2010 22:45,55,286.8
1/1/2010 23:00,55,288.2
1/1/2010 23:15,56,199.1
1/1/2010 23:30,56,197
1/1/2010 23:45,56,165.2
1/2/2010 0:00,56,163.1
1/2/2010 0:15,51,154.4
1/2/2010 0:30,51,152.2
1/2/2010 0:45,51,158.7
1/2/2010 1:00,51,163.8
1/2/2010 1:15,50,158.7
1/2/2010 1:30,50,152.3
1/2/2010 1:45,50,155.2
1/2/2010 2:00,50,155.9
1/2/2010 2:15,50,152.1
1/2/2010 2:30,50,154.1
1/2/2010 2:45,50,155.9
1/2/2010 3:00,50,156.8
1/2/2010 3:15,49,153.9
1/2/2010 3:30,49,152.2
1/2/2010 3:45,49,165.6
1/2/2010 4:00,49,168.8
1/2/2010 4:15,48,160.5
1/2/2010 4:30,48,160.6
1/2/2010 4:45,48,161.1
1/2/2010 5:00,48,160.7
1/2/2010 5:15,50,157
1/2/2010 5:30,50,161.7
1/2/2010 5:45,50,158.4
1/2/2010 6:00,50,165.8
1/2/2010 6:15,51,166.4
1/2/2010 6:30,51,168
1/2/2010 6:45,51,159.5
1/2/2010 7:00,51,164.2
1/2/2010 7:15,50,170.3
1/2/2010 7:30,50,178.8
1/2/2010 7:45,50,181.5
1/2/2010 8:00,50,182.4
1/2/2010 8:15,52,270.9
1/2/2010 8:30,52,269.4
1/2/2010 8:45,52,273.1
1/2/2010 9:00,52,268.3
1/2/2010 9:15,53,277.7
1/2/2010 9:30,53,269.8
1/2/2010 9:45,53,268
1/2/2010 10:00,53,258.3
1/2/2010 10:15,54,260.7
1/2/2010 10:30,54,257.2
1/2/2010 10:45,54,256.3
1/2/2010 11:00,54,255
1/2/2010 11:15,56,270.9
1/2/2010 11:30,56,269.6
1/2/2010 11:45,56,307.6
1/2/2010 12:00,56,283.5
1/2/2010 12:15,57,266.1
1/2/2010 12:30,57,295.9
1/2/2010 12:45,57,278.5
1/2/2010 13:00,57,269.5
1/2/2010 13:15,56,297.5
1/2/2010 13:30,56,294.4
1/2/2010 13:45,56,300.7
1/2/2010 14:00,56,287.5
1/2/2010 14:15,56,288.4
1/2/2010 14:30,56,288.4
1/2/2010 14:45,56,283.9
1/2/2010 15:00,56,310.4
1/2/2010 15:15,56,285.3
1/2/2010 15:30,56,288.9
1/2/2010 15:45,56,277.1
1/2/2010 16:00,56,280.3
1/2/2010 16:15,56,271.8
1/2/2010 16:30,56,301.8
1/2/2010 16:45,56,282.2
1/2/2010 17:00,56,285
1/2/2010 17:15,54,326.2
1/2/2010 17:30,54,311.7
1/2/2010 17:45,54,313.4
1/2/2010 18:00,54,305
1/2/2010 18:15,55,300.7
1/2/2010 18:30,55,303.2
1/2/2010 18:45,55,299.8
1/2/2010 19:00,55,307.7
1/2/2010 19:15,54,315.8
1/2/2010 19:30,54,304.1
1/2/2010 19:45,54,305.6
1/2/2010 20:00,54,290.9
1/2/2010 20:15,53,289.4
1/2/2010 20:30,53,285.2
1/2/2010 20:45,53,276.6
1/2/2010 21:00,53,282
1/2/2010 21:15,49,291.6
1/2/2010 21:30,49,286.9
1/2/2010 21:45,49,290.1
1/2/2010 22:00,49,285.1
1/2/2010 22:15,48,285.7
1/2/2010 22:30,48,286.6
1/2/2010 22:45,48,281.9
1/2/2010 23:00,48,281.3
1/2/2010 23:15,48,190.3
1/2/2010 23:30,48,194.8
1/2/2010 23:45,48,163.7
1/3/2010 0:00,48,159.3
1/3/2010 0:15,46,158.4
1/3/2010 0:30,46,152.9
1/3/2010 0:45,46,159.6
1/3/2010 1:00,46,161.6
1/3/2010 1:15,45,159.9
1/3/2010 1:30,45,149.8
1/3/2010 1:45,45,148.7
1/3/2010 2:00,45,153.2
1/3/2010 2:15,44,150.6
1/3/2010 2:30,44,151.6
1/3/2010 2:45,44,160.6
1/3/2010 3:00,44,165.7
1/3/2010 3:15,43,154.9
1/3/2010 3:30,43,149
1/3/2010 3:45,43,163.5
1/3/2010 4:00,43,161.2
1/3/2010 4:15,42,158.6
1/3/2010 4:30,42,154.9
1/3/2010 4:45,42,162
1/3/2010 5:00,42,162.7
1/3/2010 5:15,41,160.3
1/3/2010 5:30,41,162.3
1/3/2010 5:45,41,168.3
1/3/2010 6:00,41,165.3
1/3/2010 6:15,41,166.8
1/3/2010 6:30,41,166.7
1/3/2010 6:45,41,172.6
1/3/2010 7:00,41,171.1
1/3/2010 7:15,39,175.5
1/3/2010 7:30,39,185.4
1/3/2010 7:45,39,188.8
1/3/2010 8:00,39,186.6
1/3/2010 8:15,39,267
1/3/2010 8:30,39,267.3
1/3/2010 8:45,39,262.6
1/3/2010 9:00,39,258.2
1/3/2010 9:15,43,262
1/3/2010 9:30,43,259.4
1/3/2010 9:45,43,256.6
1/3/2010 10:00,43,258.2
1/3/2010 10:15,46,262.8
1/3/2010 10:30,46,264.7
1/3/2010 10:45,46,262.9
1/3/2010 11:00,46,263.8
1/3/2010 11:15,53,270.7
1/3/2010 11:30,53,264.2
1/3/2010 11:45,53,269.3
1/3/2010 12:00,53,265.9
1/3/2010 12:15,53,265.7
1/3/2010 12:30,53,261.7
1/3/2010 12:45,53,270.9
1/3/2010 13:00,53,280
1/3/2010 13:15,56,281
1/3/2010 13:30,56,278.9
1/3/2010 13:45,56,276.5
1/3/2010 14:00,56,276
1/3/2010 14:15,57,273.1
1/3/2010 14:30,57,270.2
1/3/2010 14:45,57,276.3
1/3/2010 15:00,57,265
1/3/2010 15:15,58,266.2
1/3/2010 15:30,58,267.3
1/3/2010 15:45,58,275.4
1/3/2010 16:00,58,273
1/3/2010 16:15,57,273
1/3/2010 16:30,57,272.5
1/3/2010 16:45,57,266.3
1/3/2010 17:00,57,284
1/3/2010 17:15,53,315
1/3/2010 17:30,53,313.9
1/3/2010 17:45,53,314.4
1/3/2010 18:00,53,312.9
1/3/2010 18:15,51,310
1/3/2010 18:30,51,310.1
1/3/2010 18:45,51,310.1
1/3/2010 19:00,51,317.6
1/3/2010 19:15,51,312.9
1/3/2010 19:30,51,308
1/3/2010 19:45,51,306.9
1/3/2010 20:00,51,305.5
1/3/2010 20:15,49,297.2
1/3/2010 20:30,49,293.6
1/3/2010 20:45,49,300
1/3/2010 21:00,49,292.8
1/3/2010 21:15,48,288.1
1/3/2010 21:30,48,285.8
1/3/2010 21:45,48,286.9
1/3/2010 22:00,48,283.8
1/3/2010 22:15,48,193.6
1/3/2010 22:30,48,191.7
1/3/2010 22:45,48,158.9
1/3/2010 23:00,48,169.1
1/3/2010 23:15,48,161.4
1/3/2010 23:30,48,166.9
1/3/2010 23:45,48,165
1/4/2010 0:00,48,164.1
1/4/2010 0:15,47,168.5
1/4/2010 0:30,47,155.4
1/4/2010 0:45,47,166.7
1/4/2010 1:00,47,161.3
1/4/2010 1:15,47,163.1
1/4/2010 1:30,47,152.5
1/4/2010 1:45,47,147
1/4/2010 2:00,47,154.6
1/4/2010 2:15,46,161
1/4/2010 2:30,46,158.9
1/4/2010 2:45,46,159.3
1/4/2010 3:00,46,165.4
1/4/2010 3:15,44,160.9
1/4/2010 3:30,44,151.5
1/4/2010 3:45,44,157.2
1/4/2010 4:00,44,166.1
1/4/2010 4:15,44,161.9
1/4/2010 4:30,44,161.4
1/4/2010 4:45,44,167.9
1/4/2010 5:00,44,162.2
1/4/2010 5:15,44,166.7
1/4/2010 5:30,44,163.5
1/4/2010 5:45,44,164
1/4/2010 6:00,44,170.2
1/4/2010 6:15,45,166.3
1/4/2010 6:30,45,177.2
1/4/2010 6:45,45,174.5
1/4/2010 7:00,45,168.1
1/4/2010 7:15,45,189.4
1/4/2010 7:30,45,188.9
1/4/2010 7:45,45,176.8
1/4/2010 8:00,45,181.7
1/4/2010 8:15,44,268
1/4/2010 8:30,44,261.1
1/4/2010 8:45,44,258.5
1/4/2010 9:00,44,261.7
1/4/2010 9:15,46,264.2
1/4/2010 9:30,46,258.3
1/4/2010 9:45,46,266.4
1/4/2010 10:00,46,267.4
1/4/2010 10:15,47,265.7
1/4/2010 10:30,47,265.2
1/4/2010 10:45,47,264.2
1/4/2010 11:00,47,266.3
1/4/2010 11:15,47,262.8
1/4/2010 11:30,47,262.4
1/4/2010 11:45,47,265.5
1/4/2010 12:00,47,270.7
1/4/2010 12:15,50,261.6
1/4/2010 12:30,50,272.9
1/4/2010 12:45,50,275.8
1/4/2010 13:00,50,271
1/4/2010 13:15,52,276.3
1/4/2010 13:30,52,274
1/4/2010 13:45,52,276.1
1/4/2010 14:00,52,278.1
1/4/2010 14:15,54,274.5
1/4/2010 14:30,54,276.6
1/4/2010 14:45,54,271.6
1/4/2010 15:00,54,271.9
1/4/2010 15:15,56,272.8
1/4/2010 15:30,56,271
1/4/2010 15:45,56,271.9
1/4/2010 16:00,56,277.7
1/4/2010 16:15,57,267.8
1/4/2010 16:30,57,266.1
1/4/2010 16:45,57,269.5
1/4/2010 17:00,57,279.1
1/4/2010 17:15,54,312.1
1/4/2010 17:30,54,314.1
1/4/2010 17:45,54,309.7
1/4/2010 18:00,54,310.2
1/4/2010 18:15,51,302.1
1/4/2010 18:30,51,301.4
1/4/2010 18:45,51,304.5
1/4/2010 19:00,51,305.6
1/4/2010 19:15,49,312.9
1/4/2010 19:30,49,306
1/4/2010 19:45,49,308.3
1/4/2010 20:00,49,305.1
1/4/2010 20:15,49,296.7
1/4/2010 20:30,49,299.9
1/4/2010 20:45,49,298.2
1/4/2010 21:00,49,300.2
1/4/2010 21:15,48,300.4
1/4/2010 21:30,48,283.8
1/4/2010 21:45,48,277.6
1/4/2010 22:00,48,286.2
1/4/2010 22:15,47,288.7
1/4/2010 22:30,47,293.2
1/4/2010 22:45,47,288.2
1/4/2010 23:00,47,286.5
1/4/2010 23:15,44,191.9
1/4/2010 23:30,44,198.2
1/4/2010 23:45,44,170.3
1/5/2010 0:00,44,162.5
1/5/2010 0:15,44,160.2
1/5/2010 0:30,44,146.1
1/5/2010 0:45,44,159.8
1/5/2010 1:00,44,165.4
1/5/2010 1:15,43,154.7
1/5/2010 1:30,43,156.3
1/5/2010 1:45,43,154.1
1/5/2010 2:00,43,160.8
1/5/2010 2:15,42,157
1/5/2010 2:30,42,155.9
1/5/2010 2:45,42,161.3
1/5/2010 3:00,42,161
1/5/2010 3:15,42,153.8
1/5/2010 3:30,42,143.3
1/5/2010 3:45,42,154.8
1/5/2010 4:00,42,163.6
1/5/2010 4:15,41,161.8
1/5/2010 4:30,41,160.7
1/5/2010 4:45,41,160.6
1/5/2010 5:00,41,157.2
1/5/2010 5:15,40,154.1
1/5/2010 5:30,40,162.3
1/5/2010 5:45,40,161.4
1/5/2010 6:00,40,156.6
1/5/2010 6:15,41,161.7
1/5/2010 6:30,41,164.4
1/5/2010 6:45,41,178.8
1/5/2010 7:00,41,184.2
1/5/2010 7:15,42,178.9
1/5/2010 7:30,42,184.6
1/5/2010 7:45,42,174.9
1/5/2010 8:00,42,180.3
1/5/2010 8:15,44,272.6
1/5/2010 8:30,44,263.5
1/5/2010 8:45,44,257.3
1/5/2010 9:00,44,262.8
1/5/2010 9:15,48,269.4
1/5/2010 9:30,48,266.7
1/5/2010 9:45,48,262.9
1/5/2010 10:00,48,265.7
1/5/2010 10:15,50,263.7
1/5/2010 10:30,50,269.7
1/5/2010 10:45,50,265.9
1/5/2010 11:00,50,274.2
1/5/2010 11:15,51,273.6
1/5/2010 11:30,51,268.6
1/5/2010 11:45,51,268.4
1/5/2010 12:00,51,265.5
1/5/2010 12:15,53,269.2
1/5/2010 12:30,53,271.1
1/5/2010 12:45,53,273.5
1/5/2010 13:00,53,277.8
1/5/2010 13:15,57,270.9
1/5/2010 13:30,57,273
1/5/2010 13:45,57,269.8
1/5/2010 14:00,57,274.5
1/5/2010 14:15,58,267.4
1/5/2010 14:30,58,273.3
1/5/2010 14:45,58,264.5
1/5/2010 15:00,58,265.5
1/5/2010 15:15,56,267.1
1/5/2010 15:30,56,272.7
1/5/2010 15:45,56,268.4
1/5/2010 16:00,56,271
1/5/2010 16:15,58,268.6
1/5/2010 16:30,58,266.1
1/5/2010 16:45,58,270.9
1/5/2010 17:00,58,279.3
1/5/2010 17:15,52,312.1
1/5/2010 17:30,52,308.1
1/5/2010 17:45,52,305.1
1/5/2010 18:00,52,302.3
1/5/2010 18:15,51,305
1/5/2010 18:30,51,305.9
1/5/2010 18:45,51,298.4
1/5/2010 19:00,51,304
1/5/2010 19:15,51,309.3
1/5/2010 19:30,51,302.2
1/5/2010 19:45,51,302.2
1/5/2010 20:00,51,311.6
1/5/2010 20:15,51,308.7
1/5/2010 20:30,51,305.6
1/5/2010 20:45,51,303.5
1/5/2010 21:00,51,303
1/5/2010 21:15,50,300.4
1/5/2010 21:30,50,299.3
1/5/2010 21:45,50,299.8
1/5/2010 22:00,50,287.9
1/5/2010 22:15,49,288.7
1/5/2010 22:30,49,291.7
1/5/2010 22:45,49,290.3
1/5/2010 23:00,49,288.6
1/5/2010 23:15,47,193.7
1/5/2010 23:30,47,198.5
1/5/2010 23:45,47,167.3
1/6/2010 0:00,47,162.3
1/6/2010 0:15,47,160.2
1/6/2010 0:30,47,148.8
1/6/2010 0:45,47,154
1/6/2010 1:00,47,164
1/6/2010 1:15,45,168.6
1/6/2010 1:30,45,153.6
1/6/2010 1:45,45,148.7
1/6/2010 2:00,45,159.4
1/6/2010 2:15,45,151.4
1/6/2010 2:30,45,155
1/6/2010 2:45,45,154.7
1/6/2010 3:00,45,158.6
1/6/2010 3:15,44,156.2
1/6/2010 3:30,44,149.8
1/6/2010 3:45,44,155.3
1/6/2010 4:00,44,159.4
1/6/2010 4:15,42,160.1
1/6/2010 4:30,42,155.2
1/6/2010 4:45,42,161.5
1/6/2010 5:00,42,159.8
1/6/2010 5:15,43,157.4
1/6/2010 5:30,43,161.1
1/6/2010 5:45,43,162
1/6/2010 6:00,43,160
1/6/2010 6:15,43,163.4
1/6/2010 6:30,43,166.2
1/6/2010 6:45,43,170.5
1/6/2010 7:00,43,175
1/6/2010 7:15,44,184.7
1/6/2010 7:30,44,198.3
1/6/2010 7:45,44,181.2
1/6/2010 8:00,44,192.8
1/6/2010 8:15,44,274
1/6/2010 8:30,44,269.9
1/6/2010 8:45,44,258.8
1/6/2010 9:00,44,261.8
1/6/2010 9:15,47,268.8
1/6/2010 9:30,47,264.5
1/6/2010 9:45,47,268.5
1/6/2010 10:00,47,266.6
1/6/2010 10:15,50,261.6
1/6/2010 10:30,50,269.2
1/6/2010 10:45,50,256.9
1/6/2010 11:00,50,260.2
1/6/2010 11:15,52,269.4
1/6/2010 11:30,52,269.5
1/6/2010 11:45,52,267.9
1/6/2010 12:00,52,266.6
1/6/2010 12:15,53,272.3
1/6/2010 12:30,53,271.9
1/6/2010 12:45,53,265.1
1/6/2010 13:00,53,257.4
1/6/2010 13:15,56,260.7
1/6/2010 13:30,56,261
1/6/2010 13:45,56,265.4
1/6/2010 14:00,56,274.3
1/6/2010 14:15,60,273.9
1/6/2010 14:30,60,265.8
1/6/2010 14:45,60,269.7
1/6/2010 15:00,60,264.4
1/6/2010 15:15,56,271.3
1/6/2010 15:30,56,267.3
1/6/2010 15:45,56,258.4
1/6/2010 16:00,56,265.7
1/6/2010 16:15,54,272.1
1/6/2010 16:30,54,268.7
1/6/2010 16:45,54,266.7
1/6/2010 17:00,54,272.3
1/6/2010 17:15,53,308.3
1/6/2010 17:30,53,310.2
1/6/2010 17:45,53,308.3
1/6/2010 18:00,53,310.1
1/6/2010 18:15,53,309.3
1/6/2010 18:30,53,303.7
1/6/2010 18:45,53,303
1/6/2010 19:00,53,304.4
1/6/2010 19:15,50,313.9
1/6/2010 19:30,50,307.8
1/6/2010 19:45,50,310.6
1/6/2010 20:00,50,301.8
1/6/2010 20:15,50,308
1/6/2010 20:30,50,304.7
1/6/2010 20:45,50,305.8
1/6/2010 21:00,50,309.5
1/6/2010 21:15,50,305.5
1/6/2010 21:30,50,303.7
1/6/2010 21:45,50,302.5
1/6/2010 22:00,50,293.2
1/6/2010 22:15,49,284.6
1/6/2010 22:30,49,286.5
1/6/2010 22:45,49,283
1/6/2010 23:00,49,283.2
1/6/2010 23:15,48,187.2
1/6/2010 23:30,48,194.6
1/6/2010 23:45,48,156.2
1/7/2010 0:00,48,161.1
1/7/2010 0:15,46,155.5
1/7/2010 0:30,46,155
1/7/2010 0:45,46,153.2
1/7/2010 1:00,46,159.6
1/7/2010 1:15,46,164.4
1/7/2010 1:30,46,151.6
1/7/2010 1:45,46,143
1/7/2010 2:00,46,147.9
1/7/2010 2:15,44,155.2
1/7/2010 2:30,44,157.7
1/7/2010 2:45,44,152.9
1/7/2010 3:00,44,158.5
1/7/2010 3:15,44,146.4
1/7/2010 3:30,44,145.2
1/7/2010 3:45,44,156.3
1/7/2010 4:00,44,154.7
1/7/2010 4:15,44,159.3
1/7/2010 4:30,44,159.2
1/7/2010 4:45,44,160.4
1/7/2010 5:00,44,157.6
1/7/2010 5:15,43,153.8
1/7/2010 5:30,43,152.7
1/7/2010 5:45,43,158.6
1/7/2010 6:00,43,155.5
1/7/2010 6:15,43,153.8
1/7/2010 6:30,43,163.4
1/7/2010 6:45,43,168.4
1/7/2010 7:00,43,168
1/7/2010 7:15,43,184.1
1/7/2010 7:30,43,193.5
1/7/2010 7:45,43,172.9
1/7/2010 8:00,43,182.9
1/7/2010 8:15,44,275.5
1/7/2010 8:30,44,265.7
1/7/2010 8:45,44,259.1
1/7/2010 9:00,44,262.5
1/7/2010 9:15,47,265.5
1/7/2010 9:30,47,258
1/7/2010 9:45,47,261.1
1/7/2010 10:00,47,268.9
1/7/2010 10:15,49,259
1/7/2010 10:30,49,256.4
1/7/2010 10:45,49,264.4
1/7/2010 11:00,49,268.2
1/7/2010 11:15,52,275.9
1/7/2010 11:30,52,270.9
1/7/2010 11:45,52,268.6
1/7/2010 12:00,52,264.5
1/7/2010 12:15,54,263.5
1/7/2010 12:30,54,270.2
1/7/2010 12:45,54,269.6
1/7/2010 13:00,54,274.1
1/7/2010 13:15,54,274.3
1/7/2010 13:30,54,270.8
1/7/2010 13:45,54,274.5
1/7/2010 14:00,54,274.9
1/7/2010 14:15,56,273.7
1/7/2010 14:30,56,276.2
1/7/2010 14:45,56,266
1/7/2010 15:00,56,270.8
1/7/2010 15:15,54,270.8
1/7/2010 15:30,54,265.7
1/7/2010 15:45,54,270.9
1/7/2010 16:00,54,266.7
1/7/2010 16:15,52,271.3
1/7/2010 16:30,52,268.3
1/7/2010 16:45,52,267.3
1/7/2010 17:00,52,276.5
1/7/2010 17:15,53,311.1
1/7/2010 17:30,53,310.5
1/7/2010 17:45,53,313.6
1/7/2010 18:00,53,308.9
1/7/2010 18:15,51,308.5
1/7/2010 18:30,51,308.1
1/7/2010 18:45,51,304.5
1/7/2010 19:00,51,302.4
1/7/2010 19:15,50,309.7
1/7/2010 19:30,50,306.4
1/7/2010 19:45,50,303.1
1/7/2010 20:00,50,301.2
1/7/2010 20:15,50,305.8
1/7/2010 20:30,50,300.5
1/7/2010 20:45,50,298.1
1/7/2010 21:00,50,304
1/7/2010 21:15,50,302.7
1/7/2010 21:30,50,299
1/7/2010 21:45,50,301.2
1/7/2010 22:00,50,302.5
1/7/2010 22:15,49,287.9
1/7/2010 22:30,49,286.4
1/7/2010 22:45,49,284.6
1/7/2010 23:00,49,287.1
1/7/2010 23:15,47,194.4
1/7/2010 23:30,47,202
1/7/2010 23:45,47,167
1/8/2010 0:00,47,164.6
1/8/2010 0:15,46,161.4
1/8/2010 0:30,46,156.2
1/8/2010 0:45,46,162.8
1/8/2010 1:00,46,161.8
1/8/2010 1:15,48,166
1/8/2010 1:30,48,153.5
1/8/2010 1:45,48,157
1/8/2010 2:00,48,162.6
1/8/2010 2:15,45,159.1
1/8/2010 2:30,45,167.3
1/8/2010 2:45,45,161.6
1/8/2010 3:00,45,162.3
1/8/2010 3:15,47,155
1/8/2010 3:30,47,152
1/8/2010 3:45,47,161.7
1/8/2010 4:00,47,160.3
1/8/2010 4:15,46,155.9
1/8/2010 4:30,46,160.3
1/8/2010 4:45,46,161.3
1/8/2010 5:00,46,159.1
1/8/2010 5:15,47,164.8
1/8/2010 5:30,47,167
1/8/2010 5:45,47,170.9
1/8/2010 6:00,47,170.4
1/8/2010 6:15,48,173.8
1/8/2010 6:30,48,178.8
1/8/2010 6:45,48,172
1/8/2010 7:00,48,168.1
1/8/2010 7:15,47,177.1
1/8/2010 7:30,47,180.6
1/8/2010 7:45,47,185.5
1/8/2010 8:00,47,172.6
1/8/2010 8:15,47,258.1
1/8/2010 8:30,47,267
1/8/2010 8:45,47,265.9
1/8/2010 9:00,47,262.4
1/8/2010 9:15,50,269.3
1/8/2010 9:30,50,264.2
1/8/2010 9:45,50,263.1
1/8/2010 10:00,50,265
1/8/2010 10:15,50,259.6
1/8/2010 10:30,50,262.9
1/8/2010 10:45,50,270.5
1/8/2010 11:00,50,267.2
1/8/2010 11:15,51,268.9
1/8/2010 11:30,51,266.7
1/8/2010 11:45,51,268.5
1/8/2010 12:00,51,271.7
1/8/2010 12:15,52,271.5
1/8/2010 12:30,52,274.8
1/8/2010 12:45,52,272.3
1/8/2010 13:00,52,269.7
1/8/2010 13:15,52,271.3
1/8/2010 13:30,52,270.6
1/8/2010 13:45,52,274.4
1/8/2010 14:00,52,275.5
1/8/2010 14:15,58,269.6
1/8/2010 14:30,58,266.4
1/8/2010 14:45,58,264.2
1/8/2010 15:00,58,266.6
1/8/2010 15:15,55,270.1
1/8/2010 15:30,55,270.1
1/8/2010 15:45,55,274.5
1/8/2010 16:00,55,275.4
1/8/2010 16:15,55,271.3
1/8/2010 16:30,55,271.8
1/8/2010 16:45,55,271.1
1/8/2010 17:00,55,280.2
1/8/2010 17:15,51,319.5
1/8/2010 17:30,51,317.1
1/8/2010 17:45,51,317.7
1/8/2010 18:00,51,311.3
1/8/2010 18:15,49,306.1
1/8/2010 18:30,49,307.3
1/8/2010 18:45,49,308.4
1/8/2010 19:00,49,308.9
1/8/2010 19:15,49,313
1/8/2010 19:30,49,307.2
1/8/2010 19:45,49,305.2
1/8/2010 20:00,49,304.9
1/8/2010 20:15,49,306.3
1/8/2010 20:30,49,301.1
1/8/2010 20:45,49,298.9
1/8/2010 21:00,49,299.9
1/8/2010 21:15,48,296.6
1/8/2010 21:30,48,295.4
1/8/2010 21:45,48,303.8
1/8/2010 22:00,48,299.3
1/8/2010 22:15,46,282.4
1/8/2010 22:30,46,283.3
1/8/2010 22:45,46,279.9
1/8/2010 23:00,46,285.1
1/8/2010 23:15,46,191.7
1/8/2010 23:30,46,190.5
1/8/2010 23:45,46,157.8
1/9/2010 0:00,46,157.6
1/9/2010 0:15,46,159.3
1/9/2010 0:30,46,144
1/9/2010 0:45,46,157.1
1/9/2010 1:00,46,157.5
1/9/2010 1:15,45,162.7
1/9/2010 1:30,45,149.7
1/9/2010 1:45,45,146.9
1/9/2010 2:00,45,160.3
1/9/2010 2:15,45,153.2
1/9/2010 2:30,45,156.7
1/9/2010 2:45,45,154.7
1/9/2010 3:00,45,154.7
1/9/2010 3:15,45,151.9
1/9/2010 3:30,45,144.3
1/9/2010 3:45,45,151.7
1/9/2010 4:00,45,156.7
1/9/2010 4:15,45,150.6
1/9/2010 4:30,45,154.9
1/9/2010 4:45,45,150
1/9/2010 5:00,45,153.6
1/9/2010 5:15,45,151.5
1/9/2010 5:30,45,158.5
1/9/2010 5:45,45,161.5
1/9/2010 6:00,45,153.4
1/9/2010 6:15,45,158.8
1/9/2010 6:30,45,154.9
1/9/2010 6:45,45,160.9
1/9/2010 7:00,45,164
1/9/2010 7:15,45,184.9
1/9/2010 7:30,45,188.1
1/9/2010 7:45,45,173.3
1/9/2010 8:00,45,172.4
1/9/2010 8:15,44,268
1/9/2010 8:30,44,263.1
1/9/2010 8:45,44,260
1/9/2010 9:00,44,260
1/9/2010 9:15,45,260.8
1/9/2010 9:30,45,255.7
1/9/2010 9:45,45,264.3
1/9/2010 10:00,45,267.3
1/9/2010 10:15,47,261
1/9/2010 10:30,47,260.9
1/9/2010 10:45,47,261.7
1/9/2010 11:00,47,265.1
1/9/2010 11:15,49,267.2
1/9/2010 11:30,49,261
1/9/2010 11:45,49,269.9
1/9/2010 12:00,49,263.8
1/9/2010 12:15,51,268.2
1/9/2010 12:30,51,269.3
1/9/2010 12:45,51,269.3
1/9/2010 13:00,51,266.6
1/9/2010 13:15,51,263.9
1/9/2010 13:30,51,264.2
1/9/2010 13:45,51,270.4
1/9/2010 14:00,51,270.2
1/9/2010 14:15,50,262.8
1/9/2010 14:30,50,263.3
1/9/2010 14:45,50,270.3
1/9/2010 15:00,50,272.2
1/9/2010 15:15,54,270.4
1/9/2010 15:30,54,267.1
1/9/2010 15:45,54,275.2
1/9/2010 16:00,54,270.5
1/9/2010 16:15,55,273.3
1/9/2010 16:30,55,266.6
1/9/2010 16:45,55,261.7
1/9/2010 17:00,55,266.5
1/9/2010 17:15,54,310.3
1/9/2010 17:30,54,306.8
1/9/2010 17:45,54,307.1
1/9/2010 18:00,54,316.8
1/9/2010 18:15,50,310
1/9/2010 18:30,50,306
1/9/2010 18:45,50,307.1
1/9/2010 19:00,50,308.4
1/9/2010 19:15,49,309.3
1/9/2010 19:30,49,307.2
1/9/2010 19:45,49,306.4
1/9/2010 20:00,49,308.5
1/9/2010 20:15,49,304.3
1/9/2010 20:30,49,301.2
1/9/2010 20:45,49,300
1/9/2010 21:00,49,303.5
1/9/2010 21:15,47,304.6
1/9/2010 21:30,47,292.1
1/9/2010 21:45,47,283.4
1/9/2010 22:00,47,284.1
1/9/2010 22:15,45,281
1/9/2010 22:30,45,284.8
1/9/2010 22:45,45,287.8
1/9/2010 23:00,45,293.5
1/9/2010 23:15,44,196.9
1/9/2010 23:30,44,193.8
1/9/2010 23:45,44,168.3
1/10/2010 0:00,44,164.3
1/10/2010 0:15,44,160.6
1/10/2010 0:30,44,152.8
1/10/2010 0:45,44,152.6
1/10/2010 1:00,44,160.8
1/10/2010 1:15,42,154.4
1/10/2010 1:30,42,155.4
1/10/2010 1:45,42,151.9
1/10/2010 2:00,42,149.4
1/10/2010 2:15,41,145.5
1/10/2010 2:30,41,146.3
1/10/2010 2:45,41,148.8
1/10/2010 3:00,41,147.8
1/10/2010 3:15,42,148.4
1/10/2010 3:30,42,153.5
1/10/2010 3:45,42,149.3
1/10/2010 4:00,42,147
1/10/2010 4:15,41,156
1/10/2010 4:30,41,157.7
1/10/2010 4:45,41,159.7
1/10/2010 5:00,41,153
1/10/2010 5:15,40,153.2
1/10/2010 5:30,40,155.5
1/10/2010 5:45,40,161
1/10/2010 6:00,40,160.6
1/10/2010 6:15,41,158.5
1/10/2010 6:30,41,167
1/10/2010 6:45,41,161.2
1/10/2010 7:00,41,162.6
1/10/2010 7:15,43,175
1/10/2010 7:30,43,193.2
1/10/2010 7:45,43,180.5
1/10/2010 8:00,43,180.2
1/10/2010 8:15,43,261.1
1/10/2010 8:30,43,256.5
1/10/2010 8:45,43,256.6
1/10/2010 9:00,43,254.6
1/10/2010 9:15,43,258.2
1/10/2010 9:30,43,257.3
1/10/2010 9:45,43,261.4
1/10/2010 10:00,43,254.6
1/10/2010 10:15,44,252.1
1/10/2010 10:30,44,260.3
1/10/2010 10:45,44,264.1
1/10/2010 11:00,44,265.1
1/10/2010 11:15,46,271.1
1/10/2010 11:30,46,267.5
1/10/2010 11:45,46,261.3
1/10/2010 12:00,46,268.3
1/10/2010 12:15,50,260.2
1/10/2010 12:30,50,267.4
1/10/2010 12:45,50,270.7
1/10/2010 13:00,50,265.2
1/10/2010 13:15,53,269.5
1/10/2010 13:30,53,268.9
1/10/2010 13:45,53,269.4
1/10/2010 14:00,53,270.8
1/10/2010 14:15,53,270
1/10/2010 14:30,53,273.4
1/10/2010 14:45,53,271.3
1/10/2010 15:00,53,268
1/10/2010 15:15,55,276.4
1/10/2010 15:30,55,273.4
1/10/2010 15:45,55,270.2
1/10/2010 16:00,55,273.3
1/10/2010 16:15,55,266.8
1/10/2010 16:30,55,270.1
1/10/2010 16:45,55,272
1/10/2010 17:00,55,272
1/10/2010 17:15,52,310.5
1/10/2010 17:30,52,314.4
1/10/2010 17:45,52,314
1/10/2010 18:00,52,312.9
1/10/2010 18:15,52,300.6
1/10/2010 18:30,52,307.2
1/10/2010 18:45,52,303.8
1/10/2010 19:00,52,307.5
1/10/2010 19:15,50,313.8
1/10/2010 19:30,50,306.3
1/10/2010 19:45,50,298.1
1/10/2010 20:00,50,302.4
1/10/2010 20:15,49,304.1
1/10/2010 20:30,49,306.9
1/10/2010 20:45,49,307
1/10/2010 21:00,49,306.6
1/10/2010 21:15,51,293.1
1/10/2010 21:30,51,294.3
1/10/2010 21:45,51,291.3
1/10/2010 22:00,51,287.6
1/10/2010 22:15,50,199.3
1/10/2010 22:30,50,199.4
1/10/2010 22:45,50,163
1/10/2010 23:00,50,165.6
1/10/2010 23:15,49,161.7
1/10/2010 23:30,49,166.4
1/10/2010 23:45,49,166.8
1/11/2010 0:00,49,169.9
1/11/2010 0:15,48,170.3
1/11/2010 0:30,48,160.4
1/11/2010 0:45,48,163.9
1/11/2010 1:00,48,173.1
1/11/2010 1:15,47,169.6
1/11/2010 1:30,47,162.9
1/11/2010 1:45,47,154.9
1/11/2010 2:00,47,159.2
1/11/2010 2:15,47,150.8
1/11/2010 2:30,47,168
1/11/2010 2:45,47,163.9
1/11/2010 3:00,47,168.6
1/11/2010 3:15,46,152
1/11/2010 3:30,46,158
1/11/2010 3:45,46,168.4
1/11/2010 4:00,46,169.7
1/11/2010 4:15,46,164.1
1/11/2010 4:30,46,163.1
1/11/2010 4:45,46,167.4
1/11/2010 5:00,46,168.6
1/11/2010 5:15,45,166.4
1/11/2010 5:30,45,173.7
1/11/2010 5:45,45,172.1
1/11/2010 6:00,45,175.2
1/11/2010 6:15,45,171.5
1/11/2010 6:30,45,183.2
1/11/2010 6:45,45,199.1
1/11/2010 7:00,45,190.8
1/11/2010 7:15,45,190.1
1/11/2010 7:30,45,185.9
1/11/2010 7:45,45,185.2
1/11/2010 8:00,45,184.1
1/11/2010 8:15,45,269.8
1/11/2010 8:30,45,264.6
1/11/2010 8:45,45,262.6
1/11/2010 9:00,45,263.7
1/11/2010 9:15,49,263.9
1/11/2010 9:30,49,258.2
1/11/2010 9:45,49,259.2
1/11/2010 10:00,49,266
1/11/2010 10:15,50,264.5
1/11/2010 10:30,50,270.7
1/11/2010 10:45,50,268.3
1/11/2010 11:00,50,269.4
1/11/2010 11:15,51,264.3
1/11/2010 11:30,51,267.7
1/11/2010 11:45,51,267
1/11/2010 12:00,51,273.4
1/11/2010 12:15,53,276.2
1/11/2010 12:30,53,272.9
1/11/2010 12:45,53,272.3
1/11/2010 13:00,53,270.2
1/11/2010 13:15,54,269.1
1/11/2010 13:30,54,273.1
1/11/2010 13:45,54,271.2
1/11/2010 14:00,54,267.1
1/11/2010 14:15,55,271.1
1/11/2010 14:30,55,266.2
1/11/2010 14:45,55,272.9
1/11/2010 15:00,55,269.3
1/11/2010 15:15,54,265
1/11/2010 15:30,54,261.7
1/11/2010 15:45,54,267.1
1/11/2010 16:00,54,264.8
1/11/2010 16:15,52,267.3
1/11/2010 16:30,52,263.5
1/11/2010 16:45,52,264.1
1/11/2010 17:00,52,263.5
1/11/2010 17:15,51,307
1/11/2010 17:30,51,311
1/11/2010 17:45,51,308.4
1/11/2010 18:00,51,311.6
1/11/2010 18:15,50,304.2
1/11/2010 18:30,50,304.3
1/11/2010 18:45,50,295.3
1/11/2010 19:00,50,293.3
1/11/2010 19:15,50,302.4
1/11/2010 19:30,50,304.1
1/11/2010 19:45,50,302.5
1/11/2010 20:00,50,301.3
1/11/2010 20:15,50,298.8
1/11/2010 20:30,50,303.2
1/11/2010 20:45,50,300.3
1/11/2010 21:00,50,298.3
1/11/2010 21:15,49,296.6
1/11/2010 21:30,49,292.7
1/11/2010 21:45,49,296.8
1/11/2010 22:00,49,291.8
1/11/2010 22:15,48,290.1
1/11/2010 22:30,48,288.7
1/11/2010 22:45,48,287.3
1/11/2010 23:00,48,285.6
1/11/2010 23:15,55,189.2
1/11/2010 23:30,55,199
1/11/2010 23:45,55,163.9
1/12/2010 0:00,55,160
1/12/2010 0:15,54,164.6
1/12/2010 0:30,54,152.9
1/12/2010 0:45,54,165.8
1/12/2010 1:00,54,160.7
1/12/2010 1:15,56,154.1
1/12/2010 1:30,56,162.7
1/12/2010 1:45,56,161.1
1/12/2010 2:00,56,159.1
1/12/2010 2:15,57,160.4
1/12/2010 2:30,57,161
1/12/2010 2:45,57,161.9
1/12/2010 3:00,57,163.4
1/12/2010 3:15,55,160.2
1/12/2010 3:30,55,156.1
1/12/2010 3:45,55,160.8
1/12/2010 4:00,55,160.3
1/12/2010 4:15,54,164.3
1/12/2010 4:30,54,164.7
1/12/2010 4:45,54,161.5
1/12/2010 5:00,54,164.1
1/12/2010 5:15,55,165.5
1/12/2010 5:30,55,171.3
1/12/2010 5:45,55,176.7
1/12/2010 6:00,55,168.5
1/12/2010 6:15,55,170
1/12/2010 6:30,55,178.3
1/12/2010 6:45,55,180
1/12/2010 7:00,55,179.2
1/12/2010 7:15,56,187
1/12/2010 7:30,56,200.6
1/12/2010 7:45,56,185.5
1/12/2010 8:00,56,190.1
1/12/2010 8:15,53,282.3
1/12/2010 8:30,53,275.1
1/12/2010 8:45,53,266.5
1/12/2010 9:00,53,273.4
1/12/2010 9:15,56,283.3
1/12/2010 9:30,56,273.8
1/12/2010 9:45,56,278.7
1/12/2010 10:00,56,270.5
1/12/2010 10:15,57,268.6
1/12/2010 10:30,57,265.9
1/12/2010 10:45,57,262.5
1/12/2010 11:00,57,271.6
1/12/2010 11:15,59,270.2
1/12/2010 11:30,59,295.7
1/12/2010 11:45,59,285.4
1/12/2010 12:00,59,288.1
1/12/2010 12:15,60,283.3
1/12/2010 12:30,60,300.4
1/12/2010 12:45,60,279.2
1/12/2010 13:00,60,304.7
1/12/2010 13:15,61,298.5
1/12/2010 13:30,61,293.8
1/12/2010 13:45,61,286.1
1/12/2010 14:00,61,275.7
1/12/2010 14:15,62,283.7
1/12/2010 14:30,62,287.7
1/12/2010 14:45,62,294.4
1/12/2010 15:00,62,288.1
1/12/2010 15:15,64,282.5
1/12/2010 15:30,64,293.9
1/12/2010 15:45,64,295.8
1/12/2010 16:00,64,302.5
1/12/2010 16:15,63,296.7
1/12/2010 16:30,63,285.1
1/12/2010 16:45,63,288.2
1/12/2010 17:00,63,277.1
1/12/2010 17:15,60,327
1/12/2010 17:30,60,329.9
1/12/2010 17:45,60,331.2
1/12/2010 18:00,60,341.5
1/12/2010 18:15,59,322
1/12/2010 18:30,59,317.4
1/12/2010 18:45,59,319.8
1/12/2010 19:00,59,327.5
1/12/2010 19:15,61,336.6
1/12/2010 19:30,61,330.3
1/12/2010 19:45,61,326.5
1/12/2010 20:00,61,323.6
1/12/2010 20:15,60,318.7
1/12/2010 20:30,60,323.5
1/12/2010 20:45,60,320.6
1/12/2010 21:00,60,319.5
1/12/2010 21:15,60,315.7
1/12/2010 21:30,60,310.6
1/12/2010 21:45,60,310
1/12/2010 22:00,60,324.4
1/12/2010 22:15,60,306.2
1/12/2010 22:30,60,297.3
1/12/2010 22:45,60,307.4
1/12/2010 23:00,60,307.7
1/12/2010 23:15,59,222.9
1/12/2010 23:30,59,223.1
1/12/2010 23:45,59,182.4
1/13/2010 0:00,59,183.5
1/13/2010 0:15,59,184
1/13/2010 0:30,59,178.1
1/13/2010 0:45,59,184.9
1/13/2010 1:00,59,180.4
1/13/2010 1:15,58,177
1/13/2010 1:30,58,162.4
1/13/2010 1:45,58,155
1/13/2010 2:00,58,157.7
1/13/2010 2:15,57,164.7
1/13/2010 2:30,57,164.5
1/13/2010 2:45,57,172.1
1/13/2010 3:00,57,178.4
1/13/2010 3:15,56,167.2
1/13/2010 3:30,56,162.8
1/13/2010 3:45,56,168.7
1/13/2010 4:00,56,165.8
1/13/2010 4:15,55,167.8
1/13/2010 4:30,55,166.2
1/13/2010 4:45,55,172.9
1/13/2010 5:00,55,171.7
1/13/2010 5:15,54,168.5
1/13/2010 5:30,54,170.6
1/13/2010 5:45,54,172.3
1/13/2010 6:00,54,173.9
1/13/2010 6:15,52,175
1/13/2010 6:30,52,181.2
1/13/2010 6:45,52,171.3
1/13/2010 7:00,52,172.7
1/13/2010 7:15,52,197.8
1/13/2010 7:30,52,189.3
1/13/2010 7:45,52,179.4
1/13/2010 8:00,52,189.8
1/13/2010 8:15,51,268.2
1/13/2010 8:30,51,274.1
1/13/2010 8:45,51,263.1
1/13/2010 9:00,51,257.2
1/13/2010 9:15,55,272.5
1/13/2010 9:30,55,265.4
1/13/2010 9:45,55,274.4
1/13/2010 10:00,55,287
1/13/2010 10:15,59,283.8
1/13/2010 10:30,59,263.1
1/13/2010 10:45,59,258
1/13/2010 11:00,59,261.6
1/13/2010 11:15,59,267.7
1/13/2010 11:30,59,268.6
1/13/2010 11:45,59,268.6
1/13/2010 12:00,59,272.6
1/13/2010 12:15,60,269.4
1/13/2010 12:30,60,270.9
1/13/2010 12:45,60,275.5
1/13/2010 13:00,60,264.7
1/13/2010 13:15,59,273.8
1/13/2010 13:30,59,268.2
1/13/2010 13:45,59,275.3
1/13/2010 14:00,59,276
1/13/2010 14:15,61,277
1/13/2010 14:30,61,276.1
1/13/2010 14:45,61,274.8
1/13/2010 15:00,61,276.9
1/13/2010 15:15,60,275.4
1/13/2010 15:30,60,268.6
1/13/2010 15:45,60,269.2
1/13/2010 16:00,60,271.2
1/13/2010 16:15,61,270.5
1/13/2010 16:30,61,274.2
1/13/2010 16:45,61,288.7
1/13/2010 17:00,61,287.9
1/13/2010 17:15,59,321.8
1/13/2010 17:30,59,333.7
1/13/2010 17:45,59,318.3
1/13/2010 18:00,59,312.5
1/13/2010 18:15,53,309.1
1/13/2010 18:30,53,308.3
1/13/2010 18:45,53,319.9
1/13/2010 19:00,53,323.2
1/13/2010 19:15,55,313.9
1/13/2010 19:30,55,313
1/13/2010 19:45,55,308.2
1/13/2010 20:00,55,302.2
1/13/2010 20:15,55,304
1/13/2010 20:30,55,302.6
1/13/2010 20:45,55,297.2
1/13/2010 21:00,55,303
1/13/2010 21:15,55,294
1/13/2010 21:30,55,311.9
1/13/2010 21:45,55,317.7
1/13/2010 22:00,55,303.3
1/13/2010 22:15,52,287.3
1/13/2010 22:30,52,282.4
1/13/2010 22:45,52,282.9
1/13/2010 23:00,52,284.4
1/13/2010 23:15,50,196.8
1/13/2010 23:30,50,191.5
1/13/2010 23:45,50,159.1
1/14/2010 0:00,50,159
1/14/2010 0:15,48,163.5
1/14/2010 0:30,48,157.2
1/14/2010 0:45,48,165.9
1/14/2010 1:00,48,163.8
1/14/2010 1:15,47,166.5
1/14/2010 1:30,47,155.4
1/14/2010 1:45,47,152.6
1/14/2010 2:00,47,158.3
1/14/2010 2:15,46,155.2
1/14/2010 2:30,46,159.7
1/14/2010 2:45,46,158.2
1/14/2010 3:00,46,163.8
1/14/2010 3:15,43,162.6
1/14/2010 3:30,43,155.5
1/14/2010 3:45,43,165.8
1/14/2010 4:00,43,159.4
1/14/2010 4:15,44,160.7
1/14/2010 4:30,44,159.5
1/14/2010 4:45,44,160.3
1/14/2010 5:00,44,155.9
1/14/2010 5:15,44,168.6
1/14/2010 5:30,44,159.6
1/14/2010 5:45,44,159.7
1/14/2010 6:00,44,155.6
1/14/2010 6:15,45,164.3
1/14/2010 6:30,45,171.5
1/14/2010 6:45,45,173
1/14/2010 7:00,45,174
1/14/2010 7:15,45,178.5
1/14/2010 7:30,45,184.7
1/14/2010 7:45,45,173.7
1/14/2010 8:00,45,179
1/14/2010 8:15,44,255.7
1/14/2010 8:30,44,255.3
1/14/2010 8:45,44,253
1/14/2010 9:00,44,256.8
1/14/2010 9:15,49,262.7
1/14/2010 9:30,49,253.8
1/14/2010 9:45,49,262.7
1/14/2010 10:00,49,258.5
1/14/2010 10:15,53,261.9
1/14/2010 10:30,53,259
1/14/2010 10:45,53,255.9
1/14/2010 11:00,53,256.6
1/14/2010 11:15,54,271
1/14/2010 11:30,54,266.5
1/14/2010 11:45,54,261.5
1/14/2010 12:00,54,271.4
1/14/2010 12:15,57,263.4
1/14/2010 12:30,57,259.2
1/14/2010 12:45,57,265.2
1/14/2010 13:00,57,262
1/14/2010 13:15,59,268.2
1/14/2010 13:30,59,268.5
1/14/2010 13:45,59,266.9
1/14/2010 14:00,59,261.7
1/14/2010 14:15,59,268.6
1/14/2010 14:30,59,264.8
1/14/2010 14:45,59,267.2
1/14/2010 15:00,59,264.8
1/14/2010 15:15,60,268.3
1/14/2010 15:30,60,264.1
1/14/2010 15:45,60,264
1/14/2010 16:00,60,267.7
1/14/2010 16:15,60,260.7
1/14/2010 16:30,60,268.4
1/14/2010 16:45,60,256.9
1/14/2010 17:00,60,261.8
1/14/2010 17:15,56,297.9
1/14/2010 17:30,56,304.2
1/14/2010 17:45,56,302.9
1/14/2010 18:00,56,301.3
1/14/2010 18:15,55,298.4
1/14/2010 18:30,55,300.4
1/14/2010 18:45,55,293.2
1/14/2010 19:00,55,295.1
1/14/2010 19:15,53,305.7
1/14/2010 19:30,53,306.2
1/14/2010 19:45,53,304.4
1/14/2010 20:00,53,299
1/14/2010 20:15,52,300.2
1/14/2010 20:30,52,302.5
1/14/2010 20:45,52,305
1/14/2010 21:00,52,305.5
1/14/2010 21:15,51,303.3
1/14/2010 21:30,51,293
1/14/2010 21:45,51,289.1
1/14/2010 22:00,51,293.1
1/14/2010 22:15,49,287.2
1/14/2010 22:30,49,286.9
1/14/2010 22:45,49,285.4
1/14/2010 23:00,49,289.5
1/14/2010 23:15,50,200.8
1/14/2010 23:30,50,198.5
1/14/2010 23:45,50,167.7
1/15/2010 0:00,50,165.7
1/15/2010 0:15,48,157.9
1/15/2010 0:30,48,152.9
1/15/2010 0:45,48,156.8
1/15/2010 1:00,48,160.5
1/15/2010 1:15,47,169.3
1/15/2010 1:30,47,163.5
1/15/2010 1:45,47,149.6
1/15/2010 2:00,47,158.5
1/15/2010 2:15,46,158.7
1/15/2010 2:30,46,166.2
1/15/2010 2:45,46,165
1/15/2010 3:00,46,167.2
1/15/2010 3:15,45,161.8
1/15/2010 3:30,45,157.1
1/15/2010 3:45,45,164.5
1/15/2010 4:00,45,167.2
1/15/2010 4:15,43,163.3
1/15/2010 4:30,43,162.4
1/15/2010 4:45,43,162.1
1/15/2010 5:00,43,158.5
1/15/2010 5:15,44,164.3
1/15/2010 5:30,44,162.5
1/15/2010 5:45,44,167.4
1/15/2010 6:00,44,165.3
1/15/2010 6:15,45,173
1/15/2010 6:30,45,172.9
1/15/2010 6:45,45,179.2
1/15/2010 7:00,45,197.1
1/15/2010 7:15,43,191.4
1/15/2010 7:30,43,186.7
1/15/2010 7:45,43,170.9
1/15/2010 8:00,43,176.8
1/15/2010 8:15,43,264.5
1/15/2010 8:30,43,261.2
1/15/2010 8:45,43,253.1
1/15/2010 9:00,43,254.1
1/15/2010 9:15,47,261.3
1/15/2010 9:30,47,255.2
1/15/2010 9:45,47,259.2
1/15/2010 10:00,47,259.3
1/15/2010 10:15,51,253.1
1/15/2010 10:30,51,259.7
1/15/2010 10:45,51,262.1
1/15/2010 11:00,51,253.7
1/15/2010 11:15,53,264.7
1/15/2010 11:30,53,260.2
1/15/2010 11:45,53,259.6
1/15/2010 12:00,53,261
1/15/2010 12:15,57,269.8
1/15/2010 12:30,57,272.6
1/15/2010 12:45,57,267.2
1/15/2010 13:00,57,263.7
1/15/2010 13:15,55,263.7
1/15/2010 13:30,55,266
1/15/2010 13:45,55,262.4
1/15/2010 14:00,55,261.7
1/15/2010 14:15,53,263.1
1/15/2010 14:30,53,260.5
1/15/2010 14:45,53,263.1
1/15/2010 15:00,53,263.2
1/15/2010 15:15,54,267.7
1/15/2010 15:30,54,268.2
1/15/2010 15:45,54,271.2
1/15/2010 16:00,54,270.8
1/15/2010 16:15,54,268.7
1/15/2010 16:30,54,260
1/15/2010 16:45,54,259.1
1/15/2010 17:00,54,262.1
1/15/2010 17:15,54,297.6
1/15/2010 17:30,54,302.3
1/15/2010 17:45,54,302.4
1/15/2010 18:00,54,296.6
1/15/2010 18:15,53,301.1
1/15/2010 18:30,53,301.9
1/15/2010 18:45,53,303.9
1/15/2010 19:00,53,301.6
1/15/2010 19:15,51,308.3
1/15/2010 19:30,51,304.4
1/15/2010 19:45,51,299.7
1/15/2010 20:00,51,295.6
1/15/2010 20:15,48,301.9
1/15/2010 20:30,48,300
1/15/2010 20:45,48,303.4
1/15/2010 21:00,48,301.7
1/15/2010 21:15,49,290.4
1/15/2010 21:30,49,291.1
1/15/2010 21:45,49,287.3
1/15/2010 22:00,49,291.7
1/15/2010 22:15,51,288.7
1/15/2010 22:30,51,283.5
1/15/2010 22:45,51,277.3
1/15/2010 23:00,51,277.9
1/15/2010 23:15,48,192.6
1/15/2010 23:30,48,193.3
1/15/2010 23:45,48,161.5
1/16/2010 0:00,48,155.5
1/16/2010 0:15,48,153.2
1/16/2010 0:30,48,134.1
1/16/2010 0:45,48,155
1/16/2010 1:00,48,150.8
1/16/2010 1:15,48,162.5
1/16/2010 1:30,48,155.9
1/16/2010 1:45,48,156.3
1/16/2010 2:00,48,160.6
1/16/2010 2:15,45,152.8
1/16/2010 2:30,45,159.3
1/16/2010 2:45,45,159.1
1/16/2010 3:00,45,152.7
1/16/2010 3:15,46,148.8
1/16/2010 3:30,46,147.2
1/16/2010 3:45,46,149.7
1/16/2010 4:00,46,155.6
1/16/2010 4:15,46,153.9
1/16/2010 4:30,46,149.4
1/16/2010 4:45,46,152.6
1/16/2010 5:00,46,150.9
1/16/2010 5:15,44,151.8
1/16/2010 5:30,44,152.3
1/16/2010 5:45,44,155.5
1/16/2010 6:00,44,150.5
1/16/2010 6:15,44,159.7
1/16/2010 6:30,44,160.8
1/16/2010 6:45,44,159.7
1/16/2010 7:00,44,154
1/16/2010 7:15,44,161.6
1/16/2010 7:30,44,170.3
1/16/2010 7:45,44,171
1/16/2010 8:00,44,173.3
1/16/2010 8:15,44,258.3
1/16/2010 8:30,44,253
1/16/2010 8:45,44,250.5
1/16/2010 9:00,44,249.2
1/16/2010 9:15,47,251.2
1/16/2010 9:30,47,249.8
1/16/2010 9:45,47,253.4
1/16/2010 10:00,47,250.1
1/16/2010 10:15,48,254
1/16/2010 10:30,48,253.8
1/16/2010 10:45,48,259.9
1/16/2010 11:00,48,259
1/16/2010 11:15,53,264.3
1/16/2010 11:30,53,255
1/16/2010 11:45,53,258
1/16/2010 12:00,53,258.5
1/16/2010 12:15,54,263.3
1/16/2010 12:30,54,265.3
1/16/2010 12:45,54,261.2
1/16/2010 13:00,54,264.4
1/16/2010 13:15,56,268.5
1/16/2010 13:30,56,269.2
1/16/2010 13:45,56,271.8
1/16/2010 14:00,56,265.4
1/16/2010 14:15,58,268.6
1/16/2010 14:30,58,266.6
1/16/2010 14:45,58,263.5
1/16/2010 15:00,58,263.6
1/16/2010 15:15,61,266.4
1/16/2010 15:30,61,270.5
1/16/2010 15:45,61,266.2
1/16/2010 16:00,61,262.6
1/16/2010 16:15,57,260.9
1/16/2010 16:30,57,262.5
1/16/2010 16:45,57,263.5
1/16/2010 17:00,57,255.9
1/16/2010 17:15,57,290.1
1/16/2010 17:30,57,307.4
1/16/2010 17:45,57,307.2
1/16/2010 18:00,57,304.2
1/16/2010 18:15,57,298.8
1/16/2010 18:30,57,290.9
1/16/2010 18:45,57,295.1
1/16/2010 19:00,57,299.4
1/16/2010 19:15,57,307.1
1/16/2010 19:30,57,306
1/16/2010 19:45,57,298.4
1/16/2010 20:00,57,296.7
1/16/2010 20:15,57,297.9
1/16/2010 20:30,57,298.2
1/16/2010 20:45,57,299.9
1/16/2010 21:00,57,298.6
1/16/2010 21:15,56,294.1
1/16/2010 21:30,56,296.5
1/16/2010 21:45,56,287.4
1/16/2010 22:00,56,288.1
1/16/2010 22:15,57,285.6
1/16/2010 22:30,57,284.2
1/16/2010 22:45,57,283.3
1/16/2010 23:00,57,291.4
1/16/2010 23:15,57,195.5
1/16/2010 23:30,57,190.7
1/16/2010 23:45,57,152.6
1/17/2010 0:00,57,152
1/17/2010 0:15,57,148.9
1/17/2010 0:30,57,142.7
1/17/2010 0:45,57,152.6
1/17/2010 1:00,57,153.6
1/17/2010 1:15,57,156.6
1/17/2010 1:30,57,149.9
1/17/2010 1:45,57,150.4
1/17/2010 2:00,57,150.3
1/17/2010 2:15,57,146
1/17/2010 2:30,57,148.1
1/17/2010 2:45,57,156.5
1/17/2010 3:00,57,155.3
1/17/2010 3:15,57,159.2
1/17/2010 3:30,57,156.8
1/17/2010 3:45,57,154.4
1/17/2010 4:00,57,163.4
1/17/2010 4:15,56,154.9
1/17/2010 4:30,56,149.6
1/17/2010 4:45,56,151.7
1/17/2010 5:00,56,160
1/17/2010 5:15,54,156
1/17/2010 5:30,54,158.8
1/17/2010 5:45,54,153.4
1/17/2010 6:00,54,159
1/17/2010 6:15,55,156.5
1/17/2010 6:30,55,160.6
1/17/2010 6:45,55,164.3
1/17/2010 7:00,55,164.1
1/17/2010 7:15,55,180.9
1/17/2010 7:30,55,177.8
1/17/2010 7:45,55,168.4
1/17/2010 8:00,55,168.3
1/17/2010 8:15,55,258.3
1/17/2010 8:30,55,252.1
1/17/2010 8:45,55,250.3
1/17/2010 9:00,55,250
1/17/2010 9:15,55,260.7
1/17/2010 9:30,55,256.1
1/17/2010 9:45,55,258.7
1/17/2010 10:00,55,256
1/17/2010 10:15,57,254.8
1/17/2010 10:30,57,251.3
1/17/2010 10:45,57,256
1/17/2010 11:00,57,260.3
1/17/2010 11:15,57,266.4
1/17/2010 11:30,57,259
1/17/2010 11:45,57,261.2
1/17/2010 12:00,57,260.7
1/17/2010 12:15,57,264.1
1/17/2010 12:30,57,267.9
1/17/2010 12:45,57,268.7
1/17/2010 13:00,57,268.3
1/17/2010 13:15,53,267
1/17/2010 13:30,53,267.4
1/17/2010 13:45,53,264.8
1/17/2010 14:00,53,268.5
1/17/2010 14:15,51,265.4
1/17/2010 14:30,51,264.3
1/17/2010 14:45,51,262.9
1/17/2010 15:00,51,261
1/17/2010 15:15,52,267.9
1/17/2010 15:30,52,267.9
1/17/2010 15:45,52,264.5
1/17/2010 16:00,52,266.6
1/17/2010 16:15,54,266.8
1/17/2010 16:30,54,263.3
1/17/2010 16:45,54,265.6
1/17/2010 17:00,54,262.1
1/17/2010 17:15,53,287.1
1/17/2010 17:30,53,308.2
1/17/2010 17:45,53,312.1
1/17/2010 18:00,53,309.5
1/17/2010 18:15,54,305.6
1/17/2010 18:30,54,304.7
1/17/2010 18:45,54,298.3
1/17/2010 19:00,54,302.2
1/17/2010 19:15,54,306.9
1/17/2010 19:30,54,300
1/17/2010 19:45,54,297.3
1/17/2010 20:00,54,302.4
1/17/2010 20:15,54,301.9
1/17/2010 20:30,54,295.3
1/17/2010 20:45,54,291.7
1/17/2010 21:00,54,282.7
1/17/2010 21:15,53,287.1
1/17/2010 21:30,53,284.7
1/17/2010 21:45,53,280.5
1/17/2010 22:00,53,281
1/17/2010 22:15,53,195.1
1/17/2010 22:30,53,193.1
1/17/2010 22:45,53,159.7
1/17/2010 23:00,53,163.4
1/17/2010 23:15,54,160.4
1/17/2010 23:30,54,168.1
1/17/2010 23:45,54,164.6
1/18/2010 0:00,54,160.8
1/18/2010 0:15,54,158.9
1/18/2010 0:30,54,156.3
1/18/2010 0:45,54,163.5
1/18/2010 1:00,54,167.1
1/18/2010 1:15,53,165.3
1/18/2010 1:30,53,165.9
1/18/2010 1:45,53,155.5
1/18/2010 2:00,53,153.9
1/18/2010 2:15,53,154.7
1/18/2010 2:30,53,151.2
1/18/2010 2:45,53,158.6
1/18/2010 3:00,53,171.1
1/18/2010 3:15,53,163.3
1/18/2010 3:30,53,183.4
1/18/2010 3:45,53,176.9
1/18/2010 4:00,53,178.3
1/18/2010 4:15,53,177.2
1/18/2010 4:30,53,168.7
1/18/2010 4:45,53,163.8
1/18/2010 5:00,53,169
1/18/2010 5:15,53,165.7
1/18/2010 5:30,53,180.4
1/18/2010 5:45,53,176.4
1/18/2010 6:00,53,171.7
1/18/2010 6:15,53,173.1
1/18/2010 6:30,53,186.3
1/18/2010 6:45,53,198
1/18/2010 7:00,53,186.8
1/18/2010 7:15,54,195
1/18/2010 7:30,54,213.5
1/18/2010 7:45,54,192.7
1/18/2010 8:00,54,204.2
1/18/2010 8:15,54,269.6
1/18/2010 8:30,54,268.9
1/18/2010 8:45,54,273.2
1/18/2010 9:00,54,261.4
1/18/2010 9:15,55,269.5
1/18/2010 9:30,55,269.1
1/18/2010 9:45,55,266.8
1/18/2010 10:00,55,267.5
1/18/2010 10:15,55,252.6
1/18/2010 10:30,55,260.2
1/18/2010 10:45,55,274.4
1/18/2010 11:00,55,264.5
1/18/2010 11:15,54,274.6
1/18/2010 11:30,54,274.8
1/18/2010 11:45,54,278.9
1/18/2010 12:00,54,285.8
1/18/2010 12:15,56,298.3
1/18/2010 12:30,56,274.2
1/18/2010 12:45,56,269.9
1/18/2010 13:00,56,271.4
1/18/2010 13:15,58,272.6
1/18/2010 13:30,58,270
1/18/2010 13:45,58,269.5
1/18/2010 14:00,58,266.8
1/18/2010 14:15,58,266.7
1/18/2010 14:30,58,269.1
1/18/2010 14:45,58,265.2
1/18/2010 15:00,58,270.5
1/18/2010 15:15,57,266.3
1/18/2010 15:30,57,266.4
1/18/2010 15:45,57,267.8
1/18/2010 16:00,57,264
1/18/2010 16:15,50,267.4
1/18/2010 16:30,50,266.6
1/18/2010 16:45,50,268.4
1/18/2010 17:00,50,261.9
1/18/2010 17:15,54,287.8
1/18/2010 17:30,54,308.9
1/18/2010 17:45,54,307.5
1/18/2010 18:00,54,308.4
1/18/2010 18:15,53,299.2
1/18/2010 18:30,53,292.7
1/18/2010 18:45,53,294.6
1/18/2010 19:00,53,298.3
1/18/2010 19:15,53,303.7
1/18/2010 19:30,53,295.1
1/18/2010 19:45,53,302.9
1/18/2010 20:00,53,300.9
1/18/2010 20:15,53,303.7
1/18/2010 20:30,53,302.6
1/18/2010 20:45,53,299.6
1/18/2010 21:00,53,297.9
1/18/2010 21:15,54,293.9
1/18/2010 21:30,54,293.1
1/18/2010 21:45,54,290.5
1/18/2010 22:00,54,288.5
1/18/2010 22:15,54,277.2
1/18/2010 22:30,54,278.4
1/18/2010 22:45,54,285.1
1/18/2010 23:00,54,288
1/18/2010 23:15,54,193.2
1/18/2010 23:30,54,194.3
1/18/2010 23:45,54,166.4
1/19/2010 0:00,54,158.4
1/19/2010 0:15,53,163.7
1/19/2010 0:30,53,153.7
1/19/2010 0:45,53,155.7
1/19/2010 1:00,53,154.4
1/19/2010 1:15,53,160.4
1/19/2010 1:30,53,147.1
1/19/2010 1:45,53,160.9
1/19/2010 2:00,53,168.6
1/19/2010 2:15,52,160.6
1/19/2010 2:30,52,160.1
1/19/2010 2:45,52,155.7
1/19/2010 3:00,52,162.7
1/19/2010 3:15,52,157.4
1/19/2010 3:30,52,157.3
1/19/2010 3:45,52,162.2
1/19/2010 4:00,52,169.4
1/19/2010 4:15,53,164.9
1/19/2010 4:30,53,159.4
1/19/2010 4:45,53,163.6
1/19/2010 5:00,53,163.3
1/19/2010 5:15,52,159.2
1/19/2010 5:30,52,163.8
1/19/2010 5:45,52,167.4
1/19/2010 6:00,52,163.7
1/19/2010 6:15,53,168.5
1/19/2010 6:30,53,176.6
1/19/2010 6:45,53,176.2
1/19/2010 7:00,53,171.5
1/19/2010 7:15,50,172.7
1/19/2010 7:30,50,194.7
1/19/2010 7:45,50,177.2
1/19/2010 8:00,50,184
1/19/2010 8:15,51,263.1
1/19/2010 8:30,51,257.6
1/19/2010 8:45,51,257.1
1/19/2010 9:00,51,261
1/19/2010 9:15,50,264.1
1/19/2010 9:30,50,258.6
1/19/2010 9:45,50,258.1
1/19/2010 10:00,50,258.5
1/19/2010 10:15,50,260.9
1/19/2010 10:30,50,256.7
1/19/2010 10:45,50,263
1/19/2010 11:00,50,262
1/19/2010 11:15,51,260
1/19/2010 11:30,51,258.9
1/19/2010 11:45,51,256.5
1/19/2010 12:00,51,254
1/19/2010 12:15,53,262.9
1/19/2010 12:30,53,263.3
1/19/2010 12:45,53,264.7
1/19/2010 13:00,53,266.1
1/19/2010 13:15,54,265.5
1/19/2010 13:30,54,262.4
1/19/2010 13:45,54,262.9
1/19/2010 14:00,54,267
1/19/2010 14:15,58,269.5
1/19/2010 14:30,58,269.1
1/19/2010 14:45,58,260.1
1/19/2010 15:00,58,269.7
1/19/2010 15:15,57,268.9
1/19/2010 15:30,57,268.8
1/19/2010 15:45,57,266.2
1/19/2010 16:00,57,260.7
1/19/2010 16:15,51,262.2
1/19/2010 16:30,51,261.1
1/19/2010 16:45,51,259.8
1/19/2010 17:00,51,260.8
1/19/2010 17:15,52,280.3
1/19/2010 17:30,52,302.2
1/19/2010 17:45,52,302.5
1/19/2010 18:00,52,303.7
1/19/2010 18:15,53,302.4
1/19/2010 18:30,53,290.4
1/19/2010 18:45,53,297.4
1/19/2010 19:00,53,299.5
1/19/2010 19:15,53,301.6
1/19/2010 19:30,53,293.6
1/19/2010 19:45,53,293.6
1/19/2010 20:00,53,292.7
1/19/2010 20:15,53,293.1
1/19/2010 20:30,53,288.2
1/19/2010 20:45,53,288.7
1/19/2010 21:00,53,288.4
1/19/2010 21:15,51,292.2
1/19/2010 21:30,51,293.5
1/19/2010 21:45,51,301.2
1/19/2010 22:00,51,290.9
1/19/2010 22:15,50,277.6
1/19/2010 22:30,50,272.8
1/19/2010 22:45,50,272.8
1/19/2010 23:00,50,278.7
1/19/2010 23:15,49,185.5
1/19/2010 23:30,49,196.3
1/19/2010 23:45,49,165.7
1/20/2010 0:00,49,160.9
1/20/2010 0:15,50,158.9
1/20/2010 0:30,50,153.2
1/20/2010 0:45,50,157.8
1/20/2010 1:00,50,171
1/20/2010 1:15,50,174.4
1/20/2010 1:30,50,156.4
1/20/2010 1:45,50,146.4
1/20/2010 2:00,50,147.5
1/20/2010 2:15,51,159.8
1/20/2010 2:30,51,163.9
1/20/2010 2:45,51,161.1
1/20/2010 3:00,51,163.9
1/20/2010 3:15,50,158.8
1/20/2010 3:30,50,157.9
1/20/2010 3:45,50,162.5
1/20/2010 4:00,50,168.5
1/20/2010 4:15,51,164.7
1/20/2010 4:30,51,164.2
1/20/2010 4:45,51,164.2
1/20/2010 5:00,51,162.6
1/20/2010 5:15,50,163.1
1/20/2010 5:30,50,171.6
1/20/2010 5:45,50,173
1/20/2010 6:00,50,165.4
1/20/2010 6:15,50,165.9
1/20/2010 6:30,50,172.8
1/20/2010 6:45,50,166.7
1/20/2010 7:00,50,177.4
1/20/2010 7:15,50,189.3
1/20/2010 7:30,50,191.4
1/20/2010 7:45,50,181
1/20/2010 8:00,50,188.4
1/20/2010 8:15,50,266.9
1/20/2010 8:30,50,264.3
1/20/2010 8:45,50,257.8
1/20/2010 9:00,50,260.4
1/20/2010 9:15,50,270.5
1/20/2010 9:30,50,255.3
1/20/2010 9:45,50,260.6
1/20/2010 10:00,50,263.8
1/20/2010 10:15,53,253.2
1/20/2010 10:30,53,256.1
1/20/2010 10:45,53,260.3
1/20/2010 11:00,53,257.1
1/20/2010 11:15,51,262
1/20/2010 11:30,51,250.9
1/20/2010 11:45,51,256
1/20/2010 12:00,51,256.4
1/20/2010 12:15,51,258.4
1/20/2010 12:30,51,259.1
1/20/2010 12:45,51,262.2
1/20/2010 13:00,51,259.9
1/20/2010 13:15,54,259.3
1/20/2010 13:30,54,266
1/20/2010 13:45,54,261.6
1/20/2010 14:00,54,257.2
1/20/2010 14:15,53,259.2
1/20/2010 14:30,53,253.5
1/20/2010 14:45,53,258.6
1/20/2010 15:00,53,256.5
1/20/2010 15:15,54,259.1
1/20/2010 15:30,54,255.9
1/20/2010 15:45,54,265.1
1/20/2010 16:00,54,261.8
1/20/2010 16:15,53,262
1/20/2010 16:30,53,259.4
1/20/2010 16:45,53,260.5
1/20/2010 17:00,53,258.1
1/20/2010 17:15,51,278.7
1/20/2010 17:30,51,302.3
1/20/2010 17:45,51,301.7
1/20/2010 18:00,51,301.7
1/20/2010 18:15,51,302.2
1/20/2010 18:30,51,302.5
1/20/2010 18:45,51,291.8
1/20/2010 19:00,51,294.4
1/20/2010 19:15,50,296.6
1/20/2010 19:30,50,292.1
1/20/2010 19:45,50,293.7
1/20/2010 20:00,50,297.6
1/20/2010 20:15,49,291.7
1/20/2010 20:30,49,286.2
1/20/2010 20:45,49,299.6
1/20/2010 21:00,49,293.7
1/20/2010 21:15,50,297.7
1/20/2010 21:30,50,296.8
1/20/2010 21:45,50,295.8
1/20/2010 22:00,50,298.1
1/20/2010 22:15,51,286.3
1/20/2010 22:30,51,282.4
1/20/2010 22:45,51,282.1
1/20/2010 23:00,51,277.2
1/20/2010 23:15,51,192.9
1/20/2010 23:30,51,196
1/20/2010 23:45,51,166.2
1/21/2010 0:00,51,166.7
1/21/2010 0:15,48,157.7
1/21/2010 0:30,48,155
1/21/2010 0:45,48,157.4
1/21/2010 1:00,48,165
1/21/2010 1:15,50,164
1/21/2010 1:30,50,151
1/21/2010 1:45,50,145.2
1/21/2010 2:00,50,151
1/21/2010 2:15,49,160.7
1/21/2010 2:30,49,161.1
1/21/2010 2:45,49,164.6
1/21/2010 3:00,49,160.3
1/21/2010 3:15,47,154.4
1/21/2010 3:30,47,148.4
1/21/2010 3:45,47,156.2
1/21/2010 4:00,47,161.1
1/21/2010 4:15,46,156.3
1/21/2010 4:30,46,156.5
1/21/2010 4:45,46,158.6
1/21/2010 5:00,46,156.3
1/21/2010 5:15,46,163.1
1/21/2010 5:30,46,160
1/21/2010 5:45,46,159.4
1/21/2010 6:00,46,162.4
1/21/2010 6:15,46,172.2
1/21/2010 6:30,46,168.6
1/21/2010 6:45,46,169.5
1/21/2010 7:00,46,168.3
1/21/2010 7:15,46,192.9
1/21/2010 7:30,46,191.5
1/21/2010 7:45,46,182.8
1/21/2010 8:00,46,180.7
1/21/2010 8:15,45,263.3
1/21/2010 8:30,45,255.6
1/21/2010 8:45,45,257.4
1/21/2010 9:00,45,256.5
1/21/2010 9:15,46,259
1/21/2010 9:30,46,255.4
1/21/2010 9:45,46,260.4
1/21/2010 10:00,46,258.1
1/21/2010 10:15,46,252.7
1/21/2010 10:30,46,252.8
1/21/2010 10:45,46,260.4
1/21/2010 11:00,46,261.6
1/21/2010 11:15,47,261.9
1/21/2010 11:30,47,257.3
1/21/2010 11:45,47,258.2
1/21/2010 12:00,47,255
1/21/2010 12:15,48,260.6
1/21/2010 12:30,48,254.5
1/21/2010 12:45,48,258.7
1/21/2010 13:00,48,262
1/21/2010 13:15,47,257.6
1/21/2010 13:30,47,261.1
1/21/2010 13:45,47,259.9
1/21/2010 14:00,47,259.4
1/21/2010 14:15,47,261.5
1/21/2010 14:30,47,255.8
1/21/2010 14:45,47,250.9
1/21/2010 15:00,47,255.7
1/21/2010 15:15,48,252.8
1/21/2010 15:30,48,256
1/21/2010 15:45,48,253.3
1/21/2010 16:00,48,252.5
1/21/2010 16:15,49,249.5
1/21/2010 16:30,49,253.9
1/21/2010 16:45,49,248.1
1/21/2010 17:00,49,248.9
1/21/2010 17:15,46,273
1/21/2010 17:30,46,304.2
1/21/2010 17:45,46,297.5
1/21/2010 18:00,46,303.8
1/21/2010 18:15,46,301.3
1/21/2010 18:30,46,298.1
1/21/2010 18:45,46,293.2
1/21/2010 19:00,46,295.2
1/21/2010 19:15,44,296.9
1/21/2010 19:30,44,290.6
1/21/2010 19:45,44,296.8
1/21/2010 20:00,44,290.1
1/21/2010 20:15,44,288.6
1/21/2010 20:30,44,289.2
1/21/2010 20:45,44,289.1
1/21/2010 21:00,44,293
1/21/2010 21:15,44,285.1
1/21/2010 21:30,44,280.8
1/21/2010 21:45,44,284
1/21/2010 22:00,44,276.4
1/21/2010 22:15,44,270.9
1/21/2010 22:30,44,275.8
1/21/2010 22:45,44,280.6
1/21/2010 23:00,44,278.7
1/21/2010 23:15,44,192.2
1/21/2010 23:30,44,190.7
1/21/2010 23:45,44,165.9
1/22/2010 0:00,44,162.7
1/22/2010 0:15,44,155.4
1/22/2010 0:30,44,153.5
1/22/2010 0:45,44,156.8
1/22/2010 1:00,44,162.3
1/22/2010 1:15,44,162.5
1/22/2010 1:30,44,148.7
1/22/2010 1:45,44,153.3
1/22/2010 2:00,44,157.3
1/22/2010 2:15,44,155.7
1/22/2010 2:30,44,158.5
1/22/2010 2:45,44,155.6
1/22/2010 3:00,44,157.7
1/22/2010 3:15,44,153.7
1/22/2010 3:30,44,148.5
1/22/2010 3:45,44,162.8
1/22/2010 4:00,44,162.1
1/22/2010 4:15,44,157.9
1/22/2010 4:30,44,159.9
1/22/2010 4:45,44,158.2
1/22/2010 5:00,44,153.5
1/22/2010 5:15,44,161.6
1/22/2010 5:30,44,157
1/22/2010 5:45,44,159.8
1/22/2010 6:00,44,159.9
1/22/2010 6:15,44,163
1/22/2010 6:30,44,157.3
1/22/2010 6:45,44,162.9
1/22/2010 7:00,44,169
1/22/2010 7:15,44,181.2
1/22/2010 7:30,44,173.7
1/22/2010 7:45,44,167.2
1/22/2010 8:00,44,175.9
1/22/2010 8:15,44,257.2
1/22/2010 8:30,44,258.6
1/22/2010 8:45,44,256
1/22/2010 9:00,44,258.6
1/22/2010 9:15,43,256.6
1/22/2010 9:30,43,250
1/22/2010 9:45,43,251.7
1/22/2010 10:00,43,256.6
1/22/2010 10:15,43,258.1
1/22/2010 10:30,43,252.3
1/22/2010 10:45,43,260.5
1/22/2010 11:00,43,259.7
1/22/2010 11:15,46,253.7
1/22/2010 11:30,46,256.7
1/22/2010 11:45,46,255.6
1/22/2010 12:00,46,260.4
1/22/2010 12:15,49,263.4
1/22/2010 12:30,49,271.3
1/22/2010 12:45,49,259.1
1/22/2010 13:00,49,259.7
1/22/2010 13:15,52,263.2
1/22/2010 13:30,52,262.1
1/22/2010 13:45,52,257.7
1/22/2010 14:00,52,259.1
1/22/2010 14:15,51,261.1
1/22/2010 14:30,51,259.5
1/22/2010 14:45,51,259.2
1/22/2010 15:00,51,256.6
1/22/2010 15:15,47,258.9
1/22/2010 15:30,47,260.2
1/22/2010 15:45,47,260.8
1/22/2010 16:00,47,258.2
1/22/2010 16:15,49,261.9
1/22/2010 16:30,49,256.5
1/22/2010 16:45,49,254.3
1/22/2010 17:00,49,255.8
1/22/2010 17:15,49,270.3
1/22/2010 17:30,49,299.9
1/22/2010 17:45,49,302.3
1/22/2010 18:00,49,300.5
1/22/2010 18:15,46,298.4
1/22/2010 18:30,46,296.7
1/22/2010 18:45,46,296.5
1/22/2010 19:00,46,289
1/22/2010 19:15,47,290.4
1/22/2010 19:30,47,292.5
1/22/2010 19:45,47,294.5
1/22/2010 20:00,47,289.4
1/22/2010 20:15,45,290.2
1/22/2010 20:30,45,285.7
1/22/2010 20:45,45,281.7
1/22/2010 21:00,45,283.6
1/22/2010 21:15,45,284.7
1/22/2010 21:30,45,289.5
1/22/2010 21:45,45,289.5
1/22/2010 22:00,45,287.2
1/22/2010 22:15,44,276.1
1/22/2010 22:30,44,278.5
1/22/2010 22:45,44,279.1
1/22/2010 23:00,44,275.1
1/22/2010 23:15,44,187.5
1/22/2010 23:30,44,192.8
1/22/2010 23:45,44,158
1/23/2010 0:00,44,155.3
1/23/2010 0:15,43,155.5
1/23/2010 0:30,43,148.8
1/23/2010 0:45,43,153.2
1/23/2010 1:00,43,153.4
1/23/2010 1:15,43,156.6
1/23/2010 1:30,43,148.1
1/23/2010 1:45,43,152.8
1/23/2010 2:00,43,152.1
1/23/2010 2:15,45,148.8
1/23/2010 2:30,45,149.9
1/23/2010 2:45,45,150.4
1/23/2010 3:00,45,149.8
1/23/2010 3:15,45,143.3
1/23/2010 3:30,45,142.5
1/23/2010 3:45,45,149.9
1/23/2010 4:00,45,154.5
1/23/2010 4:15,45,148.9
1/23/2010 4:30,45,149.5
1/23/2010 4:45,45,150.5
1/23/2010 5:00,45,147.2
1/23/2010 5:15,45,152.8
1/23/2010 5:30,45,148.7
1/23/2010 5:45,45,152.8
1/23/2010 6:00,45,150.9
1/23/2010 6:15,45,155.4
1/23/2010 6:30,45,154.7
1/23/2010 6:45,45,153.6
1/23/2010 7:00,45,174.8
1/23/2010 7:15,45,173.3
1/23/2010 7:30,45,172.1
1/23/2010 7:45,45,164.7
1/23/2010 8:00,45,169.8
1/23/2010 8:15,45,244.5
1/23/2010 8:30,45,245
1/23/2010 8:45,45,248.4
1/23/2010 9:00,45,252
1/23/2010 9:15,48,253.2
1/23/2010 9:30,48,246.9
1/23/2010 9:45,48,249.7
1/23/2010 10:00,48,252.5
1/23/2010 10:15,48,246.1
1/23/2010 10:30,48,250.2
1/23/2010 10:45,48,252.9
1/23/2010 11:00,48,250.7
1/23/2010 11:15,52,254.5
1/23/2010 11:30,52,251.5
1/23/2010 11:45,52,247.4
1/23/2010 12:00,52,250.5
1/23/2010 12:15,53,253.6
1/23/2010 12:30,53,253.7
1/23/2010 12:45,53,251.7
1/23/2010 13:00,53,252.2
1/23/2010 13:15,55,261.1
1/23/2010 13:30,55,259.4
1/23/2010 13:45,55,259.5
1/23/2010 14:00,55,252
1/23/2010 14:15,57,257.8
1/23/2010 14:30,57,255.9
1/23/2010 14:45,57,256.1
1/23/2010 15:00,57,251.5
1/23/2010 15:15,54,256.2
1/23/2010 15:30,54,259
1/23/2010 15:45,54,259
1/23/2010 16:00,54,254.9
1/23/2010 16:15,55,261.5
1/23/2010 16:30,55,268
1/23/2010 16:45,55,260.5
1/23/2010 17:00,55,255.7
1/23/2010 17:15,53,271.6
1/23/2010 17:30,53,306.8
1/23/2010 17:45,53,304.9
1/23/2010 18:00,53,300.2
1/23/2010 18:15,51,296.4
1/23/2010 18:30,51,299.9
1/23/2010 18:45,51,295.9
1/23/2010 19:00,51,296.2
1/23/2010 19:15,48,297.5
1/23/2010 19:30,48,297.1
1/23/2010 19:45,48,290.4
1/23/2010 20:00,48,290.5
1/23/2010 20:15,49,287.9
1/23/2010 20:30,49,286.8
1/23/2010 20:45,49,289.1
1/23/2010 21:00,49,290.6
1/23/2010 21:15,47,288.5
1/23/2010 21:30,47,279.4
1/23/2010 21:45,47,277.9
1/23/2010 22:00,47,284.6
1/23/2010 22:15,46,274.3
1/23/2010 22:30,46,272
1/23/2010 22:45,46,270.3
1/23/2010 23:00,46,270.3
1/23/2010 23:15,45,181.4
1/23/2010 23:30,45,180.3
1/23/2010 23:45,45,147.7
1/24/2010 0:00,45,140.5
1/24/2010 0:15,44,148.7
1/24/2010 0:30,44,142.6
1/24/2010 0:45,44,157
1/24/2010 1:00,44,155.6
1/24/2010 1:15,45,150
1/24/2010 1:30,45,138.7
1/24/2010 1:45,45,137.8
1/24/2010 2:00,45,149.5
1/24/2010 2:15,44,143.5
1/24/2010 2:30,44,145
1/24/2010 2:45,44,141.9
1/24/2010 3:00,44,148.5
1/24/2010 3:15,43,147.2
1/24/2010 3:30,43,148.2
1/24/2010 3:45,43,150.1
1/24/2010 4:00,43,146.1
1/24/2010 4:15,42,147.3
1/24/2010 4:30,42,143.2
1/24/2010 4:45,42,145.9
1/24/2010 5:00,42,147.6
1/24/2010 5:15,42,153.6
1/24/2010 5:30,42,144.9
1/24/2010 5:45,42,148.2
1/24/2010 6:00,42,146.7
1/24/2010 6:15,43,153.3
1/24/2010 6:30,43,173.2
1/24/2010 6:45,43,180.2
1/24/2010 7:00,43,172.3
1/24/2010 7:15,44,173.3
1/24/2010 7:30,44,167.8
1/24/2010 7:45,44,167.1
1/24/2010 8:00,44,172.2
1/24/2010 8:15,45,258.3
1/24/2010 8:30,45,249.9
1/24/2010 8:45,45,255.9
1/24/2010 9:00,45,247.3
1/24/2010 9:15,47,253.5
1/24/2010 9:30,47,252.4
1/24/2010 9:45,47,252.4
1/24/2010 10:00,47,248.3
1/24/2010 10:15,51,248.8
1/24/2010 10:30,51,252
1/24/2010 10:45,51,250.2
1/24/2010 11:00,51,251.5
1/24/2010 11:15,52,255.1
1/24/2010 11:30,52,250
1/24/2010 11:45,52,252
1/24/2010 12:00,52,247.5
1/24/2010 12:15,53,253.2
1/24/2010 12:30,53,260
1/24/2010 12:45,53,257.7
1/24/2010 13:00,53,255.5
1/24/2010 13:15,52,263.2
1/24/2010 13:30,52,261.1
1/24/2010 13:45,52,258.2
1/24/2010 14:00,52,263.9
1/24/2010 14:15,53,255.2
1/24/2010 14:30,53,263.6
1/24/2010 14:45,53,260.4
1/24/2010 15:00,53,253
1/24/2010 15:15,54,255
1/24/2010 15:30,54,256.6
1/24/2010 15:45,54,259.3
1/24/2010 16:00,54,255.1
1/24/2010 16:15,54,256.6
1/24/2010 16:30,54,254.9
1/24/2010 16:45,54,253
1/24/2010 17:00,54,249.9
1/24/2010 17:15,54,262.5
1/24/2010 17:30,54,294.4
1/24/2010 17:45,54,298
1/24/2010 18:00,54,294.9
1/24/2010 18:15,54,292.6
1/24/2010 18:30,54,286.3
1/24/2010 18:45,54,288.1
1/24/2010 19:00,54,293.9
1/24/2010 19:15,53,293
1/24/2010 19:30,53,292.9
1/24/2010 19:45,53,291.5
1/24/2010 20:00,53,287
1/24/2010 20:15,53,281.4
1/24/2010 20:30,53,283.7
1/24/2010 20:45,53,283
1/24/2010 21:00,53,285.1
1/24/2010 21:15,53,273.4
1/24/2010 21:30,53,265.7
1/24/2010 21:45,53,267
1/24/2010 22:00,53,268.8
1/24/2010 22:15,52,187.3
1/24/2010 22:30,52,185.8
1/24/2010 22:45,52,151.5
1/24/2010 23:00,52,151.5
1/24/2010 23:15,54,153.1
1/24/2010 23:30,54,158.4
1/24/2010 23:45,54,154.6
1/25/2010 0:00,54,155.5
1/25/2010 0:15,53,148.5
1/25/2010 0:30,53,148.7
1/25/2010 0:45,53,153
1/25/2010 1:00,53,161.5
1/25/2010 1:15,52,160.9
1/25/2010 1:30,52,150.6
1/25/2010 1:45,52,149.9
1/25/2010 2:00,52,149.2
1/25/2010 2:15,53,155.9
1/25/2010 2:30,53,157.6
1/25/2010 2:45,53,150.5
1/25/2010 3:00,53,155.1
1/25/2010 3:15,53,151.2
1/25/2010 3:30,53,148
1/25/2010 3:45,53,151.7
1/25/2010 4:00,53,149.9
1/25/2010 4:15,53,154.7
1/25/2010 4:30,53,152.9
1/25/2010 4:45,53,159
1/25/2010 5:00,53,154.7
1/25/2010 5:15,51,154.1
1/25/2010 5:30,51,153
1/25/2010 5:45,51,150.7
1/25/2010 6:00,51,156.4
1/25/2010 6:15,51,164.9
1/25/2010 6:30,51,166.9
1/25/2010 6:45,51,176.7
1/25/2010 7:00,51,176.6
1/25/2010 7:15,51,182.2
1/25/2010 7:30,51,180
1/25/2010 7:45,51,170.3
1/25/2010 8:00,51,168.5
1/25/2010 8:15,51,253.8
1/25/2010 8:30,51,260.9
1/25/2010 8:45,51,255.5
1/25/2010 9:00,51,252.9
1/25/2010 9:15,52,252.7
1/25/2010 9:30,52,245.1
1/25/2010 9:45,52,251.4
1/25/2010 10:00,52,247.2
1/25/2010 10:15,54,248.2
1/25/2010 10:30,54,253.5
1/25/2010 10:45,54,247.5
1/25/2010 11:00,54,253.5
1/25/2010 11:15,53,255.9
1/25/2010 11:30,53,259.4
1/25/2010 11:45,53,255.8
1/25/2010 12:00,53,256.4
1/25/2010 12:15,55,258
1/25/2010 12:30,55,255.1
1/25/2010 12:45,55,253.1
1/25/2010 13:00,55,249.4
1/25/2010 13:15,56,247.4
1/25/2010 13:30,56,258
1/25/2010 13:45,56,256.7
1/25/2010 14:00,56,252.9
1/25/2010 14:15,56,260.6
1/25/2010 14:30,56,259.3
1/25/2010 14:45,56,260.4
1/25/2010 15:00,56,253.3
1/25/2010 15:15,57,250.4
1/25/2010 15:30,57,253.4
1/25/2010 15:45,57,250.9
1/25/2010 16:00,57,247.8
1/25/2010 16:15,56,248.9
1/25/2010 16:30,56,254.5
1/25/2010 16:45,56,250.6
1/25/2010 17:00,56,252.2
1/25/2010 17:15,57,252.4
1/25/2010 17:30,57,296.4
1/25/2010 17:45,57,296.8
1/25/2010 18:00,57,289.6
1/25/2010 18:15,58,288.7
1/25/2010 18:30,58,291.2
1/25/2010 18:45,58,285.6
1/25/2010 19:00,58,282.9
1/25/2010 19:15,57,292.2
1/25/2010 19:30,57,290.2
1/25/2010 19:45,57,292.8
1/25/2010 20:00,57,287.9
1/25/2010 20:15,56,285.1
1/25/2010 20:30,56,289.3
1/25/2010 20:45,56,283.3
1/25/2010 21:00,56,283.2
1/25/2010 21:15,56,280.7
1/25/2010 21:30,56,278.7
1/25/2010 21:45,56,278.8
1/25/2010 22:00,56,284
1/25/2010 22:15,55,282.6
1/25/2010 22:30,55,277.4
1/25/2010 22:45,55,280.5
1/25/2010 23:00,55,276.1
1/25/2010 23:15,52,186
1/25/2010 23:30,52,191.9
1/25/2010 23:45,52,159.9
1/26/2010 0:00,52,151.4
1/26/2010 0:15,51,151.1
1/26/2010 0:30,51,147.2
1/26/2010 0:45,51,145.4
1/26/2010 1:00,51,159.1
1/26/2010 1:15,53,159.5
1/26/2010 1:30,53,149
1/26/2010 1:45,53,153.4
1/26/2010 2:00,53,153.5
1/26/2010 2:15,54,157.7
1/26/2010 2:30,54,156.4
1/26/2010 2:45,54,155.2
1/26/2010 3:00,54,157
1/26/2010 3:15,55,148.9
1/26/2010 3:30,55,146.9
1/26/2010 3:45,55,156.1
1/26/2010 4:00,55,153.1
1/26/2010 4:15,55,151.9
1/26/2010 4:30,55,152.8
1/26/2010 4:45,55,154.6
1/26/2010 5:00,55,159.7
1/26/2010 5:15,54,156.1
1/26/2010 5:30,54,161.8
1/26/2010 5:45,54,168
1/26/2010 6:00,54,166.4
1/26/2010 6:15,52,168.1
1/26/2010 6:30,52,176.8
1/26/2010 6:45,52,174.7
1/26/2010 7:00,52,169.6
1/26/2010 7:15,54,175.9
1/26/2010 7:30,54,184.9
1/26/2010 7:45,54,176.4
1/26/2010 8:00,54,179.5
1/26/2010 8:15,54,261.4
1/26/2010 8:30,54,253.4
1/26/2010 8:45,54,251.7
1/26/2010 9:00,54,260.2
1/26/2010 9:15,54,262.1
1/26/2010 9:30,54,253.9
1/26/2010 9:45,54,251.1
1/26/2010 10:00,54,256.9
1/26/2010 10:15,54,258.5
1/26/2010 10:30,54,250.8
1/26/2010 10:45,54,250.8
1/26/2010 11:00,54,250.8
1/26/2010 11:15,54,258.9
1/26/2010 11:30,54,258
1/26/2010 11:45,54,261.2
1/26/2010 12:00,54,258.8
1/26/2010 12:15,54,258.4
1/26/2010 12:30,54,257.6
1/26/2010 12:45,54,256.2
1/26/2010 13:00,54,255.5
1/26/2010 13:15,54,254
1/26/2010 13:30,54,253
1/26/2010 13:45,54,256
1/26/2010 14:00,54,252
1/26/2010 14:15,54,256.6
1/26/2010 14:30,54,264.4
1/26/2010 14:45,54,259.8
1/26/2010 15:00,54,263.3
1/26/2010 15:15,52,264.2
1/26/2010 15:30,52,257.7
1/26/2010 15:45,52,261.2
1/26/2010 16:00,52,261.1
1/26/2010 16:15,52,260.6
1/26/2010 16:30,52,260.5
1/26/2010 16:45,52,248.2
1/26/2010 17:00,52,244.7
1/26/2010 17:15,53,248.2
1/26/2010 17:30,53,287.5
1/26/2010 17:45,53,297.1
1/26/2010 18:00,53,297.4
1/26/2010 18:15,51,292.7
1/26/2010 18:30,51,287.3
1/26/2010 18:45,51,289.1
1/26/2010 19:00,51,280.5
1/26/2010 19:15,52,294.6
1/26/2010 19:30,52,294.1
1/26/2010 19:45,52,287.9
1/26/2010 20:00,52,287.7
1/26/2010 20:15,52,288.4
1/26/2010 20:30,52,288.6
1/26/2010 20:45,52,289.3
1/26/2010 21:00,52,286.5
1/26/2010 21:15,50,293
1/26/2010 21:30,50,292.1
1/26/2010 21:45,50,293.5
1/26/2010 22:00,50,276.4
1/26/2010 22:15,48,273.1
1/26/2010 22:30,48,277.5
1/26/2010 22:45,48,278.3
1/26/2010 23:00,48,275.3
1/26/2010 23:15,50,185.8
1/26/2010 23:30,50,186.7
1/26/2010 23:45,50,155.2
1/27/2010 0:00,50,151.6
1/27/2010 0:15,47,150.4
1/27/2010 0:30,47,147.7
1/27/2010 0:45,47,154.3
1/27/2010 1:00,47,156.8
1/27/2010 1:15,47,157.9
1/27/2010 1:30,47,150.5
1/27/2010 1:45,47,152.3
1/27/2010 2:00,47,154.6
1/27/2010 2:15,49,151.9
1/27/2010 2:30,49,159.7
1/27/2010 2:45,49,151.8
1/27/2010 3:00,49,151.1
1/27/2010 3:15,47,142.5
1/27/2010 3:30,47,148.1
1/27/2010 3:45,47,149.2
1/27/2010 4:00,47,154.9
1/27/2010 4:15,48,159.9
1/27/2010 4:30,48,151.9
1/27/2010 4:45,48,152.4
1/27/2010 5:00,48,157.7
1/27/2010 5:15,48,162.9
1/27/2010 5:30,48,156.5
1/27/2010 5:45,48,163
1/27/2010 6:00,48,160.3
1/27/2010 6:15,47,158.7
1/27/2010 6:30,47,167.9
1/27/2010 6:45,47,166.8
1/27/2010 7:00,47,162.4
1/27/2010 7:15,46,161.3
1/27/2010 7:30,46,160.8
1/27/2010 7:45,46,160
1/27/2010 8:00,46,178.6
1/27/2010 8:15,47,256.9
1/27/2010 8:30,47,257.3
1/27/2010 8:45,47,254.5
1/27/2010 9:00,47,244.3
1/27/2010 9:15,48,254.8
1/27/2010 9:30,48,253
1/27/2010 9:45,48,255.9
1/27/2010 10:00,48,255.1
1/27/2010 10:15,49,254.1
1/27/2010 10:30,49,260.1
1/27/2010 10:45,49,250.7
1/27/2010 11:00,49,254.3
1/27/2010 11:15,50,257.2
1/27/2010 11:30,50,250.7
1/27/2010 11:45,50,254
1/27/2010 12:00,50,256.7
1/27/2010 12:15,50,257.4
1/27/2010 12:30,50,256.3
1/27/2010 12:45,50,253.1
1/27/2010 13:00,50,250.6
1/27/2010 13:15,52,260.5
1/27/2010 13:30,52,257.9
1/27/2010 13:45,52,254.4
1/27/2010 14:00,52,257.9
1/27/2010 14:15,54,254.6
1/27/2010 14:30,54,255.4
1/27/2010 14:45,54,280.8
1/27/2010 15:00,54,292.2
1/27/2010 15:15,55,299.2
1/27/2010 15:30,55,296.4
1/27/2010 15:45,55,270.1
1/27/2010 16:00,55,293.4
1/27/2010 16:15,56,298.7
1/27/2010 16:30,56,305.7
1/27/2010 16:45,56,279.8
1/27/2010 17:00,56,242.7
1/27/2010 17:15,55,255.3
1/27/2010 17:30,55,293.6
1/27/2010 17:45,55,303.6
1/27/2010 18:00,55,300.6
1/27/2010 18:15,51,299.7
1/27/2010 18:30,51,300.9
1/27/2010 18:45,51,294.3
1/27/2010 19:00,51,295.3
1/27/2010 19:15,51,300.6
1/27/2010 19:30,51,296.5
1/27/2010 19:45,51,298.9
1/27/2010 20:00,51,293.8
1/27/2010 20:15,49,297.7
1/27/2010 20:30,49,292.9
1/27/2010 20:45,49,298
1/27/2010 21:00,49,290.3
1/27/2010 21:15,48,293.8
1/27/2010 21:30,48,298.5
1/27/2010 21:45,48,296.6
1/27/2010 22:00,48,293.9
1/27/2010 22:15,50,280.5
1/27/2010 22:30,50,277.8
1/27/2010 22:45,50,278
1/27/2010 23:00,50,278.8
1/27/2010 23:15,51,194.2
1/27/2010 23:30,51,194.7
1/27/2010 23:45,51,155.1
1/28/2010 0:00,51,150.8
1/28/2010 0:15,51,150.1
1/28/2010 0:30,51,147.2
1/28/2010 0:45,51,154.1
1/28/2010 1:00,51,152.1
1/28/2010 1:15,50,158.2
1/28/2010 1:30,50,145.7
1/28/2010 1:45,50,154.6
1/28/2010 2:00,50,158.1
1/28/2010 2:15,50,151.7
1/28/2010 2:30,50,156
1/28/2010 2:45,50,150.5
1/28/2010 3:00,50,153.2
1/28/2010 3:15,49,155.5
1/28/2010 3:30,49,151.3
1/28/2010 3:45,49,154
1/28/2010 4:00,49,152.2
1/28/2010 4:15,48,152.3
1/28/2010 4:30,48,151.6
1/28/2010 4:45,48,153.2
1/28/2010 5:00,48,154
1/28/2010 5:15,47,157
1/28/2010 5:30,47,159.4
1/28/2010 5:45,47,155.4
1/28/2010 6:00,47,154.8
1/28/2010 6:15,45,183.2
1/28/2010 6:30,45,185.5
1/28/2010 6:45,45,180.6
1/28/2010 7:00,45,176.2
1/28/2010 7:15,45,186.3
1/28/2010 7:30,45,177.2
1/28/2010 7:45,45,174
1/28/2010 8:00,45,166.8
1/28/2010 8:15,45,286.7
1/28/2010 8:30,45,307.7
1/28/2010 8:45,45,309.9
1/28/2010 9:00,45,304.5
1/28/2010 9:15,49,263.9
1/28/2010 9:30,49,248.1
1/28/2010 9:45,49,254.9
1/28/2010 10:00,49,253.9
1/28/2010 10:15,51,255.7
1/28/2010 10:30,51,252.5
1/28/2010 10:45,51,253.7
1/28/2010 11:00,51,254.4
1/28/2010 11:15,53,253.2
1/28/2010 11:30,53,252.7
1/28/2010 11:45,53,254.3
1/28/2010 12:00,53,253.7
1/28/2010 12:15,55,250
1/28/2010 12:30,55,250.6
1/28/2010 12:45,55,243.4
1/28/2010 13:00,55,251.1
1/28/2010 13:15,57,248.5
1/28/2010 13:30,57,247.4
1/28/2010 13:45,57,246.5
1/28/2010 14:00,57,247.7
1/28/2010 14:15,56,248.1
1/28/2010 14:30,56,244.6
1/28/2010 14:45,56,248.2
1/28/2010 15:00,56,248.2
1/28/2010 15:15,57,246.7
1/28/2010 15:30,57,240.9
1/28/2010 15:45,57,240.2
1/28/2010 16:00,57,243.4
1/28/2010 16:15,56,241.4
1/28/2010 16:30,56,240.5
1/28/2010 16:45,56,240.8
1/28/2010 17:00,56,243.4
1/28/2010 17:15,55,254.3
1/28/2010 17:30,55,291.4
1/28/2010 17:45,55,295.6
1/28/2010 18:00,55,301.2
1/28/2010 18:15,53,296.3
1/28/2010 18:30,53,295
1/28/2010 18:45,53,293.6
1/28/2010 19:00,53,294.1
1/28/2010 19:15,53,298.8
1/28/2010 19:30,53,297.3
1/28/2010 19:45,53,293.8
1/28/2010 20:00,53,290.7
1/28/2010 20:15,51,288.8
1/28/2010 20:30,51,283.7
1/28/2010 20:45,51,282.6
1/28/2010 21:00,51,281.8
1/28/2010 21:15,50,284.5
1/28/2010 21:30,50,286.7
1/28/2010 21:45,50,284.5
1/28/2010 22:00,50,283.5
1/28/2010 22:15,49,278
1/28/2010 22:30,49,273.6
1/28/2010 22:45,49,273.3
1/28/2010 23:00,49,277.9
1/28/2010 23:15,47,190
1/28/2010 23:30,47,195.8
1/28/2010 23:45,47,159.8
1/29/2010 0:00,47,156
1/29/2010 0:15,48,152.6
1/29/2010 0:30,48,141.2
1/29/2010 0:45,48,155.5
1/29/2010 1:00,48,159.4
1/29/2010 1:15,46,159.4
1/29/2010 1:30,46,144.8
1/29/2010 1:45,46,150.4
1/29/2010 2:00,46,158
1/29/2010 2:15,46,151.8
1/29/2010 2:30,46,154
1/29/2010 2:45,46,152.6
1/29/2010 3:00,46,149.6
1/29/2010 3:15,46,145.2
1/29/2010 3:30,46,145
1/29/2010 3:45,46,152.8
1/29/2010 4:00,46,155
1/29/2010 4:15,45,157.5
1/29/2010 4:30,45,151.6
1/29/2010 4:45,45,153.1
1/29/2010 5:00,45,152.3
1/29/2010 5:15,45,149.7
1/29/2010 5:30,45,155.2
1/29/2010 5:45,45,156.2
1/29/2010 6:00,45,154
1/29/2010 6:15,46,157
1/29/2010 6:30,46,175.3
1/29/2010 6:45,46,185.1
1/29/2010 7:00,46,175.7
1/29/2010 7:15,47,177.5
1/29/2010 7:30,47,166.9
1/29/2010 7:45,47,164.9
1/29/2010 8:00,47,165.6
1/29/2010 8:15,48,250.3
1/29/2010 8:30,48,245.7
1/29/2010 8:45,48,245.4
1/29/2010 9:00,48,247.9
1/29/2010 9:15,49,251.5
1/29/2010 9:30,49,249.9
1/29/2010 9:45,49,253.9
1/29/2010 10:00,49,251.2
1/29/2010 10:15,51,249.2
1/29/2010 10:30,51,246.4
1/29/2010 10:45,51,246.4
1/29/2010 11:00,51,246
1/29/2010 11:15,56,245.8
1/29/2010 11:30,56,249
1/29/2010 11:45,56,246.3
1/29/2010 12:00,56,249.3
1/29/2010 12:15,59,254.8
1/29/2010 12:30,59,253.8
1/29/2010 12:45,59,254.7
1/29/2010 13:00,59,249.5
1/29/2010 13:15,61,249.3
1/29/2010 13:30,61,249.5
1/29/2010 13:45,61,251.6
1/29/2010 14:00,61,252.6
1/29/2010 14:15,58,251.4
1/29/2010 14:30,58,257.2
1/29/2010 14:45,58,249.8
1/29/2010 15:00,58,255
1/29/2010 15:15,61,254.4
1/29/2010 15:30,61,251.8
1/29/2010 15:45,61,253.4
1/29/2010 16:00,61,251.9
1/29/2010 16:15,59,249.2
1/29/2010 16:30,59,253.2
1/29/2010 16:45,59,250.1
1/29/2010 17:00,59,252
1/29/2010 17:15,58,251
1/29/2010 17:30,58,284.3
1/29/2010 17:45,58,299
1/29/2010 18:00,58,298.1
1/29/2010 18:15,52,298
1/29/2010 18:30,52,297.5
1/29/2010 18:45,52,301.7
1/29/2010 19:00,52,297
1/29/2010 19:15,52,302
1/29/2010 19:30,52,295.7
1/29/2010 19:45,52,295.1
1/29/2010 20:00,52,291.5
1/29/2010 20:15,53,294.2
1/29/2010 20:30,53,296
1/29/2010 20:45,53,291.9
1/29/2010 21:00,53,290.3
1/29/2010 21:15,52,286.7
1/29/2010 21:30,52,286.6
1/29/2010 21:45,52,290.9
1/29/2010 22:00,52,278.5
1/29/2010 22:15,52,281.8
1/29/2010 22:30,52,275.2
1/29/2010 22:45,52,278.2
1/29/2010 23:00,52,281.1
1/29/2010 23:15,50,192
1/29/2010 23:30,50,194
1/29/2010 23:45,50,155.8
1/30/2010 0:00,50,156.5
1/30/2010 0:15,50,152.6
1/30/2010 0:30,50,150.7
1/30/2010 0:45,50,152.5
1/30/2010 1:00,50,155.4
1/30/2010 1:15,50,152.6
1/30/2010 1:30,50,144
1/30/2010 1:45,50,145
1/30/2010 2:00,50,145.8
1/30/2010 2:15,49,142.1
1/30/2010 2:30,49,145.2
1/30/2010 2:45,49,148.4
1/30/2010 3:00,49,146.5
1/30/2010 3:15,47,141.6
1/30/2010 3:30,47,141.3
1/30/2010 3:45,47,143.2
1/30/2010 4:00,47,148
1/30/2010 4:15,46,145.1
1/30/2010 4:30,46,146.3
1/30/2010 4:45,46,146.6
1/30/2010 5:00,46,147.7
1/30/2010 5:15,44,146.8
1/30/2010 5:30,44,147.4
1/30/2010 5:45,44,149.8
1/30/2010 6:00,44,152
1/30/2010 6:15,43,156.4
1/30/2010 6:30,43,161
1/30/2010 6:45,43,175.2
1/30/2010 7:00,43,171
1/30/2010 7:15,43,167.9
1/30/2010 7:30,43,157.6
1/30/2010 7:45,43,144.9
1/30/2010 8:00,43,153.5
1/30/2010 8:15,44,239.9
1/30/2010 8:30,44,232.8
1/30/2010 8:45,44,236.2
1/30/2010 9:00,44,230.9
1/30/2010 9:15,48,239.4
1/30/2010 9:30,48,234.6
1/30/2010 9:45,48,238.3
1/30/2010 10:00,48,240.7
1/30/2010 10:15,51,237.5
1/30/2010 10:30,51,246.7
1/30/2010 10:45,51,243
1/30/2010 11:00,51,252.3
1/30/2010 11:15,56,250.2
1/30/2010 11:30,56,241.3
1/30/2010 11:45,56,238.6
1/30/2010 12:00,56,247
1/30/2010 12:15,58,243.4
1/30/2010 12:30,58,255.3
1/30/2010 12:45,58,248.2
1/30/2010 13:00,58,248.8
1/30/2010 13:15,58,253.7
1/30/2010 13:30,58,254.1
1/30/2010 13:45,58,252.6
1/30/2010 14:00,58,254
1/30/2010 14:15,58,248
1/30/2010 14:30,58,253.9
1/30/2010 14:45,58,251.5
1/30/2010 15:00,58,252.2
1/30/2010 15:15,59,244.7
1/30/2010 15:30,59,246.2
1/30/2010 15:45,59,250.5
1/30/2010 16:00,59,252.1
1/30/2010 16:15,59,251.4
1/30/2010 16:30,59,252.8
1/30/2010 16:45,59,249.1
1/30/2010 17:00,59,254.7
1/30/2010 17:15,55,251
1/30/2010 17:30,55,285
1/30/2010 17:45,55,305.9
1/30/2010 18:00,55,303.4
1/30/2010 18:15,53,299.5
1/30/2010 18:30,53,299
1/30/2010 18:45,53,296.4
1/30/2010 19:00,53,298.4
1/30/2010 19:15,52,300.6
1/30/2010 19:30,52,295.3
1/30/2010 19:45,52,298.2
1/30/2010 20:00,52,293.8
1/30/2010 20:15,51,293.1
1/30/2010 20:30,51,290
1/30/2010 20:45,51,293.2
1/30/2010 21:00,51,292.1
1/30/2010 21:15,49,295.5
1/30/2010 21:30,49,289.6
1/30/2010 21:45,49,289.6
1/30/2010 22:00,49,294.9
1/30/2010 22:15,48,294.3
1/30/2010 22:30,48,285.8
1/30/2010 22:45,48,278.6
1/30/2010 23:00,48,278.2
1/30/2010 23:15,47,194.2
1/30/2010 23:30,47,194.1
1/30/2010 23:45,47,155.3
1/31/2010 0:00,47,150.9
1/31/2010 0:15,48,149.9
1/31/2010 0:30,48,147.2
1/31/2010 0:45,48,152.5
1/31/2010 1:00,48,153.8
1/31/2010 1:15,48,147.9
1/31/2010 1:30,48,140.3
1/31/2010 1:45,48,138.9
1/31/2010 2:00,48,139.9
1/31/2010 2:15,49,142.4
1/31/2010 2:30,49,141.9
1/31/2010 2:45,49,140.7
1/31/2010 3:00,49,147.5
1/31/2010 3:15,50,143
1/31/2010 3:30,50,146
1/31/2010 3:45,50,145.2
1/31/2010 4:00,50,145.2
1/31/2010 4:15,50,151.5
1/31/2010 4:30,50,145.9
1/31/2010 4:45,50,148.5
1/31/2010 5:00,50,147.7
1/31/2010 5:15,50,153.2
1/31/2010 5:30,50,148.8
1/31/2010 5:45,50,149.2
1/31/2010 6:00,50,152.4
1/31/2010 6:15,49,150.8
1/31/2010 6:30,49,160.3
1/31/2010 6:45,49,158.9
1/31/2010 7:00,49,171.6
1/31/2010 7:15,48,165.5
1/31/2010 7:30,48,160.6
1/31/2010 7:45,48,151.1
1/31/2010 8:00,48,158.3
1/31/2010 8:15,48,241
1/31/2010 8:30,48,239.9
1/31/2010 8:45,48,237.4
1/31/2010 9:00,48,234.3
1/31/2010 9:15,50,241.5
1/31/2010 9:30,50,238
1/31/2010 9:45,50,238.5
1/31/2010 10:00,50,245.3
1/31/2010 10:15,51,237.1
1/31/2010 10:30,51,239.2
1/31/2010 10:45,51,238.9
1/31/2010 11:00,51,239.7
1/31/2010 11:15,53,247.4
1/31/2010 11:30,53,244.1
1/31/2010 11:45,53,241.8
1/31/2010 12:00,53,245.3
1/31/2010 12:15,55,240.6
1/31/2010 12:30,55,246.5
1/31/2010 12:45,55,249.4
1/31/2010 13:00,55,248.8
1/31/2010 13:15,56,246.7
1/31/2010 13:30,56,251.2
1/31/2010 13:45,56,250.1
1/31/2010 14:00,56,249.9
1/31/2010 14:15,58,250.6
1/31/2010 14:30,58,253
1/31/2010 14:45,58,253.8
1/31/2010 15:00,58,251.5
1/31/2010 15:15,58,253.8
1/31/2010 15:30,58,255.8
1/31/2010 15:45,58,257.5
1/31/2010 16:00,58,254
1/31/2010 16:15,58,253.4
1/31/2010 16:30,58,256.7
1/31/2010 16:45,58,252.4
1/31/2010 17:00,58,252.4
1/31/2010 17:15,56,252.2
1/31/2010 17:30,56,282.8
1/31/2010 17:45,56,303
1/31/2010 18:00,56,304.9
1/31/2010 18:15,52,302.8
1/31/2010 18:30,52,295.7
1/31/2010 18:45,52,294.5
1/31/2010 19:00,52,291.8
1/31/2010 19:15,53,299.6
1/31/2010 19:30,53,293.8
1/31/2010 19:45,53,300.9
1/31/2010 20:00,53,294.4
1/31/2010 20:15,53,292.3
1/31/2010 20:30,53,293.9
1/31/2010 20:45,53,294.9
1/31/2010 21:00,53,284.4
1/31/2010 21:15,53,279.9
1/31/2010 21:30,53,279.5
1/31/2010 21:45,53,274.5
1/31/2010 22:00,53,277.3
1/31/2010 22:15,51,194.4
1/31/2010 22:30,51,194
1/31/2010 22:45,51,154
1/31/2010 23:00,51,152
1/31/2010 23:15,50,150.9
1/31/2010 23:30,50,156.3
1/31/2010 23:45,50,155.3
2/1/2010 0:00,50,151.2
2/1/2010 0:15,49,155
2/1/2010 0:30,49,147.6
2/1/2010 0:45,49,160.7
2/1/2010 1:00,49,162.5
2/1/2010 1:15,48,159.4
2/1/2010 1:30,48,152.3
2/1/2010 1:45,48,154.4
2/1/2010 2:00,48,153.4
2/1/2010 2:15,47,156.1
2/1/2010 2:30,47,158.6
2/1/2010 2:45,47,155.4
2/1/2010 3:00,47,152
2/1/2010 3:15,48,150.4
2/1/2010 3:30,48,149.3
2/1/2010 3:45,48,156.8
2/1/2010 4:00,48,154.9
2/1/2010 4:15,47,153.5
2/1/2010 4:30,47,150.1
2/1/2010 4:45,47,153.4
2/1/2010 5:00,47,150
2/1/2010 5:15,45,153.1
2/1/2010 5:30,45,156.6
2/1/2010 5:45,45,160.1
2/1/2010 6:00,45,163.7
2/1/2010 6:15,45,161.8
2/1/2010 6:30,45,167.1
2/1/2010 6:45,45,163.6
2/1/2010 7:00,45,180
2/1/2010 7:15,46,172.4
2/1/2010 7:30,46,164.9
2/1/2010 7:45,46,161.6
2/1/2010 8:00,46,169.5
2/1/2010 8:15,45,257.6
2/1/2010 8:30,45,249.1
2/1/2010 8:45,45,248.8
2/1/2010 9:00,45,248.4
2/1/2010 9:15,50,247
2/1/2010 9:30,50,256.8
2/1/2010 9:45,50,255.5
2/1/2010 10:00,50,252.6
2/1/2010 10:15,53,252.7
2/1/2010 10:30,53,246.1
2/1/2010 10:45,53,245.6
2/1/2010 11:00,53,249
2/1/2010 11:15,57,245.9
2/1/2010 11:30,57,250.3
2/1/2010 11:45,57,245.1
2/1/2010 12:00,57,250.7
2/1/2010 12:15,57,252.4
2/1/2010 12:30,57,254.4
2/1/2010 12:45,57,256
2/1/2010 13:00,57,249.6
2/1/2010 13:15,59,245.4
2/1/2010 13:30,59,256.4
2/1/2010 13:45,59,250.2
2/1/2010 14:00,59,251.3
2/1/2010 14:15,60,256.1
2/1/2010 14:30,60,252.4
2/1/2010 14:45,60,250.9
2/1/2010 15:00,60,249.6
2/1/2010 15:15,60,244.4
2/1/2010 15:30,60,254.1
2/1/2010 15:45,60,251.5
2/1/2010 16:00,60,251.9
2/1/2010 16:15,58,253.6
2/1/2010 16:30,58,253.6
2/1/2010 16:45,58,242.6
2/1/2010 17:00,58,243.9
2/1/2010 17:15,56,247.4
2/1/2010 17:30,56,277.1
2/1/2010 17:45,56,301.1
2/1/2010 18:00,56,300.2
2/1/2010 18:15,55,300.9
2/1/2010 18:30,55,297.7
2/1/2010 18:45,55,296.7
2/1/2010 19:00,55,292
2/1/2010 19:15,54,296.9
2/1/2010 19:30,54,297.3
2/1/2010 19:45,54,297.3
2/1/2010 20:00,54,298.5
2/1/2010 20:15,53,300.3
2/1/2010 20:30,53,297.8
2/1/2010 20:45,53,291.1
2/1/2010 21:00,53,290.4
2/1/2010 21:15,53,291.5
2/1/2010 21:30,53,291.4
2/1/2010 21:45,53,291.1
2/1/2010 22:00,53,285.8
2/1/2010 22:15,52,283.6
2/1/2010 22:30,52,284.7
2/1/2010 22:45,52,277.6
2/1/2010 23:00,52,277.8
2/1/2010 23:15,52,191.7
2/1/2010 23:30,52,195.1
2/1/2010 23:45,52,155.4
2/2/2010 0:00,52,156.5
2/2/2010 0:15,51,152.4
2/2/2010 0:30,51,155.7
2/2/2010 0:45,51,150.2
2/2/2010 1:00,51,157.1
2/2/2010 1:15,50,156.3
2/2/2010 1:30,50,147.6
2/2/2010 1:45,50,143.8
2/2/2010 2:00,50,158.4
2/2/2010 2:15,50,155
2/2/2010 2:30,50,152.9
2/2/2010 2:45,50,152.2
2/2/2010 3:00,50,151.5
2/2/2010 3:15,50,152.2
2/2/2010 3:30,50,145.1
2/2/2010 3:45,50,153.6
2/2/2010 4:00,50,155.8
2/2/2010 4:15,48,150.5
2/2/2010 4:30,48,152.7
2/2/2010 4:45,48,150.1
2/2/2010 5:00,48,150.8
2/2/2010 5:15,48,153.7
2/2/2010 5:30,48,150
2/2/2010 5:45,48,156.7
2/2/2010 6:00,48,157.3
2/2/2010 6:15,48,166.1
2/2/2010 6:30,48,180.4
2/2/2010 6:45,48,176.7
2/2/2010 7:00,48,182.7
2/2/2010 7:15,47,183.1
2/2/2010 7:30,47,175.2
2/2/2010 7:45,47,170.6
2/2/2010 8:00,47,172.9
2/2/2010 8:15,48,254.5
2/2/2010 8:30,48,254.9
2/2/2010 8:45,48,246.6
2/2/2010 9:00,48,252.9
2/2/2010 9:15,49,250.2
2/2/2010 9:30,49,240.7
2/2/2010 9:45,49,249.2
2/2/2010 10:00,49,250.4
2/2/2010 10:15,52,244.5
2/2/2010 10:30,52,251.2
2/2/2010 10:45,52,254.3
2/2/2010 11:00,52,253.1
2/2/2010 11:15,53,252.7
2/2/2010 11:30,53,249.2
2/2/2010 11:45,53,252.7
2/2/2010 12:00,53,254.2
2/2/2010 12:15,56,251.7
2/2/2010 12:30,56,259.6
2/2/2010 12:45,56,259.3
2/2/2010 13:00,56,259.4
2/2/2010 13:15,56,252.4
2/2/2010 13:30,56,257.4
2/2/2010 13:45,56,253.5
2/2/2010 14:00,56,251.8
2/2/2010 14:15,58,259.3
2/2/2010 14:30,58,253.2
2/2/2010 14:45,58,259.9
2/2/2010 15:00,58,256
2/2/2010 15:15,57,251.4
2/2/2010 15:30,57,249.5
2/2/2010 15:45,57,253.6
2/2/2010 16:00,57,252.6
2/2/2010 16:15,58,257.6
2/2/2010 16:30,58,255.6
2/2/2010 16:45,58,247.9
2/2/2010 17:00,58,251.6
2/2/2010 17:15,56,254.4
2/2/2010 17:30,56,266.6
2/2/2010 17:45,56,303.4
2/2/2010 18:00,56,305.1
2/2/2010 18:15,55,295.8
2/2/2010 18:30,55,297.1
2/2/2010 18:45,55,292.5
2/2/2010 19:00,55,301.8
2/2/2010 19:15,54,306.2
2/2/2010 19:30,54,300.4
2/2/2010 19:45,54,293.2
2/2/2010 20:00,54,293.6
2/2/2010 20:15,54,290.8
2/2/2010 20:30,54,293.2
2/2/2010 20:45,54,290.3
2/2/2010 21:00,54,289.3
2/2/2010 21:15,53,290.6
2/2/2010 21:30,53,289.1
2/2/2010 21:45,53,288.4
2/2/2010 22:00,53,282
2/2/2010 22:15,50,278.2
2/2/2010 22:30,50,277.7
2/2/2010 22:45,50,283.4
2/2/2010 23:00,50,285
2/2/2010 23:15,50,200.4
2/2/2010 23:30,50,198.8
2/2/2010 23:45,50,156.8
2/3/2010 0:00,50,156.9
2/3/2010 0:15,49,156.9
2/3/2010 0:30,49,155.6
2/3/2010 0:45,49,157
2/3/2010 1:00,49,157.7
2/3/2010 1:15,48,152.7
2/3/2010 1:30,48,145.4
2/3/2010 1:45,48,159.6
2/3/2010 2:00,48,159.6
2/3/2010 2:15,48,155.8
2/3/2010 2:30,48,156.3
2/3/2010 2:45,48,152.6
2/3/2010 3:00,48,154.1
2/3/2010 3:15,47,147.2
2/3/2010 3:30,47,149.2
2/3/2010 3:45,47,153.9
2/3/2010 4:00,47,155.1
2/3/2010 4:15,46,155.8
2/3/2010 4:30,46,155.6
2/3/2010 4:45,46,160.8
2/3/2010 5:00,46,164
2/3/2010 5:15,45,159.8
2/3/2010 5:30,45,161.1
2/3/2010 5:45,45,166.4
2/3/2010 6:00,45,170
2/3/2010 6:15,43,168.4
2/3/2010 6:30,43,179.4
2/3/2010 6:45,43,191
2/3/2010 7:00,43,184
2/3/2010 7:15,45,189.6
2/3/2010 7:30,45,183.8
2/3/2010 7:45,45,177.6
2/3/2010 8:00,45,181.4
2/3/2010 8:15,46,256.9
2/3/2010 8:30,46,251.7
2/3/2010 8:45,46,252.2
2/3/2010 9:00,46,249.4
2/3/2010 9:15,50,254.4
2/3/2010 9:30,50,252.6
2/3/2010 9:45,50,252.1
2/3/2010 10:00,50,257.5
2/3/2010 10:15,54,250.9
2/3/2010 10:30,54,246.1
2/3/2010 10:45,54,249
2/3/2010 11:00,54,245.1
2/3/2010 11:15,59,253.2
2/3/2010 11:30,59,250.8
2/3/2010 11:45,59,247.8
2/3/2010 12:00,59,254
2/3/2010 12:15,59,252.2
2/3/2010 12:30,59,251.3
2/3/2010 12:45,59,254.3
2/3/2010 13:00,59,249.3
2/3/2010 13:15,61,250.4
2/3/2010 13:30,61,254.8
2/3/2010 13:45,61,248.9
2/3/2010 14:00,61,255.6
2/3/2010 14:15,61,256.9
2/3/2010 14:30,61,262.2
2/3/2010 14:45,61,252.9
2/3/2010 15:00,61,250.3
2/3/2010 15:15,60,253.1
2/3/2010 15:30,60,253.8
2/3/2010 15:45,60,259
2/3/2010 16:00,60,254.1
2/3/2010 16:15,58,253.6
2/3/2010 16:30,58,253.5
2/3/2010 16:45,58,253.9
2/3/2010 17:00,58,248.5
2/3/2010 17:15,57,248.8
2/3/2010 17:30,57,259.6
2/3/2010 17:45,57,303.8
2/3/2010 18:00,57,298.9
2/3/2010 18:15,56,300.5
2/3/2010 18:30,56,298
2/3/2010 18:45,56,291.2
2/3/2010 19:00,56,294.8
2/3/2010 19:15,55,302
2/3/2010 19:30,55,293.3
2/3/2010 19:45,55,300.1
2/3/2010 20:00,55,295.8
2/3/2010 20:15,55,294.4
2/3/2010 20:30,55,294.4
2/3/2010 20:45,55,295.7
2/3/2010 21:00,55,288.2
2/3/2010 21:15,54,294.8
2/3/2010 21:30,54,295
2/3/2010 21:45,54,293.7
2/3/2010 22:00,54,289.6
2/3/2010 22:15,53,280.2
2/3/2010 22:30,53,278.2
2/3/2010 22:45,53,284
2/3/2010 23:00,53,287
2/3/2010 23:15,52,198.7
2/3/2010 23:30,52,201.7
2/3/2010 23:45,52,161.1
2/4/2010 0:00,52,155.5
2/4/2010 0:15,51,161.5
2/4/2010 0:30,51,150.4
2/4/2010 0:45,51,154.8
2/4/2010 1:00,51,157.1
2/4/2010 1:15,49,161.8
2/4/2010 1:30,49,147.2
2/4/2010 1:45,49,159.9
2/4/2010 2:00,49,159.1
2/4/2010 2:15,50,156.1
2/4/2010 2:30,50,159.5
2/4/2010 2:45,50,155.8
2/4/2010 3:00,50,158
2/4/2010 3:15,49,152.6
2/4/2010 3:30,49,150.9
2/4/2010 3:45,49,155.8
2/4/2010 4:00,49,156.8
2/4/2010 4:15,50,152.2
2/4/2010 4:30,50,157.4
2/4/2010 4:45,50,157
2/4/2010 5:00,50,160.6
2/4/2010 5:15,50,157.7
2/4/2010 5:30,50,156.6
2/4/2010 5:45,50,160.9
2/4/2010 6:00,50,159.3
2/4/2010 6:15,51,165.8
2/4/2010 6:30,51,172.1
2/4/2010 6:45,51,165
2/4/2010 7:00,51,164.4
2/4/2010 7:15,52,170.6
2/4/2010 7:30,52,168
2/4/2010 7:45,52,177.1
2/4/2010 8:00,52,173.4
2/4/2010 8:15,54,257
2/4/2010 8:30,54,259.2
2/4/2010 8:45,54,250.2
2/4/2010 9:00,54,256.3
2/4/2010 9:15,54,264.9
2/4/2010 9:30,54,259
2/4/2010 9:45,54,257
2/4/2010 10:00,54,262.5
2/4/2010 10:15,55,256.1
2/4/2010 10:30,55,254.5
2/4/2010 10:45,55,255.4
2/4/2010 11:00,55,256.9
2/4/2010 11:15,56,260.7
2/4/2010 11:30,56,254.1
2/4/2010 11:45,56,256.2
2/4/2010 12:00,56,253.1
2/4/2010 12:15,58,256.8
2/4/2010 12:30,58,255.7
2/4/2010 12:45,58,257.3
2/4/2010 13:00,58,257.2
2/4/2010 13:15,60,255.4
2/4/2010 13:30,60,255.8
2/4/2010 13:45,60,259.6
2/4/2010 14:00,60,253.3
2/4/2010 14:15,58,260.5
2/4/2010 14:30,58,264.6
2/4/2010 14:45,58,263.8
2/4/2010 15:00,58,260.8
2/4/2010 15:15,60,259
2/4/2010 15:30,60,256.9
2/4/2010 15:45,60,253
2/4/2010 16:00,60,249.3
2/4/2010 16:15,57,248
2/4/2010 16:30,57,254
2/4/2010 16:45,57,250.7
2/4/2010 17:00,57,242.1
2/4/2010 17:15,56,250.6
2/4/2010 17:30,56,259.6
2/4/2010 17:45,56,301.7
2/4/2010 18:00,56,308.1
2/4/2010 18:15,56,303
2/4/2010 18:30,56,294.9
2/4/2010 18:45,56,302.5
2/4/2010 19:00,56,300.2
2/4/2010 19:15,54,302.4
2/4/2010 19:30,54,302.7
2/4/2010 19:45,54,305.1
2/4/2010 20:00,54,298.3
2/4/2010 20:15,53,299.9
2/4/2010 20:30,53,300.5
2/4/2010 20:45,53,297.2
2/4/2010 21:00,53,290.4
2/4/2010 21:15,53,287.2
2/4/2010 21:30,53,290.2
2/4/2010 21:45,53,279.5
2/4/2010 22:00,53,282.5
2/4/2010 22:15,53,283.2
2/4/2010 22:30,53,285.9
2/4/2010 22:45,53,283.2
2/4/2010 23:00,53,286
2/4/2010 23:15,53,198.8
2/4/2010 23:30,53,196.6
2/4/2010 23:45,53,157.8
2/5/2010 0:00,53,159.4
2/5/2010 0:15,53,156.3
2/5/2010 0:30,53,151.3
2/5/2010 0:45,53,158.9
2/5/2010 1:00,53,171.1
2/5/2010 1:15,52,162.9
2/5/2010 1:30,52,154.3
2/5/2010 1:45,52,157.3
2/5/2010 2:00,52,154.8
2/5/2010 2:15,53,154.6
2/5/2010 2:30,53,153.4
2/5/2010 2:45,53,156.6
2/5/2010 3:00,53,154.9
2/5/2010 3:15,52,150.1
2/5/2010 3:30,52,149.4
2/5/2010 3:45,52,159.5
2/5/2010 4:00,52,156.6
2/5/2010 4:15,50,156.9
2/5/2010 4:30,50,158.5
2/5/2010 4:45,50,158
2/5/2010 5:00,50,160.4
2/5/2010 5:15,52,155.7
2/5/2010 5:30,52,161.4
2/5/2010 5:45,52,164.2
2/5/2010 6:00,52,167.3
2/5/2010 6:15,51,165.6
2/5/2010 6:30,51,166.4
2/5/2010 6:45,51,164.1
2/5/2010 7:00,51,166
2/5/2010 7:15,51,166.2
2/5/2010 7:30,51,156.9
2/5/2010 7:45,51,180
2/5/2010 8:00,51,175.9
2/5/2010 8:15,51,259.7
2/5/2010 8:30,51,256.3
2/5/2010 8:45,51,253.1
2/5/2010 9:00,51,250.6
2/5/2010 9:15,54,258.3
2/5/2010 9:30,54,251.6
2/5/2010 9:45,54,253.6
2/5/2010 10:00,54,258.3
2/5/2010 10:15,58,251.4
2/5/2010 10:30,58,258.5
2/5/2010 10:45,58,297.4
2/5/2010 11:00,58,267.4
2/5/2010 11:15,59,262.2
2/5/2010 11:30,59,259.4
2/5/2010 11:45,59,252.9
2/5/2010 12:00,59,255.6
2/5/2010 12:15,62,254.2
2/5/2010 12:30,62,266.3
2/5/2010 12:45,62,263.7
2/5/2010 13:00,62,257.1
2/5/2010 13:15,63,261.3
2/5/2010 13:30,63,255.3
2/5/2010 13:45,63,262
2/5/2010 14:00,63,262.6
2/5/2010 14:15,64,260.5
2/5/2010 14:30,64,262.7
2/5/2010 14:45,64,257.4
2/5/2010 15:00,64,255.3
2/5/2010 15:15,63,258
2/5/2010 15:30,63,259.7
2/5/2010 15:45,63,260.6
2/5/2010 16:00,63,257.9
2/5/2010 16:15,62,260.9
2/5/2010 16:30,62,256.5
2/5/2010 16:45,62,255.8
2/5/2010 17:00,62,251.3
2/5/2010 17:15,59,263
2/5/2010 17:30,59,264.2
2/5/2010 17:45,59,313.6
2/5/2010 18:00,59,307.5
2/5/2010 18:15,58,309.2
2/5/2010 18:30,58,302.3
2/5/2010 18:45,58,300
2/5/2010 19:00,58,301.8
2/5/2010 19:15,57,309.3
2/5/2010 19:30,57,300.6
2/5/2010 19:45,57,303
2/5/2010 20:00,57,302.4
2/5/2010 20:15,57,299.5
2/5/2010 20:30,57,298.3
2/5/2010 20:45,57,296.5
2/5/2010 21:00,57,301.4
2/5/2010 21:15,57,299.1
2/5/2010 21:30,57,292.4
2/5/2010 21:45,57,289.8
2/5/2010 22:00,57,286.8
2/5/2010 22:15,57,288.8
2/5/2010 22:30,57,282.6
2/5/2010 22:45,57,281.2
2/5/2010 23:00,57,281.4
2/5/2010 23:15,56,196.3
2/5/2010 23:30,56,197.7
2/5/2010 23:45,56,162.1
2/6/2010 0:00,56,155.2
2/6/2010 0:15,55,152.8
2/6/2010 0:30,55,147
2/6/2010 0:45,55,157.3
2/6/2010 1:00,55,162.1
2/6/2010 1:15,55,163.9
2/6/2010 1:30,55,151.8
2/6/2010 1:45,55,153.5
2/6/2010 2:00,55,152.6
2/6/2010 2:15,56,148.8
2/6/2010 2:30,56,158.4
2/6/2010 2:45,56,149.1
2/6/2010 3:00,56,145.4
2/6/2010 3:15,54,146.4
2/6/2010 3:30,54,147.7
2/6/2010 3:45,54,143.6
2/6/2010 4:00,54,143.5
2/6/2010 4:15,50,139.6
2/6/2010 4:30,50,148.1
2/6/2010 4:45,50,146
2/6/2010 5:00,50,145.8
2/6/2010 5:15,50,148.6
2/6/2010 5:30,50,149.7
2/6/2010 5:45,50,152.5
2/6/2010 6:00,50,147.2
2/6/2010 6:15,50,152.2
2/6/2010 6:30,50,169.4
2/6/2010 6:45,50,171.6
2/6/2010 7:00,50,175.8
2/6/2010 7:15,50,175.4
2/6/2010 7:30,50,164.2
2/6/2010 7:45,50,162.9
2/6/2010 8:00,50,169.3
2/6/2010 8:15,50,246.7
2/6/2010 8:30,50,252.8
2/6/2010 8:45,50,243.5
2/6/2010 9:00,50,244.1
2/6/2010 9:15,51,244.6
2/6/2010 9:30,51,242.3
2/6/2010 9:45,51,247.2
2/6/2010 10:00,51,247
2/6/2010 10:15,52,248.3
2/6/2010 10:30,52,253.9
2/6/2010 10:45,52,247.3
2/6/2010 11:00,52,252.1
2/6/2010 11:15,54,252.7
2/6/2010 11:30,54,254
2/6/2010 11:45,54,251.8
2/6/2010 12:00,54,251.4
2/6/2010 12:15,56,249.4
2/6/2010 12:30,56,271.7
2/6/2010 12:45,56,286.2
2/6/2010 13:00,56,259.1
2/6/2010 13:15,55,282.3
2/6/2010 13:30,55,277.2
2/6/2010 13:45,55,257.6
2/6/2010 14:00,55,255
2/6/2010 14:15,57,256.8
2/6/2010 14:30,57,252.4
2/6/2010 14:45,57,261.1
2/6/2010 15:00,57,254.7
2/6/2010 15:15,58,253.2
2/6/2010 15:30,58,249.7
2/6/2010 15:45,58,245.3
2/6/2010 16:00,58,252.7
2/6/2010 16:15,56,256.1
2/6/2010 16:30,56,249.6
2/6/2010 16:45,56,253.2
2/6/2010 17:00,56,252.5
2/6/2010 17:15,55,253.9
2/6/2010 17:30,55,261.2
2/6/2010 17:45,55,305.9
2/6/2010 18:00,55,302.6
2/6/2010 18:15,54,300.2
2/6/2010 18:30,54,303
2/6/2010 18:45,54,299.2
2/6/2010 19:00,54,303.8
2/6/2010 19:15,52,304.1
2/6/2010 19:30,52,300.5
2/6/2010 19:45,52,299.3
2/6/2010 20:00,52,300.2
2/6/2010 20:15,51,298.6
2/6/2010 20:30,51,299.3
2/6/2010 20:45,51,297
2/6/2010 21:00,51,296.5
2/6/2010 21:15,51,294.4
2/6/2010 21:30,51,288.3
2/6/2010 21:45,51,289.3
2/6/2010 22:00,51,288.9
2/6/2010 22:15,50,283.9
2/6/2010 22:30,50,282.5
2/6/2010 22:45,50,278.6
2/6/2010 23:00,50,277.5
2/6/2010 23:15,49,190.3
2/6/2010 23:30,49,187.9
2/6/2010 23:45,49,156.2
2/7/2010 0:00,49,150.2
2/7/2010 0:15,49,147.6
2/7/2010 0:30,49,144.3
2/7/2010 0:45,49,152.8
2/7/2010 1:00,49,157.8
2/7/2010 1:15,50,158.2
2/7/2010 1:30,50,143.8
2/7/2010 1:45,50,149.2
2/7/2010 2:00,50,151.2
2/7/2010 2:15,50,149.5
2/7/2010 2:30,50,153.2
2/7/2010 2:45,50,148.5
2/7/2010 3:00,50,149.8
2/7/2010 3:15,51,146.7
2/7/2010 3:30,51,149.1
2/7/2010 3:45,51,149.7
2/7/2010 4:00,51,149.5
2/7/2010 4:15,52,140.8
2/7/2010 4:30,52,141.9
2/7/2010 4:45,52,143.6
2/7/2010 5:00,52,141.2
2/7/2010 5:15,52,144
2/7/2010 5:30,52,147.2
2/7/2010 5:45,52,149.7
2/7/2010 6:00,52,149.6
2/7/2010 6:15,50,152.5
2/7/2010 6:30,50,157.5
2/7/2010 6:45,50,157.2
2/7/2010 7:00,50,159.8
2/7/2010 7:15,50,160.3
2/7/2010 7:30,50,149.1
2/7/2010 7:45,50,164.1
2/7/2010 8:00,50,166.2
2/7/2010 8:15,50,246.2
2/7/2010 8:30,50,245.5
2/7/2010 8:45,50,241.4
2/7/2010 9:00,50,241.3
2/7/2010 9:15,52,249.6
2/7/2010 9:30,52,246.5
2/7/2010 9:45,52,248.7
2/7/2010 10:00,52,247.7
2/7/2010 10:15,54,242.3
2/7/2010 10:30,54,243
2/7/2010 10:45,54,241.7
2/7/2010 11:00,54,248.6
2/7/2010 11:15,55,247.3
2/7/2010 11:30,55,242.1
2/7/2010 11:45,55,248.1
2/7/2010 12:00,55,244.6
2/7/2010 12:15,56,249.6
2/7/2010 12:30,56,250
2/7/2010 12:45,56,252.2
2/7/2010 13:00,56,250.7
2/7/2010 13:15,56,251.2
2/7/2010 13:30,56,256.1
2/7/2010 13:45,56,254
2/7/2010 14:00,56,251.8
2/7/2010 14:15,57,251.5
2/7/2010 14:30,57,253.5
2/7/2010 14:45,57,250.6
2/7/2010 15:00,57,252.8
2/7/2010 15:15,57,252.5
2/7/2010 15:30,57,246.8
2/7/2010 15:45,57,252.7
2/7/2010 16:00,57,248.6
2/7/2010 16:15,56,246.2
2/7/2010 16:30,56,250.1
2/7/2010 16:45,56,249.6
2/7/2010 17:00,56,245
2/7/2010 17:15,57,248.2
2/7/2010 17:30,57,252.1
2/7/2010 17:45,57,300.5
2/7/2010 18:00,57,301.2
2/7/2010 18:15,54,304.6
2/7/2010 18:30,54,301.8
2/7/2010 18:45,54,299.4
2/7/2010 19:00,54,296.4
2/7/2010 19:15,52,302.8
2/7/2010 19:30,52,298.5
2/7/2010 19:45,52,295.7
2/7/2010 20:00,52,299.3
2/7/2010 20:15,51,295.4
2/7/2010 20:30,51,289.8
2/7/2010 20:45,51,288.9
2/7/2010 21:00,51,289.4
2/7/2010 21:15,49,276.7
2/7/2010 21:30,49,277.5
2/7/2010 21:45,49,280.4
2/7/2010 22:00,49,279.4
2/7/2010 22:15,47,194.1
2/7/2010 22:30,47,185.9
2/7/2010 22:45,47,148
2/7/2010 23:00,47,147.2
2/7/2010 23:15,47,154.9
2/7/2010 23:30,47,156.9
2/7/2010 23:45,47,159
2/8/2010 0:00,47,154.2
2/8/2010 0:15,47,159.2
2/8/2010 0:30,47,153.5
2/8/2010 0:45,47,157.6
2/8/2010 1:00,47,161.5
2/8/2010 1:15,45,162.4
2/8/2010 1:30,45,146.5
2/8/2010 1:45,45,157.7
2/8/2010 2:00,45,156.7
2/8/2010 2:15,46,151.4
2/8/2010 2:30,46,159.4
2/8/2010 2:45,46,158.1
2/8/2010 3:00,46,154.6
2/8/2010 3:15,48,149.3
2/8/2010 3:30,48,150.5
2/8/2010 3:45,48,158.4
2/8/2010 4:00,48,152.1
2/8/2010 4:15,49,156
2/8/2010 4:30,49,155.9
2/8/2010 4:45,49,161.7
2/8/2010 5:00,49,162.6
2/8/2010 5:15,50,161.2
2/8/2010 5:30,50,161
2/8/2010 5:45,50,162.3
2/8/2010 6:00,50,165.5
2/8/2010 6:15,51,163.7
2/8/2010 6:30,51,182.5
2/8/2010 6:45,51,191.1
2/8/2010 7:00,51,182.5
2/8/2010 7:15,51,183.3
2/8/2010 7:30,51,166.3
2/8/2010 7:45,51,166.9
2/8/2010 8:00,51,171.4
2/8/2010 8:15,51,252.9
2/8/2010 8:30,51,255.7
2/8/2010 8:45,51,249
2/8/2010 9:00,51,251
2/8/2010 9:15,53,252.9
2/8/2010 9:30,53,251.3
2/8/2010 9:45,53,251.2
2/8/2010 10:00,53,248.7
2/8/2010 10:15,54,253.2
2/8/2010 10:30,54,251.1
2/8/2010 10:45,54,253.2
2/8/2010 11:00,54,255
2/8/2010 11:15,53,253.8
2/8/2010 11:30,53,250.6
2/8/2010 11:45,53,250.7
2/8/2010 12:00,53,249.2
2/8/2010 12:15,54,252.5
2/8/2010 12:30,54,258.9
2/8/2010 12:45,54,258.7
2/8/2010 13:00,54,255
2/8/2010 13:15,55,253
2/8/2010 13:30,55,255.1
2/8/2010 13:45,55,251.8
2/8/2010 14:00,55,253.3
2/8/2010 14:15,55,256.3
2/8/2010 14:30,55,256.5
2/8/2010 14:45,55,257.1
2/8/2010 15:00,55,248.7
2/8/2010 15:15,56,250.6
2/8/2010 15:30,56,247.3
2/8/2010 15:45,56,249.7
2/8/2010 16:00,56,248.3
2/8/2010 16:15,56,246.7
2/8/2010 16:30,56,248.5
2/8/2010 16:45,56,250.1
2/8/2010 17:00,56,241.8
2/8/2010 17:15,54,254.4
2/8/2010 17:30,54,245.8
2/8/2010 17:45,54,302.8
2/8/2010 18:00,54,305.6
2/8/2010 18:15,52,302.6
2/8/2010 18:30,52,298.8
2/8/2010 18:45,52,293.2
2/8/2010 19:00,52,294.6
2/8/2010 19:15,51,300.1
2/8/2010 19:30,51,298.3
2/8/2010 19:45,51,301
2/8/2010 20:00,51,296.5
2/8/2010 20:15,51,294.3
2/8/2010 20:30,51,293.4
2/8/2010 20:45,51,295.3
2/8/2010 21:00,51,295.6
2/8/2010 21:15,51,297.4
2/8/2010 21:30,51,293.1
2/8/2010 21:45,51,294.6
2/8/2010 22:00,51,296.8
2/8/2010 22:15,52,283.3
2/8/2010 22:30,52,285.1
2/8/2010 22:45,52,285.3
2/8/2010 23:00,52,282.7
2/8/2010 23:15,51,200.3
2/8/2010 23:30,51,199.2
2/8/2010 23:45,51,160.6
2/9/2010 0:00,51,158.1
2/9/2010 0:15,51,157.6
2/9/2010 0:30,51,153.4
2/9/2010 0:45,51,159.2
2/9/2010 1:00,51,158.2
2/9/2010 1:15,51,161.6
2/9/2010 1:30,51,149.2
2/9/2010 1:45,51,143.9
2/9/2010 2:00,51,146.1
2/9/2010 2:15,50,156.1
2/9/2010 2:30,50,156.2
2/9/2010 2:45,50,155.6
2/9/2010 3:00,50,155.2
2/9/2010 3:15,50,149.5
2/9/2010 3:30,50,150.6
2/9/2010 3:45,50,157.3
2/9/2010 4:00,50,158
2/9/2010 4:15,49,160.5
2/9/2010 4:30,49,157.1
2/9/2010 4:45,49,161.4
2/9/2010 5:00,49,160.1
2/9/2010 5:15,47,163.8
2/9/2010 5:30,47,158.7
2/9/2010 5:45,47,159.4
2/9/2010 6:00,47,161.5
2/9/2010 6:15,47,162.1
2/9/2010 6:30,47,183
2/9/2010 6:45,47,191.8
2/9/2010 7:00,47,180.8
2/9/2010 7:15,47,178.6
2/9/2010 7:30,47,167.7
2/9/2010 7:45,47,167
2/9/2010 8:00,47,174.3
2/9/2010 8:15,47,254.8
2/9/2010 8:30,47,249.9
2/9/2010 8:45,47,250.2
2/9/2010 9:00,47,248.2
2/9/2010 9:15,49,252.7
2/9/2010 9:30,49,250.5
2/9/2010 9:45,49,249.6
2/9/2010 10:00,49,255.6
2/9/2010 10:15,51,252.5
2/9/2010 10:30,51,255.5
2/9/2010 10:45,51,256.3
2/9/2010 11:00,51,252.1
2/9/2010 11:15,52,249
2/9/2010 11:30,52,257
2/9/2010 11:45,52,248.5
2/9/2010 12:00,52,250
2/9/2010 12:15,54,249.2
2/9/2010 12:30,54,254.8
2/9/2010 12:45,54,263.2
2/9/2010 13:00,54,257.8
2/9/2010 13:15,54,255.4
2/9/2010 13:30,54,256.6
2/9/2010 13:45,54,257.6
2/9/2010 14:00,54,257.4
2/9/2010 14:15,56,256.7
2/9/2010 14:30,56,262.8
2/9/2010 14:45,56,258.8
2/9/2010 15:00,56,259
2/9/2010 15:15,55,255.5
2/9/2010 15:30,55,252.8
2/9/2010 15:45,55,253.6
2/9/2010 16:00,55,249.3
2/9/2010 16:15,55,252.2
2/9/2010 16:30,55,249.8
2/9/2010 16:45,55,253.8
2/9/2010 17:00,55,251.2
2/9/2010 17:15,54,255.2
2/9/2010 17:30,54,252.5
2/9/2010 17:45,54,296.4
2/9/2010 18:00,54,298.4
2/9/2010 18:15,51,298.9
2/9/2010 18:30,51,295.4
2/9/2010 18:45,51,300.2
2/9/2010 19:00,51,304.7
2/9/2010 19:15,51,302.4
2/9/2010 19:30,51,291.6
2/9/2010 19:45,51,294.2
2/9/2010 20:00,51,298.6
2/9/2010 20:15,51,301.6
2/9/2010 20:30,51,291.8
2/9/2010 20:45,51,290.3
2/9/2010 21:00,51,295.8
2/9/2010 21:15,50,294.1
2/9/2010 21:30,50,289.3
2/9/2010 21:45,50,293.2
2/9/2010 22:00,50,284.1
2/9/2010 22:15,48,273.8
2/9/2010 22:30,48,278
2/9/2010 22:45,48,281.2
2/9/2010 23:00,48,285.4
2/9/2010 23:15,48,194
2/9/2010 23:30,48,193.3
2/9/2010 23:45,48,159.9
2/10/2010 0:00,48,152.9
2/10/2010 0:15,46,158
2/10/2010 0:30,46,152.1
2/10/2010 0:45,46,152.3
2/10/2010 1:00,46,156
2/10/2010 1:15,45,158
2/10/2010 1:30,45,144.9
2/10/2010 1:45,45,137.9
2/10/2010 2:00,45,141.5
2/10/2010 2:15,42,149.5
2/10/2010 2:30,42,156.3
2/10/2010 2:45,42,154.9
2/10/2010 3:00,42,152.9
2/10/2010 3:15,43,147.1
2/10/2010 3:30,43,145.5
2/10/2010 3:45,43,148
2/10/2010 4:00,43,158.4
2/10/2010 4:15,43,157
2/10/2010 4:30,43,157
2/10/2010 4:45,43,156.1
2/10/2010 5:00,43,160.7
2/10/2010 5:15,46,160.3
2/10/2010 5:30,46,152.4
2/10/2010 5:45,46,151
2/10/2010 6:00,46,145.7
2/10/2010 6:15,46,163.9
2/10/2010 6:30,46,178.1
2/10/2010 6:45,46,181
2/10/2010 7:00,46,185.2
2/10/2010 7:15,43,177.5
2/10/2010 7:30,43,162.6
2/10/2010 7:45,43,169.2
2/10/2010 8:00,43,173
2/10/2010 8:15,43,257.6
2/10/2010 8:30,43,258.8
2/10/2010 8:45,43,249.1
2/10/2010 9:00,43,248.8
2/10/2010 9:15,48,257.9
2/10/2010 9:30,48,247.5
2/10/2010 9:45,48,247.9
2/10/2010 10:00,48,255.4
2/10/2010 10:15,52,248.7
2/10/2010 10:30,52,252.9
2/10/2010 10:45,52,253.5
2/10/2010 11:00,52,248.1
2/10/2010 11:15,53,256.5
2/10/2010 11:30,53,254.5
2/10/2010 11:45,53,252.6
2/10/2010 12:00,53,253.3
2/10/2010 12:15,55,256
2/10/2010 12:30,55,262.9
2/10/2010 12:45,55,260.7
2/10/2010 13:00,55,248.9
2/10/2010 13:15,56,255.7
2/10/2010 13:30,56,255.7
2/10/2010 13:45,56,257.9
2/10/2010 14:00,56,255.4
2/10/2010 14:15,56,256
2/10/2010 14:30,56,254
2/10/2010 14:45,56,255.3
2/10/2010 15:00,56,252.5
2/10/2010 15:15,57,261.4
2/10/2010 15:30,57,251
2/10/2010 15:45,57,254.7
2/10/2010 16:00,57,247.6
2/10/2010 16:15,55,244.9
2/10/2010 16:30,55,250.8
2/10/2010 16:45,55,246.5
2/10/2010 17:00,55,246.2
2/10/2010 17:15,55,251.6
2/10/2010 17:30,55,247.7
2/10/2010 17:45,55,290.8
2/10/2010 18:00,55,296
2/10/2010 18:15,52,294.7
2/10/2010 18:30,52,293.3
2/10/2010 18:45,52,296.6
2/10/2010 19:00,52,296.4
2/10/2010 19:15,52,302.2
2/10/2010 19:30,52,297.5
2/10/2010 19:45,52,300.7
2/10/2010 20:00,52,300.2
2/10/2010 20:15,51,304
2/10/2010 20:30,51,297.5
2/10/2010 20:45,51,299.2
2/10/2010 21:00,51,296.5
2/10/2010 21:15,49,294.2
2/10/2010 21:30,49,293.7
2/10/2010 21:45,49,294
2/10/2010 22:00,49,293.2
2/10/2010 22:15,49,288.2
2/10/2010 22:30,49,287
2/10/2010 22:45,49,284.3
2/10/2010 23:00,49,283.3
2/10/2010 23:15,49,196.5
2/10/2010 23:30,49,189.6
2/10/2010 23:45,49,155.9
