Date time,Volume [mV],Light_Level [Ohms],Temperature-DHT [Celsius],Pressure [Hectopascal],Temperature-BMP [Celsius],Relative_Humidity [%],Air_Quality [Ohms],Carbon_Monoxide [Ohms],Nitrogen_Dioxide [Ohms]
2016-11-27 17:22:45,133.0645161,5064.140045,24.05,1024.434757,24.13,37.7800005,40776.51523,283808.1869,14849.59631
2016-11-27 17:27:45,96.93548387,5075.234701,24.5249999,1024.494539,24.52,36.87999973,40661.05341,286562.2566,15359.88699
2016-11-27 17:32:46,97.90322581,5074.103939,25.04500017,1024.583963,24.895,35.70500011,40666.63465,293985.7963,15772.13696
2016-11-27 17:37:46,105.6451613,5086.325929,25.33499947,1024.633698,25.08,34.80999966,40574.7269,298587.8165,16150.72702
2016-11-27 17:42:46,130.8064516,5086.339059,26.7499999,1024.743719,25.25,34.43500042,40546.07795,299600.9932,16506.56816
2016-11-27 17:47:46,132.7419355,4870789.895,26.75999994,1024.816061,25.325,34.34000015,40353.53784,301329.4598,16865.11873
2016-11-27 17:52:47,97.74193548,5105000,25.75499983,1024.902972,25.45,33.81500034,39591.98782,288121.4705,16942.36217
2016-11-27 17:57:47,95.32258065,7918250,26.16500025,1024.965267,25.625,32.99000034,39265.50288,292264.8016,17085.10391
2016-11-27 18:02:47,95.64516129,10220000,26.31499929,1024.997922,25.725,32.46500015,39204.78346,291173.9092,17240.13454
2016-11-27 18:07:47,91.29032258,10220000,26.31499929,1025.017012,25.81,32.26000023,39249.18073,290014.9343,17374.99968
2016-11-27 18:12:48,94.03225806,10220000,26.40999966,1025.097895,25.85,32.05999975,38541.91845,283279.1778,17459.4504
2016-11-27 18:17:48,98.87096774,10220000,26.48499994,1025.169233,25.895,31.7050004,39177.21463,287946.2142,17544.47439
2016-11-27 18:22:48,97.25806452,10220000,26.57000017,1025.254637,25.785,31.4500001,38667.48325,286214.6993,17637.51034
2016-11-27 18:27:49,91.77419355,7918250,26.79999924,1025.320448,25.665,30.76000023,38152.95135,285318.3345,17682.36651
2016-11-27 18:32:49,94.35483871,7406750,26.86499949,1025.430469,25.585,30.51000004,38115.36945,284712.9395,17742.43155
2016-11-27 18:37:49,94.35483871,10220000,26.95999985,1025.531949,25.555,30.57999983,37982.82676,284212.7572,17776.41444
2016-11-27 18:42:49,93.70967742,10220000,27.01000004,1025.597761,25.615,30.58000031,37993.32321,285307.5934,17817.84963
2016-11-27 18:47:50,98.38709677,10220000,26.94499979,1025.721848,25.525,30.28500023,38660.18286,287442.9526,17905.12351
2016-11-27 18:52:50,99.67741935,10220000,27.06000023,1025.805242,25.36,30.35999966,38333.24071,288181.9993,18000.61597
2016-11-27 18:57:50,92.74193548,10220000,26.98499994,1025.882609,25.25,30.17500019,38429.72435,288457.5661,18069.76739
2016-11-27 19:02:50,94.35483871,10220000,26.96999989,1025.976553,25.28,30.14000006,38456.38186,287428.2991,18088.99594
2016-11-27 19:07:51,93.70967742,10220000,27.00500002,1026.074014,25.23,30.04500017,38402.4966,287661.3755,18100.54569
2016-11-27 19:12:51,93.22580645,10220000,27.01500006,1026.146859,25.155,29.9749999,38677.61251,287618.0937,18127.7074
2016-11-27 19:17:51,91.93548387,7665504.821,27.04000015,1026.194585,25.305,29.95999985,38552.44652,273750.6736,18001.85125
2016-11-27 19:22:51,149.8387097,10220000,26.78999939,1026.304103,25.665,29.79499979,38333.97452,276657.96,17898.13212
2016-11-27 19:27:52,97.09677419,10220000,26.66000032,1026.438741,25.59,29.74500027,39327.25488,284333.5842,17931.96723
2016-11-27 19:32:52,91.77419355,10220000,26.53000011,1026.534192,25.47,29.94999981,39193.90864,267199.9136,17750.35299
2016-11-27 19:37:52,95,10220000,26.61500044,1026.621606,25.435,29.79499969,38910.76678,264727.8915,17477.94165
2016-11-27 19:42:52,91.93548387,10220000,26.68500071,1026.705503,25.505,29.64000044,38672.05954,267146.1541,17408.01924
2016-11-27 19:47:53,95.64516129,10220000,26.64500055,1026.718063,25.435,29.67000017,38796.40482,265035.9089,17298.66302
2016-11-27 19:52:53,92.90322581,10220000,26.77999954,1026.772822,25.34,29.38499966,38365.28828,254562.5703,16946.23101
2016-11-27 19:57:53,90.48387097,10220000,26.85499945,1026.782869,25.315,29.23500013,38195.31316,257163.6957,16654.62703
2016-11-27 20:02:53,97.74193548,10220000,26.78499994,1026.880833,25.31,29.27999983,38752.99915,261729.9857,16661.69163
2016-11-27 20:07:54,88.38709677,10220000,26.80499954,1026.941118,25.315,29.26000013,38704.00121,257434.348,16482.29492
2016-11-27 20:12:54,94.35483871,10220000,26.81999931,1026.959204,25.315,29.17500029,37894.58803,247406.2865,16204.17534
2016-11-27 20:17:54,89.03225806,10220000,26.85499945,1027.004418,25.26,29.05500021,37773.55485,253203.0245,16047.27042
2016-11-27 20:22:55,90.80645161,10220000,26.80999956,1027.107908,25.315,29.1000001,37777.03847,252641.0192,15928.34727
2016-11-27 20:27:55,89.51612903,10220000,26.82499933,1027.174724,25.26,29.03000011,37779.22378,250949.3678,15872.60691
2016-11-27 20:32:55,92.41935484,8685500,26.88499956,1027.24154,25.155,28.97499981,37346.68544,239631.4091,15585.03087
2016-11-27 20:37:55,91.93548387,6554250,26.85499945,1027.34503,25.245,28.95499983,37900.20935,247360.4236,15384.69354
2016-11-27 20:42:56,93.06451613,10220000,26.77499962,1027.42742,25.205,28.97999992,38083.94113,255882.8977,15572.1296
2016-11-27 20:47:56,92.09677419,10220000,26.84499941,1027.442491,25.145,28.83499966,37632.29991,245520.1534,15495.43597
2016-11-27 20:52:56,94.35483871,10220000,26.75999985,1027.538445,25.24,28.95999985,37638.46054,252874.013,15536.84458
2016-11-27 20:57:56,151.6129032,10220000,26.78499947,1027.632892,25.145,28.91999969,37504.40292,247844.6027,15460.69003
2016-11-27 21:02:57,96.4516129,10220000,26.74499979,1027.668058,25.125,28.92999973,37482.65338,248097.62,15365.90633
2016-11-27 21:07:57,97.90322581,10220000,26.76499977,1027.736382,25.1,28.85999947,37440.03197,249123.3913,15356.35607
2016-11-27 21:12:57,91.29032258,10220000,26.74999971,1027.878052,25.1,28.81999969,37879.52409,252332.9615,15372.31434
2016-11-27 21:17:57,92.25806452,10220000,26.74500008,1027.955921,25.12,28.84999943,37946.32196,247680.4961,15381.52061
2016-11-27 21:22:58,90.80645161,10220000,26.78999939,1027.993599,25.115,28.77999954,37825.95557,242256.9875,15262.60089
2016-11-27 21:27:58,95.80645161,10220000,26.79999924,1028.058406,25.01,28.6550005,37756.38588,243323.6788,15052.10297
2016-11-27 21:32:58,96.61290323,10220000,26.79999924,1028.150341,25,28.56500025,37564.82329,243871.4793,15039.82701
2016-11-27 21:37:58,89.83870968,10220000,26.77999954,1028.193043,24.985,28.59500036,37852.41516,247354.7388,14993.95322
2016-11-27 21:42:59,91.93548387,10220000,26.67500067,1028.231726,25.005,28.66000061,37732.33273,255274.3489,15209.57892
2016-11-27 21:47:59,92.74193548,10220000,26.70500069,1028.296533,24.995,28.57000027,37059.37828,247295.448,15212.61335
2016-11-27 21:52:59,92.90322581,10220000,26.77999954,1028.325168,25.02,28.51500006,37248.59795,244710.9328,15156.87956
2016-11-27 21:57:59,96.77419355,10220000,26.73500023,1028.361842,24.925,28.45999985,37437.67833,260163.4553,15306.52311
2016-11-27 22:03:00,89.83870968,10220000,26.70500059,1028.324666,24.985,28.48499994,37544.75244,254878.0897,15394.25989
2016-11-27 22:08:00,99.35483871,10220000,26.56000023,1028.366363,25.1,28.6050004,38517.94173,274132.4419,15739.9718
2016-11-27 22:13:00,93.22580645,10220000,26.48999996,1028.40153,25.045,28.69500055,38585.15906,269920.0153,15977.79794
2016-11-27 22:18:00,105.9677419,10220000,26.45999985,1028.43318,25.05,28.73500013,38494.98218,274471.7711,16133.93805
2016-11-27 22:23:01,95.48387097,10220000,26.57000027,1028.451265,24.92,28.54000015,37899.39507,265986.2626,16190.53452
2016-11-27 22:28:01,92.90322581,10220000,26.53000011,1028.496479,25.11,28.58500032,38346.19571,272661.5762,16244.34172
2016-11-27 22:33:01,140.8064516,10220000,26.43499975,1028.509541,25.095,28.67000065,38676.84911,277219.2198,16424.36654
2016-11-27 22:38:01,106.6129032,10220000,26.51500006,1028.542195,25.045,28.5250001,37925.11132,271321.0688,16430.73737
2016-11-27 22:43:02,96.29032258,10220000,26.56000023,1028.547722,25,28.39999962,37888.66039,269253.4507,16427.33091
2016-11-27 22:48:02,101.4516129,10220000,26.59000034,1028.563798,25.075,28.36499949,38393.21755,279309.8758,16520.08531
2016-11-27 22:53:02,93.70967742,10220000,26.58000031,1028.641666,25,28.34999962,37794.69031,272659.9955,16599.10714
2016-11-27 22:58:03,95.32258065,10220000,26.57500029,1028.759223,25.04,28.28499975,37936.15971,275381.5867,16654.68151
2016-11-27 23:03:03,92.74193548,10220000,26.56000023,1028.801925,25.06,28.28999996,38222.58875,279327.9265,16713.7517
2016-11-27 23:08:03,97.90322581,10220000,26.62500048,1028.841612,25.035,28.20500031,37778.31513,267127.3072,16568.1483
2016-11-27 23:13:03,91.4516129,10220000,26.68000069,1028.926012,25.005,28.11000042,37772.69247,268638.2762,16509.51004
2016-11-27 23:18:04,91.4516129,10220000,26.68500071,1028.921491,24.995,28.09500036,37985.69511,265658.1756,16441.02734
2016-11-27 23:23:04,97.90322581,10220000,26.60000038,1028.959671,25,28.15000048,38207.05825,271264.1658,16444.64629
2016-11-27 23:28:04,93.38709677,10220000,26.55000019,1028.98479,24.955,28.23000002,37824.11796,273478.5969,16592.20543
2016-11-27 23:33:04,96.29032258,10220000,26.51000004,1029.089787,24.97,28.26499977,37906.68543,269816.4292,16630.35408
2016-11-27 23:38:05,90.16129032,8941250,26.52000008,1029.075218,24.995,28.23000031,37664.81703,274078.8146,16637.41826
2016-11-27 23:43:05,94.67741935,10220000,26.51500006,1029.126963,24.965,28.20000076,37819.63586,263181.3693,16550.88462
2016-11-27 23:48:05,95.96774194,10220000,26.5250001,1029.218898,24.93,28.2050005,37809.60025,269910.5975,16557.76813
2016-11-27 23:53:05,94.35483871,10220000,26.51000004,1029.217893,24.905,28.18000069,37862.09797,264736.3082,16526.68394
2016-11-27 23:58:06,93.5483871,10220000,26.50500002,1029.230453,24.85,28.14500055,38104.72491,267585.5558,16574.92425
2016-11-28 0:03:06,97.58064516,10220000,26.47999992,1029.304805,24.83,28.20000076,37977.57006,259956.8854,16475.41044
2016-11-28 0:08:06,96.77419355,10220000,26.47999992,1029.313345,24.815,28.18500071,38221.21899,261699.0334,16311.77367
2016-11-28 0:13:06,157.0967742,10220000,26.5,1029.397242,24.805,28.14000053,37788.73956,259394.4307,16305.34444
2016-11-28 0:18:07,92.74193548,10220000,26.45999985,1029.342483,24.815,28.12500048,37622.06088,252134.9145,16093.72058
2016-11-28 0:23:07,98.38709677,10220000,26.38999958,1029.341981,24.78,28.1300005,38312.25646,261957.2462,16160.43123
2016-11-28 0:28:07,94.35483871,10220000,26.38999958,1029.356047,24.785,28.14000053,38292.80938,260224.0258,16240.95291
2016-11-28 0:33:07,94.03225806,10220000,26.23000002,1029.339469,24.76,28.41999998,38261.52585,253622.7327,16177.32302
2016-11-28 0:38:08,96.61290323,10220000,26.18500052,1029.381668,24.625,28.56000023,38623.11276,248456.9562,15954.77421
2016-11-28 0:43:08,94.83870968,10220000,26.15500059,1029.383678,24.535,28.58500032,38510.30938,249081.3355,15807.35408
2016-11-28 0:48:08,97.90322581,10220000,26.15500059,1029.449489,24.565,28.61000042,38136.79217,248339.5973,15742.36421
2016-11-28 0:53:08,92.41935484,10220000,26.11500044,1029.418844,24.475,28.61000042,38280.40664,240637.0079,15616.84009
2016-11-28 0:58:09,94.51612903,10220000,26.13500052,1029.452001,24.415,28.57000027,37678.90409,244550.2429,15511.22195
2016-11-28 1:03:09,98.38709677,10220000,26.07500029,1029.526353,24.395,28.68000031,38105.73102,245999.8946,15543.11097
2016-11-28 1:08:09,92.90322581,10220000,26.01500006,1029.613264,24.325,28.66500063,38253.92044,246363.9575,15575.01598
2016-11-28 1:13:09,106.4516129,10220000,26.01000004,1029.666516,24.31,28.66500063,38248.55368,247104.6617,15578.20489
2016-11-28 1:18:10,94.51612903,10220000,26,1029.587141,24.3,28.6300005,38159.19212,247743.2004,15616.66353
2016-11-28 1:23:10,98.06451613,10220000,25.96999989,1029.642905,24.245,28.54000015,37826.10472,246898.9962,15626.2782
2016-11-28 1:28:10,94.35483871,10220000,26,1029.593672,24.24,28.5250001,37872.29974,248905.0311,15652.04625
2016-11-28 1:33:11,91.29032258,10220000,26.07500029,1029.648431,24.285,28.39999962,37166.13766,250709.6238,15781.30894
2016-11-28 1:38:11,97.41935484,10220000,26.10000038,1029.643909,24.285,28.34499941,37204.0836,250961.6202,15843.19288
2016-11-28 1:43:11,94.51612903,10220000,26.03500013,1029.690631,24.23,28.30999956,36876.57405,250842.8403,15905.32406
2016-11-28 1:48:11,152.2580645,10220000,26.0250001,1029.748906,24.295,28.24000034,36626.81247,259847.5719,16094.07646
2016-11-28 1:53:12,96.77419355,10220000,25.95999985,1029.837325,24.25,28.22500019,37181.74168,253191.6321,16143.79629
2016-11-28 1:58:12,94.51612903,10220000,25.99499998,1029.849884,24.205,28.20000038,36803.76518,254435.5545,16127.00771
2016-11-28 2:03:12,96.4516129,10220000,25.99499998,1029.894093,24.3,28.14000053,36683.37323,254754.5662,16183.82589
2016-11-28 2:08:12,93.5483871,10220000,26.03000011,1029.944331,24.225,28.08000031,36864.95611,253982.3812,16207.289
2016-11-28 2:13:13,93.06451613,10220000,26.05000019,1029.956891,24.235,28.03500013,36738.21581,255641.5747,16291.5269
2016-11-28 2:18:13,96.4516129,10220000,25.98499994,1030.00964,24.21,28.09000034,36834.42154,252783.8875,16274.61694
2016-11-28 2:23:13,95.96774194,10220000,25.99499998,1030.066911,24.15,28.03000021,36506.40053,258538.9561,16342.25678
2016-11-28 2:28:13,96.4516129,10220000,25.97999992,1030.131718,24.185,27.94000015,36601.54758,261406.6816,16502.69726
2016-11-28 2:33:14,90,10220000,25.93999977,1030.228677,24.155,27.82000046,36516.05322,262175.85,16602.58489
2016-11-28 2:38:14,98.5483871,10220000,25.94499979,1030.273389,24.145,27.76500015,36521.19785,263656.7568,16682.37773
2016-11-28 2:43:14,91.4516129,10220000,25.89999962,1030.373864,24.065,27.66500063,36505.83058,261002.8211,16734.65545
2016-11-28 2:48:14,93.70967742,10220000,25.88999958,1030.35829,23.995,27.67000065,36676.88804,262374.9103,16752.15429
2016-11-28 2:53:15,93.70967742,10220000,25.8699995,1030.362309,23.975,27.67000065,36515.94952,265675.9396,16832.83995
2016-11-28 2:58:15,103.7096774,10220000,25.82499933,1030.376878,24.035,27.71500053,36581.41286,268147.8328,16960.13891
2016-11-28 3:03:15,94.51612903,10220000,25.80999928,1030.382404,24.03,27.70000076,36616.44993,266192.088,17017.0959
2016-11-28 3:08:15,90.16129032,10220000,25.79999924,1030.486397,23.955,27.70000076,36616.51894,268782.8022,17052.79986
2016-11-28 3:13:16,89.83870968,10220000,25.79999924,1030.50197,23.935,27.72000046,36631.64671,265107.6536,17074.27897
2016-11-28 3:18:16,96.29032258,10220000,25.78999939,1030.519051,23.88,27.67000065,36651.79818,268550.0428,17085.04694
2016-11-28 3:23:16,130.9677419,10220000,25.79999924,1030.563763,23.91,27.64500055,36621.83985,273444.9343,17258.46715
2016-11-28 3:28:16,111.6129032,10220000,25.79499931,1030.577829,23.795,27.62000046,36671.98497,273130.7797,17320.11765
2016-11-28 3:33:17,93.22580645,10220000,25.76499977,1030.571801,23.815,27.60000038,36803.74906,274455.253,17382.27409
2016-11-28 3:38:17,99.35483871,10220000,25.74000015,1030.633091,23.815,27.60000038,36890.14693,277966.3547,17518.57074
2016-11-28 3:43:17,95.32258065,10220000,25.77499962,1030.673281,23.745,27.56000023,36946.10399,275665.0864,17574.18409
2016-11-28 3:48:18,91.93548387,10220000,25.70500069,1030.651679,23.705,27.60000038,37124.77527,280449.7258,17701.09866
2016-11-28 3:53:18,95.96774194,10220000,25.65500059,1030.683329,23.695,27.60000038,37335.68497,276688.4885,17734.87761
2016-11-28 3:58:18,94.83870968,10220000,25.64000053,1030.717993,23.61,27.58500032,37228.06007,274961.9407,17689.85937
2016-11-28 4:03:18,96.77419355,10220000,25.60000038,1030.761197,23.6,27.53500013,37449.57099,278849.2218,17742.41119
2016-11-28 4:08:19,98.38709677,10220000,25.60000038,1030.85263,23.59,27.55000019,37346.05233,279400.5527,17821.65748
2016-11-28 4:13:19,92.09677419,10220000,25.60000038,1030.885787,23.54,27.51500006,37444.89452,277442.0194,17836.80675
2016-11-28 4:18:19,95.48387097,10220000,25.60000038,1030.911408,23.585,27.5250001,37522.29242,280631.1444,17908.97291
2016-11-28 4:23:19,92.90322581,10220000,25.59500036,1030.927986,23.485,27.5,37621.11431,282368.6447,17989.10847
2016-11-28 4:28:20,93.06451613,10220000,25.60000038,1030.899351,23.515,27.5,37408.06266,283826.4845,18077.44618
2016-11-28 4:33:20,94.83870968,10220000,26.86000032,1030.959134,23.485,27.4749999,37475.49123,281063.3293,18077.44618
2016-11-28 4:38:20,93.5483871,10220000,25.5250001,1030.964158,23.455,27.4749999,37622.9091,281957.351,18139.25698
2016-11-28 4:43:20,92.90322581,10220000,26.78500004,1031.024443,23.415,27.44999981,37631.75698,282795.4775,18150.84915
2016-11-28 4:48:21,90.48387097,10220000,25.48999996,1031.039514,23.335,27.5,37856.21403,284383.3002,18220.76491
2016-11-28 4:53:21,94.83870968,10220000,25.44499979,1031.077193,23.36,27.5,37866.96826,282403.1715,18255.77599
2016-11-28 4:58:21,96.4516129,10220000,25.43499975,1031.134464,23.39,27.46499987,37730.6156,287143.4057,18345.88703
2016-11-28 5:03:21,155.483871,10220000,25.40999966,1031.211327,23.23,27.43999977,38242.86412,289637.2039,18476.25388
2016-11-28 5:08:22,100.8064516,10220000,25.39999962,1031.285679,23.255,27.41999969,38152.29894,285576.2344,18460.20195
2016-11-28 5:13:22,95.96774194,10220000,25.35499945,1031.34295,23.28,27.39999962,38030.69765,285737.6713,18479.99071
2016-11-28 5:18:22,93.22580645,10220000,25.38999958,1031.396202,23.23,27.39999962,38322.55696,288403.3981,18579.42115
2016-11-28 5:23:22,93.5483871,10220000,25.3949996,1031.444933,23.2,27.35499945,38445.18811,288509.2957,18635.49636
2016-11-28 5:28:23,92.58064516,10220000,25.34499941,1031.469549,23.17,27.38499956,38471.96038,290226.4995,18707.78255
2016-11-28 5:33:23,97.25806452,10220000,25.29999924,1031.496678,23.12,27.37499952,38344.15297,287940.3187,18723.92647
2016-11-28 5:38:23,92.41935484,10220000,25.24000015,1031.499692,23.16,27.39999962,38354.64434,281154.3076,18655.55212
2016-11-28 5:43:23,99.83870968,10220000,25.28499947,1031.517275,23.125,27.36499949,38269.05315,287104.9244,18703.75791
2016-11-28 5:48:24,95.32258065,10220000,25.26999969,1031.569523,23.09,27.31499929,38498.67481,286635.3852,18752.14433
2016-11-28 5:53:24,96.12903226,10220000,25.20500069,1031.640358,23.015,27.35499945,38633.16247,287997.4932,18772.38091
2016-11-28 5:58:24,94.19354839,10220000,25.20500069,1031.664472,23.005,27.30999928,38493.8939,289074.6523,18841.32251
2016-11-28 6:03:25,92.74193548,10220000,25.18500071,1031.696624,23.015,27.29999924,38446.04508,292466.0007,18963.89002
2016-11-28 6:08:25,98.5483871,10220000,25.20000076,1031.733298,23.03,27.29999924,38365.17473,290581.4217,19033.68449
2016-11-28 6:13:25,91.61290323,10220000,25.17500067,1031.742341,22.97,27.28999939,38741.18576,288563.6944,19021.33499
2016-11-28 6:18:25,93.70967742,10220000,25.1050004,1031.764445,23.18,27.24500008,38402.53512,284811.6367,19029.63796
2016-11-28 6:23:26,97.09677419,10220000,25.10000038,1031.836787,23.2,27.27999954,38343.62196,282979.8366,18980.263
2016-11-28 6:28:26,94.67741935,10220000,25.07000027,1031.844323,23.175,27.29999924,38211.00412,279855.8325,18910.63094
2016-11-28 6:33:26,96.61290323,10220000,25.01500006,1031.876978,23.235,27.29999924,38408.32153,282629.1193,18959.72701
2016-11-28 6:38:26,149.8387097,10220000,25.09000034,1031.909632,23.15,27.21000061,38499.43493,284551.9116,19038.12938
2016-11-28 6:43:27,95.32258065,10220000,25.00500002,1031.917168,23.175,27.28499947,38434.8489,282844.7937,19029.6149
2016-11-28 6:48:27,96.29032258,10220000,25.02000008,1031.936761,23.24,27.26999969,38359.59762,281819.5976,19087.33974
2016-11-28 6:53:27,92.58064516,10220000,24.9749999,1031.990013,23.2,27.29999924,38509.60477,279505.352,19041.91749
2016-11-28 6:58:27,95.48387097,10220000,24.96999989,1032.056326,23.075,27.24500008,38552.46603,278732.2255,19000.79899
2016-11-28 7:03:28,94.67741935,10220000,24.79500008,1032.079938,23.035,27.34499969,39422.23354,278197.6313,18906.60688
2016-11-28 7:08:28,99.83870968,9964250,24.75,1032.14374,23.145,27.41999969,39643.69446,286702.1209,19029.56799
2016-11-28 7:13:28,98.38709677,5190250,24.83499985,1032.178404,23.255,27.57000027,38408.03062,276685.7045,18931.16674
2016-11-28 7:18:28,93.5483871,3655750,24.98999996,1032.240197,23.475,27.50500002,37836.21841,270393.3607,18748.57356
2016-11-28 7:23:29,96.61290323,6469000,25.16500063,1032.291439,23.655,27.44999981,36977.26045,265299.9627,18452.44048
2016-11-28 7:28:29,95.16129032,5360750,25.20000076,1032.326606,23.705,27.37999954,36819.8913,263065.9754,18213.00127
2016-11-28 7:33:29,107.7419355,4082000,25.28499947,1032.325601,23.87,27.26499977,36666.97748,260977.7126,18077.4674
2016-11-28 7:38:29,95.32258065,2368475,25.34499941,1032.389905,23.915,27.12000046,36607.21606,264394.0084,18042.79693
2016-11-28 7:43:30,90.96774194,1247677.381,26.71499977,1032.419043,24.06,27.02000008,36962.77157,264813.1742,18000.5951
2016-11-28 7:48:30,96.77419355,585323.9659,26.83000021,1032.508969,24.12,26.87999954,37316.34484,260754.8739,17939.39563
2016-11-28 7:53:30,97.41935484,264548.6393,25.62000046,1032.598392,24.205,26.77499962,37606.96632,261819.3896,17897.56957
2016-11-28 7:58:30,95,128305.0807,25.69500074,1032.674753,24.275,26.73000031,38021.36751,259301.6566,17855.7849
2016-11-28 8:03:31,94.03225806,67720.18011,25.78999939,1032.752622,24.295,26.6300005,38311.97245,259601.7769,17802.70036
2016-11-28 8:08:31,100,39227.44525,25.80499926,1032.860131,24.395,26.58500032,38510.23324,259128.2978,17780.09962
2016-11-28 8:13:31,153.3870968,25023.72315,25.8949996,1032.939004,24.435,26.51000004,38222.13895,257811.328,17768.86083
2016-11-28 8:18:32,103.5483871,17246.64353,25.91999969,1033.002806,24.46,26.7800004,37978.58715,256542.5141,17652.39508
2016-11-28 8:23:32,96.93548387,12691.03912,25.96999989,1033.105291,24.45,26.91000023,37351.28866,255928.5705,17603.93385
2016-11-28 8:28:32,102.7419355,9820.247712,25.96999989,1033.174619,24.47,26.99500027,37606.17726,257699.3433,17615.15294
2016-11-28 8:33:32,89.83870968,7953.1287,25.98499994,1033.242942,24.58,27.1050004,37601.70371,258251.7408,17689.85937
2016-11-28 8:38:33,95.96774194,6675.167552,26.08000031,1033.299711,24.55,27.12000046,37585.44504,260640.0146,17712.33795
2016-11-28 8:43:33,92.58064516,5768.39099,26.10000038,1033.428822,24.58,27.12500048,37617.35928,257629.4798,17659.88794
2016-11-28 8:48:33,90.96774194,5093.659815,26.06000023,1033.513724,24.635,27.34000006,37341.87501,260168.432,17678.62008
2016-11-28 8:53:33,95.32258065,4580.088616,26.09500036,1033.551904,24.585,27.2949995,37254.01425,257928.6918,17652.39508
2016-11-28 8:58:34,89.19354839,4184.317115,26.09500036,1033.566473,24.505,27.28999939,37104.20095,258339.7464,17644.92242
2016-11-28 9:03:34,92.74193548,3908.670612,26.06500025,1033.635299,24.535,27.27999954,35827.19946,260747.4928,17693.6058
2016-11-28 9:08:34,93.5483871,3599.541501,26.10000038,1033.737784,24.43,27.18000069,35801.96497,251391.372,17600.32831
2016-11-28 9:13:34,94.67741935,3397.253626,26.03500013,1033.840269,24.33,27.20500069,35460.83127,255620.5026,17581.69682
2016-11-28 9:18:35,98.38709677,3247.109626,25.94999981,1033.906583,24.3,27.1249999,35787.44362,264759.7657,17810.45975
2016-11-28 9:23:35,97.09677419,3122.199,25.90499964,1033.955816,24.29,26.96499987,36271.46759,269076.1236,18012.18676
2016-11-28 9:28:35,114.0322581,3014.522423,25.89999962,1034.097989,24.21,26.88999958,36390.63362,270103.1752,18162.5267
2016-11-28 9:33:35,94.19354839,2905.357218,25.88999958,1034.218057,24.24,26.87499952,36783.1937,269864.666,18271.49719
2016-11-28 9:38:36,98.22580645,2785.177238,25.76000004,1034.283366,24.325,27.07000027,36905.50229,275239.9013,18452.4403
2016-11-28 9:43:36,97.90322581,2687.647917,25.72500038,1034.334106,24.25,27.09000034,37279.35922,278001.6793,18627.78377
2016-11-28 9:48:36,98.5483871,2592.361806,25.68500071,1034.384344,24.095,27.06500025,37330.71388,271747.0526,18695.7311
2016-11-28 9:53:36,152.9032258,2521.447974,26.92500057,1034.506924,24.1,27.04000015,37333.16648,276317.3053,18821.31498
2016-11-28 9:58:37,95.48387097,2464.989475,25.68000069,1034.54611,24.02,26.88999958,37218.28188,273686.6982,18813.01454
2016-11-28 10:03:37,97.09677419,2407.538873,25.65500059,1034.648595,23.91,26.88999958,37418.88355,270993.7877,18869.83686
2016-11-28 10:08:37,126.9354839,2358.078417,25.61000042,1034.744549,23.91,26.85499945,37611.37352,268002.7785,18873.90704
2016-11-28 10:13:37,94.19354839,2309.740198,25.58500032,1034.875167,23.73,26.89499969,38184.84777,261891.5724,18744.14039
2016-11-28 10:18:38,94.83870968,2268.406435,26.76999998,1034.948514,23.76,26.98499994,38505.2457,261802.6175,18647.50283
2016-11-28 10:23:38,95.32258065,2224.427423,25.22500029,1035.039947,23.755,27.47000017,38552.75175,262218.0107,18519.70091
2016-11-28 10:28:38,109.6774194,2184.384571,25.03000011,1035.037937,23.64,27.79999962,38482.71836,261480.4375,18460.20195
2016-11-28 10:33:38,96.12903226,2142.451196,25.08500032,1035.031909,23.71,27.67500029,38359.63484,259437.2206,18334.14478
2016-11-28 10:38:39,100.3225806,2098.646674,25.11500044,1035.094706,23.74,27.58500032,38413.80341,258446.9549,18185.77486
2016-11-28 10:43:39,107.0967742,2062.977169,25.13500052,1035.130877,23.705,27.48999996,38589.99557,257376.1961,18116.05141
2016-11-28 10:48:39,100.1612903,2033.177735,25.31999989,1035.117815,23.615,27.18499966,38000.34085,266008.4583,18185.77486
2016-11-28 10:53:39,103.7096774,1996.494966,25.57500029,1035.179608,23.82,26.80499954,37731.02206,263336.1393,18170.26896
2016-11-28 10:58:40,98.06451613,1967.720915,25.59000034,1035.126858,24.005,26.81499949,37341.4968,260029.5417,18058.1966
2016-11-28 11:03:40,96.29032258,1941.173023,25.6300005,1035.155996,24.24,26.75500011,37561.36552,264760.9867,18054.34668
2016-11-28 11:08:40,96.12903226,1916.830841,25.71000042,1035.215277,24.345,26.69500046,38221.63214,265240.8776,18100.60932
2016-11-28 11:13:41,92.74193548,1896.049274,25.91499968,1035.255467,24.52,26.55500021,38893.8838,268972.5408,18236.31341
2016-11-28 11:18:41,109.3548387,1867.762192,26.01500006,1035.306207,24.69,26.66000052,39364.74365,279992.9207,18472.76047
2016-11-28 11:23:41,101.6129032,1756.145711,25.9749999,1035.216784,24.995,26.91000023,39798.41261,290816.2261,18764.53608
2016-11-28 11:28:41,154.8387097,1649.510468,26.19500036,1035.164034,24.95,26.91499968,39386.4468,294516.6445,18996.82263
2016-11-28 11:33:42,98.38709677,1604.577285,26.29499931,1035.162527,24.985,26.79999943,39188.28625,288417.2715,18959.86635
2016-11-28 11:38:42,93.87096774,1560.642942,26.37999954,1035.240395,24.985,26.67000046,39353.11574,291620.6109,19116.36676
2016-11-28 11:43:42,97.25806452,1515.099925,26.34999943,1035.276064,25.005,26.64500055,39304.29995,291676.4284,19253.69628
2016-11-28 11:48:42,94.51612903,1525.475663,26.37499952,1035.251448,25.19,27.20500011,37857.98205,280120.2646,19071.69494
2016-11-28 11:53:43,103.5483871,1480.862507,26.675,1035.28159,25.47,27.69000015,35865.84948,272819.5093,18829.15769
2016-11-28 11:58:43,162.5806452,1431.47467,26.87999954,1035.318264,25.715,28.00999975,35296.90495,273919.376,18752.167
2016-11-28 12:03:43,322.9032258,1390.119522,27.17500029,1035.345392,25.985,28.33999939,34999.64384,277367.1357,18752.18967
2016-11-28 12:08:43,206.6129032,1310.795896,27.28999939,1035.338359,26.135,28.51500006,34833.44384,281740.3767,18756.21432
2016-11-28 12:13:44,233.0645161,1243.022101,27.41999969,1035.36599,26.28,28.62000046,34578.83962,284144.7802,18817.01574
2016-11-28 12:18:44,185.3225806,1177.340447,27.55000019,1035.363478,26.47,28.70500031,34541.26441,286019.3648,18873.97603
2016-11-28 12:23:44,98.87096774,1099.095498,27.26500006,1035.366995,26.705,29.05999956,34730.191,293298.7572,19037.98804
2016-11-28 12:28:44,90.80645161,1079.835521,26.81499929,1035.372018,26.68,29.04000015,35166.87867,284488.4366,18967.96001
2016-11-28 12:33:45,95.80645161,1158.504253,26.8949996,1035.399147,26.545,28.81999979,35368.863,282941.3594,18992.58925
2016-11-28 12:38:45,96.12903226,1247.35199,27.1800004,1035.404171,26.42,28.61000004,35557.67308,289431.1802,19233.04462
2016-11-28 12:43:45,99.83870968,1195.74441,27.15000019,1035.443858,26.585,28.44499979,35890.46433,293000.6734,19489.88655
2016-11-28 12:48:45,100.3225806,1110.452443,27.08500032,1035.456418,26.53,28.53000011,36952.97711,294061.2245,19506.90326
2016-11-28 12:53:46,97.25806452,995.2815218,27.29499979,1035.45692,26.42,28.1550004,37809.5451,302168.9137,19652.32361
2016-11-28 12:58:46,115,947.0787956,27.10000019,1035.41472,26.72,28.33999987,38173.25138,304362.869,19847.17928
2016-11-28 13:03:46,111.9354839,822.0488352,27.41999969,1035.389099,26.89,28.34499941,37798.44226,303894.389,19829.68791
2016-11-28 13:08:46,144.3548387,824.3180527,27.5,1035.387592,27.285,28.47999973,37641.57722,307132.5835,19969.42679
2016-11-28 13:13:47,96.61290323,954.2092525,27.49499998,1035.353933,27.42,28.72000036,37459.57687,307728.4598,20035.29412
2016-11-28 13:18:47,96.12903226,1013.689455,27.6050004,1035.334842,27.28,28.78999939,37206.6439,305380.9128,19991.38264
2016-11-28 13:23:47,163.3870968,1032.153107,27.75499992,1035.339364,27.165,28.76999969,36965.9893,302282.0754,19929.87594
2016-11-28 13:28:47,100.483871,1129.254144,27.67500057,1035.317762,27.22,29.04500017,36752.64375,301459.0976,19846.87484
2016-11-28 13:33:48,102.9032258,1029.744181,27.66500015,1035.289126,27.385,29.19000025,36646.56493,303549.6384,19868.93187
2016-11-28 13:38:48,103.0645161,972.5412738,27.30499992,1035.314245,27.48,29.41999969,36955.81748,308344.3767,20146.24195
2016-11-28 13:43:48,152.7419355,818.033588,27.23999987,1035.346397,27.255,28.98500004,37752.13881,313130.059,20438.18002
2016-11-28 13:48:48,104.8387097,845.5040615,27.03000011,1035.322785,26.53,27.83999987,40604.38877,310325.3609,20693.32069
2016-11-28 13:53:49,92.41935484,705.0675211,26.93499975,1035.33434,26.53,27.59499969,40788.57229,307962.0863,20583.38344
2016-11-28 13:58:49,98.5483871,477.9823975,27.13499994,1035.364483,27.34,27.64499998,40909.3787,316649.5836,20665.5338
2016-11-28 14:03:49,93.5483871,308.0517678,27.43999977,1035.417735,28.18,27.37999954,40863.01084,318894.9003,20730.33361
2016-11-28 14:08:50,90.64516129,225.4368766,28.02000008,1035.361468,29.345,26.76000004,40586.29183,309211.3296,20361.16217
2016-11-28 14:13:50,91.93548387,435.1385183,28.23500004,1035.404171,28.795,26.55999994,40522.96939,301696.9474,20429.30126
2016-11-28 14:18:50,93.87096774,233.147033,28.28500023,1035.350919,28.55,26.61999989,40215.17094,290484.228,20143.16214
2016-11-28 14:23:50,96.4516129,225.4357832,28.58499994,1035.383071,28.775,26.22499971,39921.68314,274470.8931,19601.22301
2016-11-28 14:28:51,90.32258065,208.0732936,29.17499981,1035.363478,28.665,25.6749999,39697.28675,263268.5893,19112.36834
2016-11-28 14:33:51,92.90322581,268.7697105,29.96000013,1035.333335,28.355,24.8999999,39397.59715,258291.6854,18853.55612
2016-11-28 14:38:51,95.16129032,381.319217,29.9749999,1035.487565,27.91,24.88499985,39171.82809,261631.1501,18849.53226
2016-11-28 14:43:51,168.3870968,747.2992431,29.39500017,1035.513186,27.825,25.70499973,39619.29119,274310.4083,19199.64047
2016-11-28 14:48:52,106.2903226,516.2667785,28.68500032,1035.453906,27.69,26.53000002,39403.92113,271057.6114,19013.47569
2016-11-28 14:53:52,95.80645161,413.1688363,28.6550004,1035.508665,27.955,26.80499973,39519.31515,281055.614,19042.17491
2016-11-28 14:58:52,98.38709677,321.9022661,28.81999941,1035.527755,28.28,26.61000032,39309.2707,283494.7724,19071.03813
2016-11-28 15:03:52,100,260.7937113,28.83999939,1035.585026,28.545,26.65000057,39150.13934,277468.0333,18871.09866
2016-11-28 15:08:53,90.64516129,351.5634797,28.79999924,1035.599595,28.47,26.64000053,38844.10948,262538.6372,18420.75616
2016-11-28 15:13:53,96.77419355,346.073769,28.78499947,1035.657369,28.475,26.69500027,38736.81769,256246.3124,18205.90296
2016-11-28 15:18:53,102.4193548,744.732642,28.92499971,1035.782963,28.24,26.68999987,38174.06182,249043.6368,17818.0147
2016-11-28 15:23:53,96.4516129,1564.349775,28.775,1035.787987,28.08,26.725,38290.81241,255717.5639,17848.33427
2016-11-28 15:28:54,97.90322581,1735.006449,28.6050004,1035.800044,28.08,27.06000023,38563.96837,261055.5088,17905.58053
2016-11-28 15:33:54,101.9354839,2010.052581,28.45999994,1035.883941,27.605,27.0500001,38404.48171,259904.0304,17871.03731
2016-11-28 15:38:54,99.51612903,2170.018793,28.18500042,1035.871382,27.675,27.42499981,38585.00862,259901.7201,17821.65748
2016-11-28 15:43:54,134.6774194,2269.979558,28.21000013,1035.940207,27.96,27.76999969,38231.43018,267248.9562,17882.565
2016-11-28 15:48:55,159.1935484,2341.198652,28.23500023,1035.990948,28.05,28.09500017,37752.70684,267147.1319,17840.75896
2016-11-28 15:53:55,178.5483871,2153.3579,28.26999989,1035.956786,28.11,28.22500038,37247.93528,261459.8,17644.96281
2016-11-28 15:58:55,145,2345.067118,28.31499958,1036.032142,28.12,28.34500008,36803.57274,256855.3533,17500.35835
2016-11-28 16:03:55,162.5806452,3134.042739,28.35499945,1035.966331,28.01,28.43499975,36480.6709,255002.8772,17305.62656
2016-11-28 16:08:56,140.483871,4359.577737,28.34499941,1036.002,27.965,28.59500036,36206.11486,255138.1797,17196.69854
2016-11-28 16:13:56,167.0967742,5131.493815,28.23000031,1036.075347,28.005,28.80999985,36077.30868,256555.9981,17214.74062
2016-11-28 16:18:56,185.1612903,6530.653207,28.18000059,1036.080371,28.015,28.98499994,35742.88938,253627.3719,17149.78854
2016-11-28 16:23:56,181.4516129,8167.831013,28.1300005,1036.055252,28.105,29.16500063,35625.73384,252492.1293,17024.21787
2016-11-28 16:28:57,153.0645161,10692.76266,28.21000052,1036.100466,28.03,29.15500059,35489.75991,253654.238,17042.18327
2016-11-28 16:33:57,177.9032258,14189.0233,28.20500059,1036.087906,27.96,29.23500013,35152.56721,248420.6278,16924.77201
2016-11-28 16:38:57,142.2580645,12351.07897,28.10000038,1036.135632,28.035,29.48499994,34961.64402,249061.1034,16832.87694
2016-11-28 16:43:57,107.2580645,4942.560291,28.16000061,1036.130608,27.835,29.56000023,34738.91002,251188.7926,16818.78215
2016-11-28 16:48:58,95.48387097,5123.179759,27.90500002,1036.152713,27.695,29.68500023,34588.24912,252730.5641,16825.8664
2016-11-28 16:53:58,103.0645161,5302.342061,27.61500044,1036.220032,27.615,30.0250001,34443.00248,254853.9986,16815.63693
2016-11-28 16:58:58,95.48387097,5346.843054,27.74000034,1036.24917,27.61,30.00500002,34108.8388,248506.0456,16857.70006
2016-11-28 17:03:59,147.2580645,5304.190033,28.09000034,1036.269767,27.77,29.90999994,33865.4025,246499.8535,16875.40223
2016-11-28 17:08:59,221.1290323,5331.681012,28.23999987,1036.343114,27.845,29.71000042,33760.05063,246361.8417,16797.76887
2016-11-28 17:13:59,145.1612903,5362.750074,28.18000021,1036.332062,27.895,29.84999962,33591.86329,243026.6041,16738.18811
2016-11-28 17:18:59,178.2258065,5369.697032,28.36499949,1036.391342,27.975,29.65000057,33299.20299,240645.5271,16658.14105
2016-11-28 17:24:00,183.7096774,5348.960019,28.44999981,1036.428518,27.975,29.62000046,33066.66843,239985.5029,16592.22335
2016-11-28 17:29:00,166.9354839,5352.345158,28.41499968,1036.423495,27.975,29.64500055,32977.94407,235618.0123,16461.55447
2016-11-28 17:34:00,157.7419355,5380.077236,28.46999989,1036.356678,28.04,29.65000057,32832.07852,239053.1918,16454.68847
2016-11-28 17:39:00,204.1935484,5396.256738,28.46499987,1036.336081,27.94,29.70000067,32678.15074,232032.7943,16305.27412
2016-11-28 17:44:01,179.6774194,5373.126987,28.55000019,1036.384309,27.995,29.64500055,31589.24294,231195.1116,16335.51378
2016-11-28 17:49:01,95.32258065,5358.119808,28.61000042,1036.444092,28.055,29.57000027,31202.28403,234706.6586,16437.60337
2016-11-28 17:54:01,132.9032258,6899937.062,28.19500008,1036.509904,27.94,29.5250001,32221.03139,251622.5566,16851.27956
2016-11-28 17:59:01,157.0967742,10220000,28.08000031,1036.559137,27.885,29.25500021,33146.80872,255675.7373,17207.54303
2016-11-28 18:04:02,95.96774194,10220000,28.07000027,1036.524472,27.55,29.09000034,33200.40869,253600.1692,17309.21543
2016-11-28 18:09:02,89.67741935,10220000,28.1300005,1036.51543,27.645,28.9,33397.75028,254987.138,17481.72702
2016-11-28 18:14:02,89.67741935,10220000,28.23500023,1036.536027,27.53,28.64500036,33487.93838,255603.1982,17641.29716
2016-11-28 18:19:02,95,10220000,28.3949996,1036.542558,27.635,28.30999994,33578.36183,256944.9947,17817.95261
2016-11-28 18:24:03,95.64516129,10220000,28.43999977,1036.550596,27.62,28.12000046,33714.52841,258601.2736,18000.61614
2016-11-28 18:29:03,91.77419355,10220000,28.51000004,1036.528994,27.62,27.91499968,33687.27427,257976.2477,18135.36464
2016-11-28 18:34:03,89.67741935,10220000,28.41499968,1036.554113,27.165,27.84499941,33250.59625,251409.3918,18154.78427
2016-11-28 18:39:03,88.06451613,10220000,28.25499992,1036.625953,26.81,27.85499983,32726.9745,239296.9701,17973.96039
2016-11-28 18:44:04,88.70967742,10220000,28.28999939,1036.690257,26.565,27.67000065,32938.48558,237266.3585,17848.18957
2016-11-28 18:49:04,94.51612903,10220000,28.20500069,1036.754561,26.42,27.61000042,33222.82399,239634.7379,17821.63695
2016-11-28 18:54:04,89.51612903,10220000,28.1050004,1036.813842,26.365,27.67500048,33555.77076,240511.14,17829.21159
2016-11-28 18:59:04,90.80645161,10220000,28.01000004,1036.831425,26.285,27.63000021,33783.52311,247620.7191,17901.39845
2016-11-28 19:04:05,86.77419355,10220000,27.9749999,1036.887189,26.19,27.64000034,33874.49139,241779.8492,17836.84797
2016-11-28 19:09:05,93.87096774,10220000,27.95999985,1036.868099,26.105,27.4749999,34215.26456,244063.5065,17855.72281
2016-11-28 19:14:05,90.48387097,10220000,27.8949996,1036.928384,26.015,27.2300005,34340.43024,242577.0148,17829.21159
2016-11-28 19:19:06,91.4516129,10220000,27.79999924,1036.909796,25.97,27.18000069,34560.16131,240919.2333,17795.28978
2016-11-28 19:24:06,91.29032258,10220000,27.79999924,1036.909294,25.91,27.00500002,34630.49012,243369.3596,17776.3123
2016-11-28 19:29:06,100,10220000,27.67500038,1036.915825,25.855,27.09000034,35114.44094,248688.7031,17848.18957
2016-11-28 19:34:06,149.1935484,10220000,27.56500025,1036.930394,25.79,27.1300005,35320.68607,251574.6102,17970.2574
2016-11-28 19:39:07,96.12903226,10220000,27.50500002,1036.95501,25.72,27.15000057,35402.99051,247681.5295,17905.16507
2016-11-28 19:44:07,92.41935484,10220000,27.32000017,1036.985655,25.7,27.26499996,35689.23417,259682.6817,18155.01865
2016-11-28 19:49:07,97.90322581,10220000,27.14000044,1036.953503,25.64,27.44999981,35698.93129,263588.7261,18377.70073
2016-11-28 19:54:07,91.4516129,10220000,27.20000067,1036.979124,25.525,27.35999966,35806.57252,255956.8994,18416.75437
2016-11-28 19:59:08,92.41935484,10220000,27.21000061,1036.968574,25.435,27.26499996,35860.62614,255493.9264,18420.73405
2016-11-28 20:04:08,92.25806452,10220000,27.16500044,1036.993191,25.555,27.31499977,35978.64576,257897.3637,18428.62782
2016-11-28 20:09:08,92.58064516,10220000,27.17000017,1037.036395,25.43,27.25500002,36057.71758,250122.1298,18346.06135
2016-11-28 20:14:08,99.51612903,10220000,27.31499929,1037.073571,25.315,27.01000004,35959.49112,250566.3688,18267.5398
2016-11-28 20:19:09,102.4193548,10220000,27.29999924,1037.070055,25.32,27.01000004,36151.79424,245019.0224,18069.89431
2016-11-28 20:24:09,103.2258065,10220000,27.22000046,1037.071059,25.335,26.91999969,35934.42243,250366.8374,18004.44502
2016-11-28 20:29:09,91.12903226,10220000,27.19500074,1037.122804,25.405,26.95999985,36161.67314,247637.2578,17950.90314
2016-11-28 20:34:09,97.58064516,10220000,27.14000034,1037.106728,25.325,26.8949996,36206.25061,254203.6109,18031.50015
2016-11-28 20:39:10,91.61290323,10220000,28.39500036,1037.148928,25.295,26.9749999,36171.87635,252212.3791,18081.31731
2016-11-28 20:44:10,89.83870968,10220000,27.10000038,1037.165506,25.235,26.88499956,36356.10894,258528.8226,18209.36647
2016-11-28 20:49:10,95.80645161,10220000,27.03000011,1037.191128,25.2,26.89999962,36536.11812,255415.2683,18302.7234
2016-11-28 20:54:10,92.74193548,10220000,26.9749999,1037.189118,25.225,26.78999987,36581.75749,256014.5484,18318.37973
2016-11-28 20:59:11,89.35483871,10220000,26.82999954,1037.147421,25.255,26.6800004,36986.94873,264036.4994,18488.06081
2016-11-28 21:04:11,93.5483871,10220000,26.85999947,1037.124311,25.155,26.58500032,36991.95613,265023.3807,18579.55531
2016-11-28 21:09:11,112.5806452,10220000,26.79999924,1037.117278,25.105,26.6050004,37155.34259,264953.7855,18732.13467
2016-11-28 21:14:11,129.6774194,10220000,26.80999928,1037.137875,25.095,26.53500013,37012.08876,261221.3293,18724.1536
2016-11-28 21:19:12,92.25806452,10220000,26.74000015,1037.172037,25.1,26.58000031,37150.26565,262888.0876,18723.97182
2016-11-28 21:24:12,91.93548387,10220000,26.76999969,1037.179573,25.1,26.59500036,37166.28079,265488.9441,18784.65968
2016-11-28 21:29:12,92.90322581,10220000,26.71500015,1037.232322,24.945,26.58500032,37432.49883,260599.1768,18808.82964
2016-11-28 21:34:12,89.03225806,10220000,26.78999939,1037.260456,24.925,26.45499983,37192.40867,260783.9708,18768.47022
2016-11-28 21:39:13,95.16129032,10220000,26.75999985,1037.275025,25,26.40999966,37345.80074,265976.5249,18821.10879
2016-11-28 21:44:13,95.48387097,10220000,26.75499973,1037.30366,25.01,26.40999966,37351.34566,270557.8256,18972.12303
2016-11-28 21:49:13,98.87096774,10220000,26.67500067,1037.321243,25.12,26.46499987,37599.94239,270842.9591,19070.87374
2016-11-28 21:54:14,91.93548387,10220000,26.73000011,1037.334305,25.02,26.45999985,37476.08243,269297.2124,19145.44109
2016-11-28 21:59:14,88.87096774,10220000,26.76999969,1037.370476,25.035,26.3699995,37455.69212,271081.8653,19145.488
2016-11-28 22:04:14,98.06451613,10220000,26.80999928,1037.468942,25.015,26.30999985,37451.15252,270073.5462,19157.86096
2016-11-28 22:09:14,99.35483871,3104771.479,26.80999947,1037.522194,25.055,26.34499998,37605.78438,263267.8584,19046.26895
2016-11-28 22:14:15,99.19354839,5206.754352,26.41000023,1037.498583,25.47,27.0500001,38392.23031,264589.8246,18784.77382
2016-11-28 22:19:15,100.1612903,5147.741978,25.96499987,1037.522697,25.61,27.80499973,38606.1424,261576.9393,18488.14962
2016-11-28 22:24:15,100.9677419,5156.719801,25.87499952,1037.529228,25.635,27.94499989,38391.66299,261840.124,18314.53088
2016-11-28 22:29:15,96.12903226,5214.226903,25.79999924,1037.489037,25.745,28.29999971,38284.76562,262468.7113,18162.50531
2016-11-28 22:34:16,91.93548387,5217.640224,25.61500034,1037.538773,25.83,28.7499999,38252.92534,266021.4464,18088.99594
2016-11-28 22:39:16,106.2903226,5189.361473,25.34499998,1037.557863,25.965,29.32499981,37172.54937,283030.6862,18461.54416
2016-11-28 22:44:16,102.5806452,843230.721,24.99499998,1037.586499,25.8,29.87999983,36803.39733,292138.2134,18906.6528
2016-11-28 22:49:16,155.6451613,6895250,25.58500004,1037.546308,25.23,29.41999998,36475.88713,274609.5755,18833.29686
2016-11-28 22:54:17,98.87096774,6128000,26.37999983,1037.501597,25.205,28.23500004,36849.54741,268214.478,18792.6861
2016-11-28 22:59:17,91.4516129,5360750,26.67000036,1037.474971,25.135,27.53500013,37387.88419,262557.8368,18752.18967
2016-11-28 23:04:17,93.06451613,5105000,26.84499941,1037.492052,25.09,27.13000002,37625.95278,260898.3555,18723.94915
2016-11-28 23:09:17,90.96774194,5360750,26.92499971,1037.505113,25.05,26.9000001,37704.18401,256239.348,18651.52748
2016-11-28 23:14:18,95.80645161,5616500,26.84999943,1037.533749,25.08,26.75499992,37725.12,263887.0788,18711.8977
2016-11-28 23:19:18,91.4516129,5360750,26.87499952,1037.577456,25.04,26.63000002,37751.44159,257579.7884,18679.61005
2016-11-28 23:24:18,88.87096774,5360750,26.8699995,1037.568915,25.035,26.43999977,37966.75922,260136.3496,18687.65933
2016-11-28 23:29:18,92.90322581,5105000,26.82999935,1037.500592,25.095,26.40499964,37919.70419,263034.06,18752.3263
2016-11-28 23:34:19,91.12903226,5105000,26.86499949,1037.547313,25.065,26.32999973,38077.80685,259351.1809,18736.0004
2016-11-28 23:39:19,97.90322581,5616500,26.82999945,1037.515161,25.035,26.23000031,38259.03144,264740.5322,18845.48455
2016-11-28 23:44:19,92.74193548,5360750,26.69500046,1037.511142,24.935,26.34999971,38665.74389,264439.9933,18931.05104
2016-11-28 23:49:19,90.48387097,5105000,26.72500019,1037.487028,24.965,26.22000046,38579.35194,266869.9764,18963.95999
2016-11-28 23:54:20,98.22580645,5105000,26.64000053,1037.471957,24.86,26.25500002,38552.78967,268443.6189,19108.03953
2016-11-28 23:59:20,90.48387097,5105000,26.64000053,1037.445833,24.8,26.14500055,38882.09989,263749.2235,19079.05983
2016-11-29 0:04:20,96.29032258,5360750,26.68000069,1037.397605,24.695,26.03000011,38838.95427,268554.896,19145.41743
2016-11-29 0:09:20,95.80645161,6895250,26.62500048,1037.362438,24.655,25.9749999,38958.74215,266791.4547,19211.91697
2016-11-29 0:14:21,90.64516129,10220000,26.58500032,1037.378514,24.565,25.94499979,39475.19269,264398.0995,19141.27747
2016-11-29 0:19:21,98.38709677,10220000,26.59000034,1037.318731,24.435,25.89999962,39166.46192,268328.153,19211.94083
2016-11-29 0:24:21,146.9354839,10220000,26.47999992,1037.3333,24.425,25.87999954,39381.91587,270796.1514,19333.52343
2016-11-29 0:29:22,101.7741935,10220000,26.40999966,1037.340334,24.345,25.87999954,39658.47061,271505.3323,19362.95629
2016-11-29 0:34:22,94.19354839,10220000,26.30999956,1037.344855,24.315,25.89999962,39955.64603,271285.8501,19430.46272
2016-11-29 0:39:22,94.19354839,10220000,26.24500008,1037.281555,24.235,26,39921.6221,270865.1808,19502.56951
2016-11-29 0:44:22,94.67741935,10220000,26.17500067,1037.241365,24.3,25.93499985,40113.88129,265764.6812,19502.59399
2016-11-29 0:49:23,90.64516129,10220000,26.06000023,1037.189118,24.355,26.11000042,40471.67427,264430.8575,19375.5183
2016-11-29 0:54:23,96.61290323,10220000,25.98499994,1037.173544,24.315,26.05500031,40684.77463,267469.5791,19371.30676
2016-11-29 0:59:23,93.87096774,10220000,25.82499933,1037.132349,24.34,25.97999992,40787.95378,266243.4706,19329.19114
2016-11-29 1:04:23,90.80645161,10220000,25.82999935,1037.102709,24.23,25.97999992,40747.44299,264707.581,19266.28256
2016-11-29 1:09:24,96.93548387,10220000,25.77999973,1037.123809,24.145,25.96999989,41119.11828,265388.6666,19182.77167
2016-11-29 1:14:24,95,10220000,25.69000053,1037.111249,24.06,26.03500013,41107.3593,263897.8539,19132.87927
2016-11-29 1:19:24,96.93548387,10220000,25.66000061,1037.113761,23.99,26.01500006,41259.62219,266456.8045,19099.75962
2016-11-29 1:24:24,95,10220000,25.67500057,1037.101202,23.955,25.98999996,41649.42005,265812.5835,19079.05983
2016-11-29 1:29:25,94.67741935,10220000,25.71500034,1037.118785,23.96,25.93999977,41324.62504,265069.109,19025.45149
2016-11-29 1:34:25,94.83870968,10220000,25.7050004,1037.145411,23.92,25.83999977,41495.11761,266131.0596,19008.98548
2016-11-29 1:39:25,94.51612903,10220000,25.73000031,1037.157971,23.89,25.70000019,41330.20068,271327.5151,19037.80099
2016-11-29 1:44:25,95.80645161,10220000,25.74500008,1037.103714,23.9,25.65500059,41342.90218,271874.4851,19137.01923
2016-11-29 1:49:26,94.51612903,10220000,25.66500063,1037.123307,23.86,25.66500025,41389.52435,270746.5031,19191.0989
2016-11-29 1:54:26,97.90322581,10220000,25.58500032,1037.087135,23.82,25.76499977,41471.97413,274824.7655,19270.4941
2016-11-29 1:59:26,118.5483871,10220000,25.60000038,1037.038405,23.74,25.58500032,41324.51748,279686.0744,19460.38403
2016-11-29 2:04:26,131.1290323,10220000,26.86000032,1037.051467,23.635,25.55500021,41306.76994,280064.078,19579.45289
2016-11-29 2:09:27,99.67741935,10220000,28.0750001,1036.978622,23.58,25.6300005,41477.67714,281723.131,19695.32283
2016-11-29 2:14:27,94.19354839,10220000,33.13999996,1036.902763,23.505,25.61500044,41626.32334,282119.134,19781.72249
2016-11-29 2:19:27,98.06451613,10220000,26.82000017,1036.974603,23.465,25.5250001,41406.79121,288503.8943,19986.9453
2016-11-29 2:24:27,91.4516129,10220000,25.60000038,1036.9952,23.445,25.42499971,41756.86721,288163.1103,20092.69912
2016-11-29 2:29:28,91.93548387,10220000,25.51500006,1037.029362,23.39,25.39999962,41649.33085,292063.6931,20261.91411
2016-11-29 2:34:28,95.96774194,10220000,25.48499994,1037.063524,23.285,25.39999962,41851.86653,295382.4055,20414.88832
2016-11-29 2:39:28,96.12903226,10220000,25.43499975,1037.022831,23.245,25.39999962,42037.99952,295306.6407,20528.30658
2016-11-29 2:44:29,91.12903226,10220000,25.35999947,1037.012281,23.175,25.42999973,42055.81219,297007.7014,20660.93489
2016-11-29 2:49:29,94.19354839,10220000,25.31499929,1036.954508,23.09,25.41499968,42255.23843,300303.885,20822.59011
2016-11-29 2:54:29,93.87096774,10220000,25.29999924,1036.886184,22.96,25.39999962,42140.17465,303096.177,20981.35428
2016-11-29 2:59:29,95,10220000,25.27999954,1036.867596,22.98,25.44499979,42443.02692,303036.5222,21094.25365
2016-11-29 3:04:30,93.06451613,10220000,25.24500008,1036.820875,22.935,25.39999962,42491.7921,304655.0865,21208.12924
2016-11-29 3:09:30,95.64516129,10220000,25.20000076,1036.832932,22.93,25.40499964,42522.33682,305432.1418,21337.18411
2016-11-29 3:14:30,93.38709677,10220000,25.19500074,1036.807813,22.915,25.42499971,42699.8481,306396.0207,21433.47334
2016-11-29 3:19:30,94.03225806,10220000,25.1050004,1036.804297,22.785,25.39999962,42965.1065,308632.4285,21540.07123
2016-11-29 3:24:31,95.32258065,10220000,25.05000019,1036.833937,22.87,25.47999992,42989.85089,308695.6018,21627.83798
2016-11-29 3:29:31,93.87096774,10220000,25.04500017,1036.884175,22.74,25.39999962,43151.08845,309786.0535,21765.26835
2016-11-29 3:34:31,100.8064516,10220000,25,1036.873625,22.705,25.42499971,43213.3269,311558.3995,21824.65216
2016-11-29 3:39:31,149.8387097,10220000,24.9749999,1036.86408,22.59,25.44499979,43589.70411,313975.2115,22013.94153
2016-11-29 3:44:32,96.61290323,10220000,24.91499968,1036.852525,22.59,25.43999977,43615.16905,311682.1266,21998.81466
2016-11-29 3:49:32,99.67741935,10220000,24.89999962,1036.865084,22.575,25.44999981,43831.41236,312601.1411,22074.00781
2016-11-29 3:54:32,92.90322581,10220000,24.88999958,1036.794752,22.555,25.47999992,43932.32623,313644.3524,22164.76903
2016-11-29 3:59:32,96.93548387,10220000,24.8699995,1036.79224,22.475,25.43999977,44143.26524,314201.2799,22240.84876
2016-11-29 4:04:33,94.03225806,10220000,24.79999924,1036.798771,22.42,25.39999962,44220.45736,312848.9022,22256.07107
2016-11-29 4:09:33,94.67741935,10220000,24.72000046,1036.786211,22.47,25.42999973,44523.79252,310158.3952,22220.55235
2016-11-29 4:14:33,98.5483871,10220000,24.70000076,1036.766618,22.775,25.44999981,44104.64356,309248.6856,22256.07107
2016-11-29 4:19:33,94.35483871,10220000,24.70000076,1036.75004,22.815,25.39999962,43906.63737,305974.1955,22240.84876
2016-11-29 4:24:34,96.61290323,10220000,24.70000076,1036.798268,22.805,25.33499937,43925.78637,307252.4145,22235.77466
2016-11-29 4:29:34,98.87096774,10220000,24.67500067,1036.81133,22.69,25.29999924,44214.29113,305794.302,22205.33004
2016-11-29 4:34:34,91.29032258,10220000,24.57000027,1036.86408,22.85,25.38999958,44609.01847,304367.6144,22190.10773
2016-11-29 4:39:34,94.51612903,10220000,24.6050004,1036.901758,22.83,25.29999924,44726.04667,302512.5761,22154.74808
2016-11-29 4:44:35,94.51612903,10220000,24.60000038,1036.896232,22.865,25.25999985,44738.97787,301322.8543,22094.17697
2016-11-29 4:49:35,99.19354839,10220000,24.61000042,1036.854032,22.84,25.23500032,44563.02088,299064.3115,22043.91164
2016-11-29 4:54:35,96.29032258,10220000,24.62000046,1036.781187,22.82,25.31499958,45159.23992,297604.9917,21968.81244
2016-11-29 4:59:35,92.58064516,10220000,24.42999973,1036.836449,22.755,25.49499998,45739.73003,299300.2436,21943.85222
2016-11-29 5:04:36,96.4516129,10220000,24.37499952,1036.769633,22.73,25.51500006,45571.8836,300024.155,21904.01577
2016-11-29 5:09:36,95.80645161,10220000,24.35999947,1036.764609,22.67,25.44499979,45707.56796,300551.5567,21894.05666
2016-11-29 5:14:36,147.9032258,10220000,24.42999973,1036.783197,22.72,25.40499973,45645.73209,300686.5827,21914.19284
2016-11-29 5:19:37,102.9032258,10220000,24.37999954,1036.827406,22.735,25.34999962,46118.7587,299184.3284,21864.21025
2016-11-29 5:24:37,96.61290323,10220000,24.28999958,1036.799273,22.69,25.44999981,46261.72174,297124.5324,21775.13496
2016-11-29 5:29:37,102.7419355,10220000,24.27999964,1036.81133,22.675,25.45499983,46426.19879,301729.6689,21864.21025
2016-11-29 5:34:37,95,10220000,24.24000015,1036.808818,22.615,25.49499998,46439.8934,299184.7522,21809.77535
2016-11-29 5:39:38,99.19354839,10220000,24.11500044,1036.831425,22.665,25.50500002,46412.55857,301139.3478,21819.67261
2016-11-29 5:44:38,103.0645161,10220000,24.03000011,1036.864582,22.605,25.65500059,46646.64207,301979.2736,21849.36437
2016-11-29 5:49:38,102.4193548,10220000,22.77000017,1036.928384,22.625,25.62000046,46639.50268,299360.7839,21770.18634
2016-11-29 5:54:38,97.25806452,10220000,24.1300005,1036.942451,22.57,25.49499998,46791.91818,300310.0623,21780.08359
2016-11-29 5:59:39,92.90322581,10220000,24.1300005,1036.974603,22.56,25.43999977,46681.30807,299365.2358,21721.00648
2016-11-29 6:04:39,100,10220000,24.13500052,1036.976612,22.565,25.3949996,46709.00268,299892.1116,21721.00648
2016-11-29 6:09:39,94.51612903,10220000,23.92499971,1036.943455,22.56,25.60000038,46826.72526,302682.3517,21775.13496
2016-11-29 6:14:39,96.61290323,10220000,23.88499956,1036.98666,22.485,25.57000027,47042.73761,305090.5891,21864.27211
2016-11-29 6:19:40,95,10220000,23.89999962,1036.929389,22.48,25.53000011,47196.53113,302330.6268,21854.34393
2016-11-29 6:24:40,95,10220000,24,1036.927882,22.485,25.42499971,47084.57297,303703.366,21904.01577
2016-11-29 6:29:40,101.2903226,10220000,24.01000004,1036.975105,22.47,25.32999964,47231.79201,304788.1862,21918.95444
2016-11-29 6:34:40,100.9677419,10220000,23.87499952,1036.95501,22.425,25.51500006,47344.37611,305554.7788,21968.75
2016-11-29 6:39:41,97.25806452,10220000,23.83999939,1036.890203,22.42,25.44499979,47408.12766,305141.179,21998.81466
2016-11-29 6:44:41,98.22580645,10220000,24.1300004,1036.948479,22.305,25.09500008,46896.8484,305816.2773,21978.77155
2016-11-29 6:49:41,94.19354839,10220000,24.29499931,1037.010774,22.51,24.91999969,46236.44225,311214.0018,22018.85776
2016-11-29 6:54:41,156.4516129,10220000,24.36499949,1036.996205,22.78,24.94999981,45909.16336,305944.8497,21999.15984
2016-11-29 6:59:42,96.93548387,10220000,24.48999996,1036.971589,22.99,24.8699995,45466.45112,296728.3378,21711.26187
2016-11-29 7:04:42,95.80645161,7662500,24.61500044,1036.971086,23.11,24.73500023,45001.32137,296140.0236,21579.11209
2016-11-29 7:09:42,98.70967742,5105000,24.69000044,1036.995703,23.355,24.77999964,44856.61513,299254.7159,21481.78063
2016-11-29 7:14:42,94.67741935,9708500,24.81999931,1037.025845,23.545,24.70000076,44423.41712,303816.165,21496.35328
2016-11-29 7:19:43,95.16129032,10220000,24.92499971,1037.061514,23.645,24.62000046,45047.68411,304353.89,21549.78632
2016-11-29 7:24:43,96.29032258,9964250,25.07000027,1037.108738,23.72,24.5,44628.62053,306398.6401,21593.62458
2016-11-29 7:29:43,99.83870968,6639500,25.17000065,1037.186606,23.785,24.43999977,44982.47152,307488.0372,21676.74461
2016-11-29 7:34:43,95.16129032,4593500,25.29499931,1037.184597,23.875,24.29999924,45074.67885,307431.3969,21740.67842
2016-11-29 7:39:44,95,2353860.714,25.29999924,1037.209715,23.905,24.26999969,44898.0089,305975.5093,21775.13496
2016-11-29 7:44:44,98.22580645,1322981.548,25.33499937,1037.224787,23.925,24.23000031,45195.62682,304479.2311,21765.26835
2016-11-29 7:49:44,90.80645161,627023.4413,25.30999928,1037.211725,23.94,24.26999969,44759.3521,305854.6322,21814.72398
2016-11-29 7:54:44,96.29032258,285051.097,25.38499956,1037.230815,23.93,24.17500067,44034.38929,308025.8948,21923.934
2016-11-29 7:59:45,95.16129032,135278.4483,25.39999962,1037.246389,23.965,24.19500074,44255.02746,307965.5764,21958.82211
2016-11-29 8:04:45,95,70834.33173,25.43499975,1037.291603,23.92,24.09000034,43690.83557,306828.4824,21998.84588
2016-11-29 8:09:45,94.03225806,40739.09596,25.5,1037.357917,23.895,23.97999992,43906.80982,298743.7049,21918.98566
2016-11-29 8:14:46,92.09677419,25721.46381,25.5,1037.346362,23.79,23.93999977,43773.20901,296023.1529,21849.3953
2016-11-29 8:19:46,93.87096774,17643.15574,25.5,1037.383538,23.725,23.9749999,43907.32733,292049.4167,21839.5599
2016-11-29 8:24:46,103.7096774,13011.06958,25.44999981,1037.434278,23.74,23.93999977,44214.44267,290653.0259,21824.62123
2016-11-29 8:29:46,143.5483871,10112.97292,25.39999962,1037.471454,23.675,23.90499964,43830.87739,290026.4221,21839.49804
2016-11-29 8:34:47,103.5483871,8180.302004,25.33499937,1037.479995,23.7,24.01000004,43439.02379,289098.6605,21745.59641
2016-11-29 8:39:47,97.09677419,6851.037095,25.33499937,1037.523199,23.73,24.06500025,43257.0917,284054.2167,21613.26561
2016-11-29 8:44:47,98.70967742,5898.471617,25.29999924,1037.53174,23.66,24.17500067,42996.1188,281066.761,21414.2512
2016-11-29 8:49:47,97.58064516,5197.007481,25.32499933,1037.614632,23.685,24.18000069,42928.67617,286088.9351,21399.73815
2016-11-29 8:54:48,92.09677419,4647.023074,25.2499999,1037.655324,23.62,24.27499981,43132.87389,290783.171,21515.99319
2016-11-29 8:59:48,93.5483871,4220.084212,25.18500071,1037.658339,23.52,24.31999931,43213.35087,294492.2769,21686.58058
2016-11-29 9:04:48,93.06451613,3882.049076,25.1300005,1037.649296,23.555,24.33499956,43464.55621,299671.9158,21914.0986
2016-11-29 9:09:48,96.77419355,3618.540577,25.05500021,1037.627191,23.5,24.31999931,43850.64477,305339.1604,22180.91606
2016-11-29 9:14:49,97.25806452,3406.086139,24.87999954,1037.68195,23.545,24.51500006,44246.49662,310261.6841,22502.43946
2016-11-29 9:19:49,94.03225806,3232.577911,24.89999962,1037.729174,23.385,24.49499998,44414.26862,313044.3983,22736.15053
2016-11-29 9:24:49,97.41935484,3082.803155,24.90999966,1037.795488,23.23,24.35499945,44162.58813,307222.4432,22762.44109
2016-11-29 9:29:49,95.96774194,2953.580304,24.81499987,1037.817592,23.245,24.3949996,44673.80686,314209.2104,22989.49209
2016-11-29 9:34:50,95.64516129,2831.729457,24.74000015,1037.818095,23.195,24.47999992,44720.57294,309911.4254,23048.16161
2016-11-29 9:39:50,92.58064516,2705.056298,24.85499945,1037.861802,23.05,24.37499952,44150.0295,302128.0008,22904.56963
2016-11-29 9:44:50,94.51612903,2583.878701,24.88999958,1037.901489,22.95,24.35499945,44426.67352,301936.0187,22899.33218
2016-11-29 9:49:50,94.03225806,2497.736389,24.85499945,1037.936153,22.795,24.32999964,44871.01303,296981.1058,22830.87028
2016-11-29 9:54:51,97.09677419,2426.408218,24.88499956,1037.927111,22.745,24.29499941,44570.12174,299244.166,22777.98599
2016-11-29 9:59:51,97.09677419,2364.052479,24.79999924,1037.919073,22.705,24.28999958,45067.15778,298421.2814,22783.22377
2016-11-29 10:04:51,121.1290323,2313.44104,24.49499998,1037.891944,22.81,24.59999962,45378.30124,296967.0241,22778.22243
2016-11-29 10:09:51,133.0645161,2277.970842,24.16000023,1037.889935,22.775,25.04500017,45471.55826,298948.5651,22799.17352
2016-11-29 10:14:52,99.67741935,2214.235307,24.05500021,1037.82764,22.715,25.15500059,45525.22892,300255.2752,22741.32158
2016-11-29 10:19:52,98.22580645,2163.378355,24.07500029,1037.894456,22.69,25.06500025,45465.01714,297895.1494,22673.29725
2016-11-29 10:24:52,98.38709677,2130.93319,24.12500048,1037.898978,22.75,24.9749999,45632.14803,299711.1871,22683.70607
2016-11-29 10:29:52,92.58064516,2087.210253,24.05500021,1037.855271,22.71,25.09500036,45618.85664,300911.9426,22694.31506
2016-11-29 10:34:53,92.25806452,2044.530127,23.92999973,1037.833166,22.695,25.225,45632.09428,299010.9536,22579.61783
2016-11-29 10:39:53,103.5483871,2021.251118,23.86499949,1037.821611,22.67,25.30999966,45618.56333,301491.5907,22584.85529
2016-11-29 10:44:53,90.64516129,1943.277799,23.95999985,1037.771374,22.6,25.19499998,45773.30483,299595.4248,22569.2751
2016-11-29 10:49:54,93.5483871,1915.455757,24.01000004,1037.790464,22.62,25.14500008,45732.9246,302763.5794,22600.43548
2016-11-29 10:54:54,98.38709677,1864.332243,23.94999981,1037.814076,22.54,25.15499992,45786.75587,303525.7979,22595.23107
2016-11-29 10:59:54,102.5806452,1815.695881,23.91999969,1037.725657,22.545,25.17000046,45996.32296,303110.0502,22621.25313
2016-11-29 11:04:54,96.61290323,1770.130012,23.86499949,1037.705562,22.51,25.20000038,45982.60204,303997.3685,22642.07078
2016-11-29 11:09:55,92.58064516,1753.939146,23.8699995,1037.670396,22.57,25.28499956,45746.29557,303772.1418,22610.84431
2016-11-29 11:14:55,99.67741935,1708.855354,23.76500006,1037.644774,22.555,25.3699995,45921.64236,305567.1138,22621.25313
2016-11-29 11:19:55,92.41935484,1644.929836,23.98999996,1037.613125,22.565,25.12500019,45699.51104,303115.3683,22600.46853
2016-11-29 11:24:55,96.93548387,1526.236489,24.28999977,1037.582982,22.49,24.79500017,45760.49801,301612.5596,22497.03991
2016-11-29 11:29:56,91.93548387,1486.646051,24.27999992,1037.547816,22.73,24.75500002,45286.85222,311717.5692,22642.17086
2016-11-29 11:34:56,94.35483871,1450.652923,24.56000023,1037.489037,22.955,24.71500044,44797.47546,298314.1273,22394.10226
2016-11-29 11:39:56,92.58064516,1417.429179,24.66500063,1037.419207,23.11,24.65500059,44164.35654,295207.7087,22180.15101
2016-11-29 11:44:56,152.4193548,1375.521461,24.71000061,1037.401121,23.37,24.60000038,44105.86473,301744.785,22164.99202
2016-11-29 11:49:57,102.0967742,1337.070287,24.85499954,1037.348372,23.58,24.54500017,45062.53349,305676.7034,22144.59987
2016-11-29 11:54:57,97.58064516,1294.526432,25.09500036,1037.312703,23.745,24.41499968,45733.21887,307182.0159,22185.03363
2016-11-29 11:59:57,93.87096774,1262.187246,25.26999969,1037.289091,23.955,24.29499931,46241.38475,312359.9009,22296.92081
2016-11-29 12:04:57,96.29032258,1222.663671,25.40999966,1037.23383,24.06,24.22500038,46085.02522,314268.7868,22368.40877
2016-11-29 12:09:58,97.09677419,1170.582042,25.52000008,1037.188616,24.12,24.22000017,46336.97507,315875.9872,22471.1173
2016-11-29 12:14:58,94.51612903,1111.126981,25.57000027,1037.152444,24.26,24.19500074,46646.50285,323973.49,22668.15956
2016-11-29 12:19:58,95.16129032,1073.832768,25.61000042,1037.072566,24.385,24.19500074,46378.28029,322831.8581,22725.60826
2016-11-29 12:24:58,90.96774194,1044.55357,25.75999985,1037.04594,24.48,24.14000053,46556.58802,326396.3058,22846.44756
2016-11-29 12:29:59,98.70967742,1057.123925,25.79999924,1037.086131,24.53,24.11000042,46364.22757,328459.8883,22925.89352
2016-11-29 12:34:59,93.5483871,1173.837726,25.8699995,1037.046945,24.59,24.11500044,46412.36579,333433.8748,23139.18203
2016-11-29 12:39:59,93.87096774,1251.093433,25.97999992,1036.960034,24.49,24.32499971,46193.27545,331291.51,23225.17473
2016-11-29 12:44:59,96.29032258,1162.112541,26.07000027,1036.934915,24.525,24.33999939,46179.79875,329606.6834,23214.28571
2016-11-29 12:50:00,91.93548387,1055.522712,26.04500017,1036.874127,24.53,24.38499956,45861.94736,326975.977,23187.48334
2016-11-29 12:55:00,97.25806452,996.4794869,26.16000061,1036.814847,24.585,24.31999931,45854.06498,325813.3801,23171.28988
2016-11-29 13:00:00,96.29032258,915.5755055,26.19000072,1036.810325,24.57,24.32499933,45833.78124,323586.8055,23122.91956
2016-11-29 13:05:00,96.29032258,781.5385675,26.18500071,1036.846999,24.755,24.38499956,45861.08541,320811.4989,23053.39806
2016-11-29 13:10:01,94.03225806,776.4334865,26.18000069,1036.848506,24.83,24.39999962,46138.82403,318360.1747,23000
2016-11-29 13:15:01,95.16129032,889.4420831,26.03500013,1036.784704,24.87,24.5250001,46295.80824,318425.0413,23016.01942
2016-11-29 13:20:01,124.8387097,944.6907671,26.07000027,1036.707338,24.7,24.58000031,45928.85212,317681.5603,23074.89598
2016-11-29 13:25:01,120.9677419,983.5016925,26.08500032,1036.634493,24.8,24.54000015,45802.1884,316260.9927,23064.14702
2016-11-29 13:30:02,98.5483871,1037.444041,26.02000008,1036.582748,24.785,24.58000031,45621.04298,316503.2277,23053.39806
2016-11-29 13:35:02,96.12903226,969.4056256,26,1036.529496,24.62,24.56000023,45226.46105,316933.2752,23026.69903
2016-11-29 13:40:02,90.96774194,901.9221985,26.1050004,1036.456149,24.575,24.41999969,45093.13094,314414.1937,23032.24488
2016-11-29 13:45:02,96.61290323,766.7463857,26.09500036,1036.377778,24.47,24.34999943,43122.61493,304801.4433,22725.77539
2016-11-29 13:50:03,94.83870968,819.1259877,26.08500032,1036.358688,24.34,24.31999931,42614.41075,295810.8597,22461.19944
2016-11-29 13:55:03,96.12903226,666.5875583,26.18500071,1036.307445,24.3,24.21000061,42965.48518,289824.8848,22165.02353
2016-11-29 14:00:03,95.48387097,468.8953064,26.28499947,1036.314479,24.425,24.06500025,43238.61833,297177.3273,22079.20767
2016-11-29 14:05:04,90,269.6892254,26.46499968,1036.248165,24.585,23.86999989,43263.76729,289946.7993,21785.58579
2016-11-29 14:10:04,90,225.0323381,27.31499996,1036.178334,24.975,23.07999983,43495.97942,293062.9785,21677.07912
2016-11-29 14:15:04,95.80645161,448.733364,27.38500004,1036.110011,24.69,23.00999985,43939.11229,293594.694,22018.98293
2016-11-29 14:20:04,98.06451613,243.8838618,27.35999994,1036.064295,24.71,23.15999994,44303.9918,302892.66,22079.17645
2016-11-29 14:25:05,95.64516129,237.2328116,27.54500017,1036.05073,24.815,22.89999962,44884.38551,308646.2669,22225.62645
2016-11-29 14:30:05,92.25806452,227.454262,27.53500013,1036.009535,24.94,22.93999977,45478.2045,311333.8423,22332.89096
2016-11-29 14:35:05,92.25806452,299.0919487,27.38499956,1036.044702,24.77,23.09000034,45305.6153,317193.5464,22710.32833
2016-11-29 14:40:05,93.22580645,452.3501378,27.11500044,1036.065802,24.615,23.33499985,45318.59083,320695.5858,23027.04376
2016-11-29 14:45:06,95.16129032,663.2375971,26.77000017,1036.032645,24.39,23.3499999,45807.22782,317620.794,23192.78779
2016-11-29 14:50:06,96.29032258,427.7298823,26.73000031,1036.000493,24.385,23.5,45391.83313,321088.4669,23236.02872
2016-11-29 14:55:06,92.58064516,358.8365957,26.84999943,1035.930662,24.455,23.46499987,45800.52894,318099.741,23080.09709
2016-11-29 15:00:06,150.1612903,272.6555204,27.13000031,1035.895496,24.7,23.55500021,46146.03865,318941.3659,23064.76849
2016-11-29 15:05:07,92.74193548,259.7666028,27.41999969,1035.874396,24.905,23.29499979,46111.5712,313003.2128,22814.88619
2016-11-29 15:10:07,98.70967742,327.1655969,27.42999973,1035.882434,24.775,23.21500053,45962.69649,313448.3711,22926.09857
2016-11-29 15:15:07,93.06451613,330.7919071,27.30499926,1035.915089,24.725,23.37499952,46125.50987,305187.3205,22846.65097
2016-11-29 15:20:07,94.03225806,893.2742079,27.19499998,1035.9598,24.67,23.43999977,46023.71041,308845.6371,22936.64181
2016-11-29 15:25:08,95.96774194,1659.064246,26.8449995,1035.898008,24.305,23.4749999,46200.97982,302943.5467,22989.45775
2016-11-29 15:30:08,92.41935484,1843.928097,26.61000032,1035.899515,24.185,23.71999979,46570.50419,297312.3018,22872.83853
2016-11-29 15:35:08,95.64516129,2124.566933,26.35499954,1035.834708,24.105,23.96999989,46625.8919,298750.4478,22767.6115
2016-11-29 15:40:08,90,2299.638802,26.19500074,1035.821144,23.83,24.08000031,46343.80841,308282.0449,22920.89546
2016-11-29 15:45:09,94.67741935,2422.677456,26.06500025,1035.82667,23.735,24.20000076,46098.2572,311339.7995,23058.84189
2016-11-29 15:50:09,96.93548387,2460.835273,25.95999985,1035.812101,23.76,24.1050004,46268.58269,313040.72,23133.94659
2016-11-29 15:55:09,92.58064516,2144.502372,25.84499941,1035.776935,23.695,24.04000015,46426.28079,311715.27,23187.51835
2016-11-29 16:00:09,97.74193548,2464.547912,25.83999939,1035.723683,23.745,24.05500021,47281.62343,300320.5634,22957.6933
2016-11-29 16:05:10,93.87096774,3522.726052,25.79999943,1035.670933,23.7,24.11000042,47613.27088,295890.909,22762.34004
2016-11-29 16:10:10,102.5806452,4372.139161,25.68500071,1035.664904,23.67,24.24000015,47542.4029,300074.4789,22709.9283
2016-11-29 16:15:10,99.67741935,5258.923929,25.69000072,1035.542324,23.59,24.20000076,47478.70826,300263.6542,22678.60174
2016-11-29 16:20:10,94.67741935,6545.046337,25.6050004,1035.52876,23.58,24.26999979,47479.05326,297484.2364,22543.4513
2016-11-29 16:25:11,95.48387097,8366.389166,25.57500029,1035.511177,23.435,24.31999931,47416.65118,296719.0437,22450.49729
2016-11-29 16:30:11,97.74193548,11038.4671,25.48499994,1035.509167,23.46,24.38999958,47393.66714,298843.4558,22368.34392
2016-11-29 16:35:11,155.483871,15155.7388,25.40499964,1035.496608,23.495,24.4749999,47281.54048,297839.1114,22368.66844
2016-11-29 16:40:12,104.0322581,22088.20416,25.33499937,1035.477015,23.25,24.51500006,47009.06409,303893.9447,22348.43718
2016-11-29 16:45:12,96.77419355,34605.80936,25.21000023,1035.441346,23.3,24.63500013,46932.08032,308156.5452,22543.64863
2016-11-29 16:50:12,100.9677419,59874.53338,25.03500013,1035.390104,23.41,24.81499939,47380.20948,301270.9734,22424.83683
2016-11-29 16:55:12,92.58064516,117095.4839,25.08000031,1035.41472,23.375,24.77999973,47436.15863,299480.7496,22383.75984
2016-11-29 17:00:13,91.29032258,255518.5771,25,1035.433308,23.365,24.83499937,47386.72409,298011.1518,22301.93068
2016-11-29 17:05:13,98.5483871,573918.2654,24.93499975,1035.39764,23.265,24.92999973,47514.54531,293328.5213,22114.40975
2016-11-29 17:10:13,94.03225806,1169531.548,24.90999966,1035.470484,23.21,24.93499975,47210.78965,297027.6683,22079.11313
2016-11-29 17:15:13,97.58064516,2368475,25,1035.507158,23.06,24.79999924,47155.15251,295669.9721,22008.83621
2016-11-29 17:20:14,95.16129032,4337750,25.08000031,1035.483546,23.325,24.75999985,46439.92035,299428.6262,21978.80277
2016-11-29 17:25:14,98.87096774,7151000,25.17000065,1035.426275,23.48,24.70000048,45883.49507,296727.1141,21874.26215
2016-11-29 17:30:14,99.51612903,10220000,25.19500074,1035.43582,23.675,24.64000053,45022.55513,298787.3637,21819.67261
2016-11-29 17:35:14,97.09677419,10220000,25.18500042,1035.411706,23.895,24.65500059,45056.92251,304411.8445,21874.16936
2016-11-29 17:40:15,99.67741935,10220000,25.3749999,1035.331828,24.085,24.48999996,46416.16468,305854.6534,21879.11799
2016-11-29 17:45:15,95,10220000,25.59500036,1035.320776,24.27,24.32499933,47393.954,308511.574,21948.83178
2016-11-29 17:50:15,98.70967742,10220000,25.66000052,1035.347904,24.4,24.20500069,47422.1868,308270.4933,21978.77155
2016-11-29 17:55:15,98.87096774,10220000,25.8199995,1035.35544,24.525,24.12500048,47168.81217,312730.5478,22109.33565
2016-11-29 18:00:16,90.96774194,10220000,25.89999962,1035.410199,24.575,24.09500036,47168.5845,312791.9078,22164.76903
2016-11-29 18:05:16,97.74193548,10220000,25.96999989,1035.417735,24.665,24.28499975,47182.84249,314697.2498,22240.84876
2016-12-06 23:38:45,110.1612903,9452750,25.85999947,1032.796831,24.61,23.81499929,40810.89253,337171.368,29759.16207
2016-12-06 23:43:45,109.3548387,10220000,25.87999954,1032.754631,24.645,23.88999958,40787.74067,338758.1078,29797.73324
2016-12-06 23:48:45,113.7096774,10220000,25.92999973,1032.740565,24.67,23.98999996,40799.28465,339229.9691,29705.28296
2016-12-06 23:53:46,145.6451613,9708500,25.96499987,1032.762669,24.67,24.07500029,40770.48847,340305.6207,29821.54101
2016-12-06 23:58:46,102.0967742,10220000,25.93499975,1032.717958,24.635,23.96999989,40799.41233,338162.2651,29658.87702
2016-12-07 0:03:46,97.58064516,10220000,25.88999958,1032.674251,24.51,23.87999954,40730.16915,339820.2039,29774.59053
2016-12-07 0:08:46,100.9677419,10220000,25.81999931,1032.672744,24.515,23.94499979,40764.75896,341353.1155,29805.44747
2016-12-07 0:13:47,97.09677419,10220000,25.80999928,1032.629539,24.5,23.98499994,40787.91082,341286.1798,29805.44747
2016-12-07 0:18:47,98.06451613,10220000,25.80499926,1032.449688,24.42,24,40465.94475,340952.5181,29805.44747
2016-12-07 0:23:47,98.38709677,10220000,25.79999924,1032.273354,24.295,23.94999981,40311.59677,340619.3654,29805.44747
2016-12-07 0:28:48,96.93548387,10220000,25.81499929,1032.248737,24.275,23.87499952,40317.28472,339887.8944,29797.73324
2016-12-07 0:33:48,98.38709677,10220000,25.79999924,1032.159314,24.165,23.90999966,40397.12451,336911.6519,29643.7464
2016-12-07 0:38:48,96.61290323,10220000,25.66000023,1032.022165,24.315,24.0749999,40551.70237,336450.91,29551.65215
2016-12-07 0:43:48,99.19354839,10220000,25.53500013,1031.971927,24.2,24.24499969,40678.15745,337306.9622,29651.16279
2016-12-07 0:48:49,97.74193548,10220000,25.61000042,1031.953339,24.105,24.1050004,40782.07529,335659.283,29635.85346
2016-12-07 0:53:49,98.06451613,10220000,25.75,1031.87748,23.995,24,40973.29764,333046.7058,29551.65215
2016-12-07 0:58:49,97.58064516,10220000,25.77999954,1031.825233,23.925,23.89999962,41072.27699,330638.9482,29475.28215
2016-12-07 1:03:49,98.87096774,10220000,25.67000055,1031.802123,23.975,23.98499994,41136.56229,330573.2749,29490.47372
2016-12-07 1:08:50,105,10220000,25.55500021,1031.790569,24.01,24.12000017,41113.19566,334290.1521,29566.96148
2016-12-07 1:13:50,99.83870968,10220000,25.41499968,1031.771981,24.015,24.30999975,41277.10903,339092.5143,29782.30477
2016-12-07 1:18:50,104.6774194,10220000,25.38999958,1031.790569,23.88,24.26999969,41294.7045,340487.5244,29875.41798
2016-12-07 1:23:50,99.83870968,10220000,25.35499945,1031.576556,23.94,24.27999964,41371.16218,341089.9251,29953.163
2016-12-07 1:28:51,164.516129,10220000,25.40999966,1031.493664,23.825,24.26499977,41442.06914,342041.8132,30008.37864
2016-12-07 1:33:51,105.6451613,10220000,25.35999947,1031.524309,23.81,24.21500006,41418.30907,341353.8805,29992.27941
2016-12-07 1:38:51,105.3225806,10220000,25.38999958,1031.643874,23.69,24.21000032,41702.68786,338430.4923,30000.11489
2016-12-07 1:43:51,97.25806452,10220000,25.26999998,1031.732795,23.64,24.36499996,41708.83365,337705.2976,29945.3885
2016-12-07 1:48:52,97.90322581,10220000,25.24999981,1031.732293,23.52,24.44999981,41714.57934,336383.4911,29875.41798
2016-12-07 1:53:52,97.09677419,10220000,24.96999989,1031.654927,23.36,24.87499981,41815.90185,337237.5445,29836.54548
2016-12-07 1:58:52,102.4193548,10220000,24.79499998,1031.754398,23.24,25.03500013,41792.02982,337966.7409,29898.74149
2016-12-07 2:03:52,104.8387097,10220000,25.0250001,1031.82674,23.38,24.73500023,41708.61133,335526.441,29813.22197
2016-12-07 2:08:53,101.7741935,10220000,25.16500063,1031.932239,23.43,24.51000004,41536.49469,337307.7198,29820.99647
2016-12-07 2:13:53,101.9354839,10220000,25.18500071,1031.985491,23.405,24.4749999,41560.16704,337242.287,29813.22197
2016-12-07 2:18:53,103.5483871,10220000,25.15500059,1031.968913,23.34,24.53500013,41489.37006,337307.9715,29805.44747
2016-12-07 2:23:53,104.0322581,10220000,25.25499992,1031.929727,23.415,24.31499949,41253.65565,336186.1943,29790.019
2016-12-07 2:28:54,99.83870968,10220000,25.29999924,1031.900087,23.435,24.25999985,41177.52427,333889.1868,29651.16279
2016-12-07 2:33:54,98.22580645,10220000,25.29999924,1031.942789,23.395,24.30499935,41165.96054,334413.3755,29666.59126
2016-12-07 2:38:54,100.483871,10220000,25.29999924,1031.994534,23.39,24.24000015,40950.01739,335591.6139,29658.87702
2016-12-07 2:43:54,95.96774194,10220000,25.29999924,1031.981472,23.44,24.29999924,41031.42329,334869.4102,29651.16279
2016-12-07 2:48:55,101.2903226,10220000,25.25499992,1031.987501,23.365,24.28999929,40926.75857,336317.063,29682.01973
2016-12-07 2:53:55,96.93548387,10220000,25.20000076,1032.028696,23.4,24.28999958,40834.02309,337569.1774,29774.59053
2016-12-07 2:58:55,100.3225806,10220000,25.19500074,1031.998553,23.475,24.30499926,40822.43651,336842.7346,29805.44747
2016-12-07 3:03:55,118.5483871,10220000,25.14000053,1031.903604,23.35,24.38999958,40834.04451,338370.6269,29821.17799
2016-12-07 3:08:56,141.9354839,10220000,25.1300005,1031.893054,23.35,24.35499945,40729.99946,339838.7655,29914.65707
2016-12-07 3:13:56,100.483871,10220000,25.19000072,1031.80765,23.35,24.29999924,40678.07272,338097.0908,29852.09448
2016-12-07 3:18:56,102.2580645,10220000,25.13500052,1031.790066,23.39,24.32499933,40683.82353,337964.9895,29867.64348
2016-12-07 3:23:56,99.03225806,10220000,25.10000038,1031.686577,23.315,24.37499952,40580.30896,337898.3127,29929.83949
2016-12-07 3:28:57,98.87096774,10220000,25.10000038,1031.437397,23.285,24.38499956,40563.11973,337700.5324,29922.06499
2016-12-07 3:33:57,94.83870968,10220000,25.11000042,1031.319841,23.23,24.35999947,40523.01152,337370.1462,29945.3885
2016-12-07 3:38:57,99.83870968,10220000,25.10000038,1031.177668,23.195,24.33999939,40511.5099,336380.2484,29929.83949
2016-12-07 3:43:57,99.19354839,10220000,25.08000031,1031.080709,23.17,24.39999962,40534.44982,337175.374,29953.163
2016-12-07 3:48:58,97.90322581,10220000,25.10000038,1030.941551,23.125,24.36499949,40477.13143,336843.2265,29960.9375
2016-12-07 3:53:58,99.03225806,10220000,25.08000031,1030.774761,23.11,24.39999962,40448.56651,336514.0926,29960.9375
2016-12-07 3:58:58,97.58064516,10220000,25.05000019,1030.693879,23.155,24.39999962,40340.03656,334344.9783,29852.09448
2016-12-07 4:03:59,101.4516129,10220000,25.03000011,1030.67931,23.075,24.39999962,40397.12451,334805.2141,29922.06499
2016-12-07 4:08:59,95.80645161,10220000,25.08000031,1030.660722,23.07,24.37499952,40300.26252,332388.2087,29828.77098
2016-12-07 4:13:59,100,10220000,25.03500013,1030.595413,23.035,24.38999958,40237.67401,331804.4674,29790.019
2016-12-07 4:18:59,100.9677419,10220000,25.03000011,1030.594408,23.07,24.39999962,40152.60327,331412.1559,29766.8763
2016-12-07 4:24:00,98.87096774,10220000,25.00500002,1030.60546,23.01,24.39999962,40129.93432,329343.0648,29658.87702
2016-12-07 4:29:00,99.83870968,10220000,25,1030.574313,23,24.39999962,40073.40619,327733.8471,29612.88947
2016-12-07 4:34:00,102.9032258,10220000,25,1030.505487,22.965,24.39999962,40073.40619,326451.2377,29513.37883
2016-12-07 4:39:00,104.1935484,10220000,24.98999996,1030.413552,23,24.39999962,40033.96177,325685.679,29437.30324
2016-12-07 4:44:01,150.6451613,10220000,24.98499994,1030.363816,22.94,24.39999962,40090.3873,329494.991,29605.59222
2016-12-07 4:49:01,105.1612903,10220000,24.99499998,1030.343721,22.92,24.39999962,39893.14422,324033.6649,29346.15385
2016-12-07 4:54:01,99.67741935,10220000,24.98999996,1030.322119,22.95,24.39999962,39921.23412,323776.8484,29278.31565
2016-12-07 4:59:01,97.25806452,10220000,24.98499994,1030.2759,22.9,24.42499971,40005.72861,325432.1486,29285.85323
2016-12-07 5:04:02,98.70967742,10220000,25,1030.266858,22.9,24.43499975,39926.86025,323141.3626,29195.4023
2016-12-07 5:09:02,100.6451613,10220000,24.96999989,1030.169899,22.9,24.40999966,39915.60799,323204.394,29135.56199
2016-12-07 5:14:02,96.77419355,10220000,24.93499975,1030.040788,22.9,24.5,39898.852,322765.2973,29098.1618
2016-12-07 5:19:02,99.83870968,10220000,24.93499975,1030.050835,22.9,24.5,39943.75904,322888.3001,29045.80153
2016-12-07 5:24:03,97.25806452,10220000,24.93499975,1030.035764,22.915,24.5,39977.53645,323398.426,29016.1089
2016-12-07 5:29:03,101.2903226,10220000,24.90499964,1030.07093,22.9,24.50500002,39971.86933,322825.969,28956.72365
2016-12-07 5:34:03,101.6129032,10220000,24.92499971,1030.004617,22.875,24.5,39949.36479,323394.8929,28986.41628
2016-12-07 5:39:03,100.483871,10220000,24.92999973,1030.018181,22.89,24.51000004,39865.05431,322318.6667,28919.60787
2016-12-07 5:44:04,101.9354839,10220000,24.89999962,1029.987033,22.865,24.58000031,39831.50124,321566.4906,28838.40304
2016-12-07 5:49:04,99.35483871,10220000,24.89999962,1029.928255,22.89,24.57000027,39758.66671,320615.862,28750
2016-12-07 5:54:04,101.6129032,10220000,24.89999962,1029.892586,22.85,24.59000034,39786.67519,321189.2143,28764.78944
2016-12-07 5:59:04,103.2258065,10220000,24.89999962,1029.925743,22.85,24.57000027,39753.08124,320366.7549,28684.19811
2016-12-07 6:04:05,99.35483871,10220000,24.85499945,1029.89761,22.845,24.59500036,39797.78532,321625.7823,28728.06604
2016-12-07 6:09:05,101.7741935,10220000,24.8949996,1029.860937,22.8,24.60000038,39741.84946,321689.2763,28698.82075
2016-12-07 6:14:05,106.7741935,10220000,24.87999954,1029.84486,22.8,24.60000038,39697.16566,319674.3383,28603.77358
2016-12-07 6:19:05,133.5483871,10220000,24.84499941,1029.819239,22.8,24.61500044,39641.39156,320186.0511,28596.68215
2016-12-07 6:24:06,135,10220000,24.83499937,1029.70118,22.82,24.63500052,39686.01487,318685.762,28531.59616
2016-12-07 6:29:06,108.5483871,10220000,24.83999939,1029.696157,22.815,24.65500059,39674.98551,318863.0129,28458.8103
2016-12-07 6:34:06,101.4516129,10220000,24.8699995,1029.711228,22.805,24.67000065,39557.9921,317673.3006,28372.22269
2016-12-07 6:39:06,97.09677419,10220000,24.84499941,1029.645919,22.8,24.64500055,39619.13031,317550.6972,28336.21272
2016-12-07 6:44:07,104.0322581,10220000,24.82999935,1029.616279,22.8,24.6300005,39613.60533,317051.2918,28293.162
